date	location	variant	median_R_forecast	R_forecast_upper_95	R_forecast_lower_95	R_forecast_upper_80	R_forecast_lower_80	R_forecast_upper_50	R_forecast_lower_50	median_freq
2022-12-25	Australia	clade 21L	0.8286871	0.9286062	0.7345595	0.89535517	0.7650155	0.86312604	0.7945297	0.003363185
2022-12-26	Australia	clade 21L	0.8286871	0.9286062	0.7345595	0.89535517	0.7650155	0.86312604	0.7945297	0.003199026
2022-12-27	Australia	clade 21L	0.8286871	0.9286062	0.7345595	0.89535517	0.7650155	0.86312604	0.7945297	0.0030415198
2022-12-28	Australia	clade 21L	0.8286871	0.9286062	0.7345595	0.89535517	0.7650155	0.86312604	0.7945297	0.0028946907
2022-12-29	Australia	clade 21L	0.8286871	0.9286062	0.7345595	0.89535517	0.7650155	0.86312604	0.7945297	0.0027516908
2022-12-30	Australia	clade 21L	0.8286871	0.9286062	0.7345595	0.89535517	0.7650155	0.86312604	0.7945297	0.0026140558
2022-12-31	Australia	clade 21L	0.8286871	0.9286062	0.7345595	0.89535517	0.7650155	0.86312604	0.7945297	0.002483809
2022-12-25	Australia	clade 22A	0.7589039	0.8504628	0.67509204	0.819437	0.70455253	0.7896881	0.7292722	0.0018698598
2022-12-26	Australia	clade 22A	0.7589039	0.8504628	0.67509204	0.819437	0.70455253	0.7896881	0.7292722	0.0017416724
2022-12-27	Australia	clade 22A	0.7589039	0.8504628	0.67509204	0.819437	0.70455253	0.7896881	0.7292722	0.0016209339
2022-12-28	Australia	clade 22A	0.7589039	0.8504628	0.67509204	0.819437	0.70455253	0.7896881	0.7292722	0.001509229
2022-12-29	Australia	clade 22A	0.7589039	0.8504628	0.67509204	0.819437	0.70455253	0.7896881	0.7292722	0.0014047918
2022-12-30	Australia	clade 22A	0.7589039	0.8504628	0.67509204	0.819437	0.70455253	0.7896881	0.7292722	0.0013058446
2022-12-31	Australia	clade 22A	0.7589039	0.8504628	0.67509204	0.819437	0.70455253	0.7896881	0.7292722	0.0012148232
2022-12-25	Australia	clade 22B	0.7827816	0.8757336	0.69532853	0.8448767	0.72581434	0.8135404	0.75204813	0.040109448
2022-12-26	Australia	clade 22B	0.7827816	0.8757336	0.69532853	0.8448767	0.72581434	0.8135404	0.75204813	0.037649434
2022-12-27	Australia	clade 22B	0.7827816	0.8757336	0.69532853	0.8448767	0.72581434	0.8135404	0.75204813	0.035338983
2022-12-28	Australia	clade 22B	0.7827816	0.8757336	0.69532853	0.8448767	0.72581434	0.8135404	0.75204813	0.033148352
2022-12-29	Australia	clade 22B	0.7827816	0.8757336	0.69532853	0.8448767	0.72581434	0.8135404	0.75204813	0.031082172
2022-12-30	Australia	clade 22B	0.7827816	0.8757336	0.69532853	0.8448767	0.72581434	0.8135404	0.75204813	0.029126687
2022-12-31	Australia	clade 22B	0.7827816	0.8757336	0.69532853	0.8448767	0.72581434	0.8135404	0.75204813	0.027289417
2022-12-25	Australia	clade 22C	0.60683054	0.6997656	0.5237611	0.66479	0.55239975	0.63747156	0.579033	4.0811308e-08
2022-12-26	Australia	clade 22C	0.60683054	0.6997656	0.5237611	0.66479	0.55239975	0.63747156	0.579033	3.6027817e-08
2022-12-27	Australia	clade 22C	0.60683054	0.6997656	0.5237611	0.66479	0.55239975	0.63747156	0.579033	3.166069e-08
2022-12-28	Australia	clade 22C	0.60683054	0.6997656	0.5237611	0.66479	0.55239975	0.63747156	0.579033	2.7920922e-08
2022-12-29	Australia	clade 22C	0.60683054	0.6997656	0.5237611	0.66479	0.55239975	0.63747156	0.579033	2.46132e-08
2022-12-30	Australia	clade 22C	0.60683054	0.6997656	0.5237611	0.66479	0.55239975	0.63747156	0.579033	2.1708269e-08
2022-12-31	Australia	clade 22C	0.60683054	0.6997656	0.5237611	0.66479	0.55239975	0.63747156	0.579033	1.9111098e-08
2022-12-25	Australia	clade 22D	1.0022179	1.1217448	0.8932776	1.078888	0.930052	1.0418066	0.96292925	0.40299016
2022-12-26	Australia	clade 22D	1.0022179	1.1217448	0.8932776	1.078888	0.930052	1.0418066	0.96292925	0.4026499
2022-12-27	Australia	clade 22D	1.0022179	1.1217448	0.8932776	1.078888	0.930052	1.0418066	0.96292925	0.4021013
2022-12-28	Australia	clade 22D	1.0022179	1.1217448	0.8932776	1.078888	0.930052	1.0418066	0.96292925	0.4015224
2022-12-29	Australia	clade 22D	1.0022179	1.1217448	0.8932776	1.078888	0.930052	1.0418066	0.96292925	0.40063706
2022-12-30	Australia	clade 22D	1.0022179	1.1217448	0.8932776	1.078888	0.930052	1.0418066	0.96292925	0.39957187
2022-12-31	Australia	clade 22D	1.0022179	1.1217448	0.8932776	1.078888	0.930052	1.0418066	0.96292925	0.39855024
2022-12-25	Australia	clade 22E	0.9807044	1.0966303	0.8730915	1.0548292	0.90953934	1.0186236	0.94256973	0.22646819
2022-12-26	Australia	clade 22E	0.9807044	1.0966303	0.8730915	1.0548292	0.90953934	1.0186236	0.94256973	0.22490093
2022-12-27	Australia	clade 22E	0.9807044	1.0966303	0.8730915	1.0548292	0.90953934	1.0186236	0.94256973	0.22329554
2022-12-28	Australia	clade 22E	0.9807044	1.0966303	0.8730915	1.0548292	0.90953934	1.0186236	0.94256973	0.22160566
2022-12-29	Australia	clade 22E	0.9807044	1.0966303	0.8730915	1.0548292	0.90953934	1.0186236	0.94256973	0.21985787
2022-12-30	Australia	clade 22E	0.9807044	1.0966303	0.8730915	1.0548292	0.90953934	1.0186236	0.94256973	0.21814674
2022-12-31	Australia	clade 22E	0.9807044	1.0966303	0.8730915	1.0548292	0.90953934	1.0186236	0.94256973	0.21634492
2022-12-25	Australia	clade 22F	0.9224993	1.0332512	0.8207209	0.99568844	0.8558524	0.9592965	0.8863258	0.032045078
2022-12-26	Australia	clade 22F	0.9224993	1.0332512	0.8207209	0.99568844	0.8558524	0.9592965	0.8863258	0.03133408
2022-12-27	Australia	clade 22F	0.9224993	1.0332512	0.8207209	0.99568844	0.8558524	0.9592965	0.8863258	0.030630844
2022-12-28	Australia	clade 22F	0.9224993	1.0332512	0.8207209	0.99568844	0.8558524	0.9592965	0.8863258	0.029926669
2022-12-29	Australia	clade 22F	0.9224993	1.0332512	0.8207209	0.99568844	0.8558524	0.9592965	0.8863258	0.029242527
2022-12-30	Australia	clade 22F	0.9224993	1.0332512	0.8207209	0.99568844	0.8558524	0.9592965	0.8863258	0.028546972
2022-12-31	Australia	clade 22F	0.9224993	1.0332512	0.8207209	0.99568844	0.8558524	0.9592965	0.8863258	0.027857069
2022-12-25	Australia	lineage BA.2.3.20	0.8759119	0.97932094	0.7802111	0.9452101	0.81112665	0.91047317	0.84022975	0.005049931
2022-12-26	Australia	lineage BA.2.3.20	0.8759119	0.97932094	0.7802111	0.9452101	0.81112665	0.91047317	0.84022975	0.004865921
2022-12-27	Australia	lineage BA.2.3.20	0.8759119	0.97932094	0.7802111	0.9452101	0.81112665	0.91047317	0.84022975	0.0046926783
2022-12-28	Australia	lineage BA.2.3.20	0.8759119	0.97932094	0.7802111	0.9452101	0.81112665	0.91047317	0.84022975	0.004524104
2022-12-29	Australia	lineage BA.2.3.20	0.8759119	0.97932094	0.7802111	0.9452101	0.81112665	0.91047317	0.84022975	0.0043609836
2022-12-30	Australia	lineage BA.2.3.20	0.8759119	0.97932094	0.7802111	0.9452101	0.81112665	0.91047317	0.84022975	0.004201398
2022-12-31	Australia	lineage BA.2.3.20	0.8759119	0.97932094	0.7802111	0.9452101	0.81112665	0.91047317	0.84022975	0.004048911
2022-12-25	Australia	lineage XBB.1.5	0.92723656	1.8942134	0.46921268	1.4738573	0.5961472	1.1773212	0.7253647	0.00085345784
2022-12-26	Australia	lineage XBB.1.5	0.92723656	1.8942134	0.46921268	1.4738573	0.5961472	1.1773212	0.7253647	0.00082271744
2022-12-27	Australia	lineage XBB.1.5	0.92723656	1.8942134	0.46921268	1.4738573	0.5961472	1.1773212	0.7253647	0.0008029152
2022-12-28	Australia	lineage XBB.1.5	0.92723656	1.8942134	0.46921268	1.4738573	0.5961472	1.1773212	0.7253647	0.00079013023
2022-12-29	Australia	lineage XBB.1.5	0.92723656	1.8942134	0.46921268	1.4738573	0.5961472	1.1773212	0.7253647	0.00077572255
2022-12-30	Australia	lineage XBB.1.5	0.92723656	1.8942134	0.46921268	1.4738573	0.5961472	1.1773212	0.7253647	0.00076455466
2022-12-31	Australia	lineage XBB.1.5	0.92723656	1.8942134	0.46921268	1.4738573	0.5961472	1.1773212	0.7253647	0.0007449242
2022-12-25	Australia	other	1.0803981	1.2091722	0.96213466	1.1641084	1.0033449	1.1227683	1.0393484	0.2825609
2022-12-26	Australia	other	1.0803981	1.2091722	0.96213466	1.1641084	1.0033449	1.1227683	1.0393484	0.28771898
2022-12-27	Australia	other	1.0803981	1.2091722	0.96213466	1.1641084	1.0033449	1.1227683	1.0393484	0.2929149
2022-12-28	Australia	other	1.0803981	1.2091722	0.96213466	1.1641084	1.0033449	1.1227683	1.0393484	0.29815125
2022-12-29	Australia	other	1.0803981	1.2091722	0.96213466	1.1641084	1.0033449	1.1227683	1.0393484	0.3033012
2022-12-30	Australia	other	1.0803981	1.2091722	0.96213466	1.1641084	1.0033449	1.1227683	1.0393484	0.30855453
2022-12-31	Australia	other	1.0803981	1.2091722	0.96213466	1.1641084	1.0033449	1.1227683	1.0393484	0.31373352
2022-12-25	Austria	clade 21L	0.83857673	0.94185567	0.7429076	0.903596	0.77529734	0.8721792	0.8050881	0.0029338659
2022-12-26	Austria	clade 21L	0.83857673	0.94185567	0.7429076	0.903596	0.77529734	0.8721792	0.8050881	0.0028023832
2022-12-27	Austria	clade 21L	0.83857673	0.94185567	0.7429076	0.903596	0.77529734	0.8721792	0.8050881	0.0026757396
2022-12-28	Austria	clade 21L	0.83857673	0.94185567	0.7429076	0.903596	0.77529734	0.8721792	0.8050881	0.0025502937
2022-12-29	Austria	clade 21L	0.83857673	0.94185567	0.7429076	0.903596	0.77529734	0.8721792	0.8050881	0.0024282995
2022-12-30	Austria	clade 21L	0.83857673	0.94185567	0.7429076	0.903596	0.77529734	0.8721792	0.8050881	0.00231657
2022-12-31	Austria	clade 21L	0.83857673	0.94185567	0.7429076	0.903596	0.77529734	0.8721792	0.8050881	0.0022099153
2022-12-25	Austria	clade 22A	0.8604412	0.96952826	0.7617158	0.9245815	0.7936157	0.89357054	0.8254106	0.003728331
2022-12-26	Austria	clade 22A	0.8604412	0.96952826	0.7617158	0.9245815	0.7936157	0.89357054	0.8254106	0.003583352
2022-12-27	Austria	clade 22A	0.8604412	0.96952826	0.7617158	0.9245815	0.7936157	0.89357054	0.8254106	0.0034422807
2022-12-28	Austria	clade 22A	0.8604412	0.96952826	0.7617158	0.9245815	0.7936157	0.89357054	0.8254106	0.0033011385
2022-12-29	Austria	clade 22A	0.8604412	0.96952826	0.7617158	0.9245815	0.7936157	0.89357054	0.8254106	0.0031683538
2022-12-30	Austria	clade 22A	0.8604412	0.96952826	0.7617158	0.9245815	0.7936157	0.89357054	0.8254106	0.0030353505
2022-12-31	Austria	clade 22A	0.8604412	0.96952826	0.7617158	0.9245815	0.7936157	0.89357054	0.8254106	0.0029059951
2022-12-25	Austria	clade 22B	0.9058306	1.0143794	0.803635	0.97395575	0.83927375	0.9408654	0.87147266	0.30521312
2022-12-26	Austria	clade 22B	0.9058306	1.0143794	0.803635	0.97395575	0.83927375	0.9408654	0.87147266	0.29735863
2022-12-27	Austria	clade 22B	0.9058306	1.0143794	0.803635	0.97395575	0.83927375	0.9408654	0.87147266	0.28960913
2022-12-28	Austria	clade 22B	0.9058306	1.0143794	0.803635	0.97395575	0.83927375	0.9408654	0.87147266	0.28177553
2022-12-29	Austria	clade 22B	0.9058306	1.0143794	0.803635	0.97395575	0.83927375	0.9408654	0.87147266	0.2740118
2022-12-30	Austria	clade 22B	0.9058306	1.0143794	0.803635	0.97395575	0.83927375	0.9408654	0.87147266	0.2663712
2022-12-31	Austria	clade 22B	0.9058306	1.0143794	0.803635	0.97395575	0.83927375	0.9408654	0.87147266	0.2588585
2022-12-25	Austria	clade 22C	0.6069464	0.7566578	0.48949817	0.697638	0.5268997	0.6550306	0.5646867	1.490336e-08
2022-12-26	Austria	clade 22C	0.6069464	0.7566578	0.48949817	0.697638	0.5268997	0.6550306	0.5646867	1.3162173e-08
2022-12-27	Austria	clade 22C	0.6069464	0.7566578	0.48949817	0.697638	0.5268997	0.6550306	0.5646867	1.16087095e-08
2022-12-28	Austria	clade 22C	0.6069464	0.7566578	0.48949817	0.697638	0.5268997	0.6550306	0.5646867	1.01670405e-08
2022-12-29	Austria	clade 22C	0.6069464	0.7566578	0.48949817	0.697638	0.5268997	0.6550306	0.5646867	8.913513e-09
2022-12-30	Austria	clade 22C	0.6069464	0.7566578	0.48949817	0.697638	0.5268997	0.6550306	0.5646867	7.796599e-09
2022-12-31	Austria	clade 22C	0.6069464	0.7566578	0.48949817	0.697638	0.5268997	0.6550306	0.5646867	6.8445365e-09
2022-12-25	Austria	clade 22D	0.92765546	1.0428754	0.82401186	0.9983954	0.85994875	0.9638179	0.8917063	0.09787877
2022-12-26	Austria	clade 22D	0.92765546	1.0428754	0.82401186	0.9983954	0.85994875	0.9638179	0.8917063	0.09589359
2022-12-27	Austria	clade 22D	0.92765546	1.0428754	0.82401186	0.9983954	0.85994875	0.9638179	0.8917063	0.093906805
2022-12-28	Austria	clade 22D	0.92765546	1.0428754	0.82401186	0.9983954	0.85994875	0.9638179	0.8917063	0.09199266
2022-12-29	Austria	clade 22D	0.92765546	1.0428754	0.82401186	0.9983954	0.85994875	0.9638179	0.8917063	0.09
2022-12-30	Austria	clade 22D	0.92765546	1.0428754	0.82401186	0.9983954	0.85994875	0.9638179	0.8917063	0.08803273
2022-12-31	Austria	clade 22D	0.92765546	1.0428754	0.82401186	0.9983954	0.85994875	0.9638179	0.8917063	0.085986406
2022-12-25	Austria	clade 22E	1.093957	1.2214174	0.97711843	1.1705838	1.0170943	1.134445	1.0528216	0.5166148
2022-12-26	Austria	clade 22E	1.093957	1.2214174	0.97711843	1.1705838	1.0170943	1.134445	1.0528216	0.52794826
2022-12-27	Austria	clade 22E	1.093957	1.2214174	0.97711843	1.1705838	1.0170943	1.134445	1.0528216	0.53942716
2022-12-28	Austria	clade 22E	1.093957	1.2214174	0.97711843	1.1705838	1.0170943	1.134445	1.0528216	0.55064225
2022-12-29	Austria	clade 22E	1.093957	1.2214174	0.97711843	1.1705838	1.0170943	1.134445	1.0528216	0.56197363
2022-12-30	Austria	clade 22E	1.093957	1.2214174	0.97711843	1.1705838	1.0170943	1.134445	1.0528216	0.57297444
2022-12-31	Austria	clade 22E	1.093957	1.2214174	0.97711843	1.1705838	1.0170943	1.134445	1.0528216	0.58402205
2022-12-25	Austria	clade 22F	0.94329894	1.0620681	0.8360301	1.0190984	0.8730552	0.9806622	0.9061452	0.044925757
2022-12-26	Austria	clade 22F	0.94329894	1.0620681	0.8360301	1.0190984	0.8730552	0.9806622	0.9061452	0.044245638
2022-12-27	Austria	clade 22F	0.94329894	1.0620681	0.8360301	1.0190984	0.8730552	0.9806622	0.9061452	0.04357133
2022-12-28	Austria	clade 22F	0.94329894	1.0620681	0.8360301	1.0190984	0.8730552	0.9806622	0.9061452	0.042831518
2022-12-29	Austria	clade 22F	0.94329894	1.0620681	0.8360301	1.0190984	0.8730552	0.9806622	0.9061452	0.04210364
2022-12-30	Austria	clade 22F	0.94329894	1.0620681	0.8360301	1.0190984	0.8730552	0.9806622	0.9061452	0.041358754
2022-12-31	Austria	clade 22F	0.94329894	1.0620681	0.8360301	1.0190984	0.8730552	0.9806622	0.9061452	0.04060498
2022-12-25	Austria	lineage BA.2.3.20	0.9123268	1.0293117	0.8077594	0.98601687	0.8427644	0.94960093	0.8779161	0.017890902
2022-12-26	Austria	lineage BA.2.3.20	0.9123268	1.0293117	0.8077594	0.98601687	0.8427644	0.94960093	0.8779161	0.017464189
2022-12-27	Austria	lineage BA.2.3.20	0.9123268	1.0293117	0.8077594	0.98601687	0.8427644	0.94960093	0.8779161	0.01704457
2022-12-28	Austria	lineage BA.2.3.20	0.9123268	1.0293117	0.8077594	0.98601687	0.8427644	0.94960093	0.8779161	0.016597189
2022-12-29	Austria	lineage BA.2.3.20	0.9123268	1.0293117	0.8077594	0.98601687	0.8427644	0.94960093	0.8779161	0.016165547
2022-12-30	Austria	lineage BA.2.3.20	0.9123268	1.0293117	0.8077594	0.98601687	0.8427644	0.94960093	0.8779161	0.015738027
2022-12-31	Austria	lineage BA.2.3.20	0.9123268	1.0293117	0.8077594	0.98601687	0.8427644	0.94960093	0.8779161	0.015314024
2022-12-25	Austria	other	0.88565147	0.9927497	0.7841526	0.9526592	0.817935	0.9194796	0.85040975	0.0041631972
2022-12-26	Austria	other	0.88565147	0.9927497	0.7841526	0.9526592	0.817935	0.9194796	0.85040975	0.0040311906
2022-12-27	Austria	other	0.88565147	0.9927497	0.7841526	0.9526592	0.817935	0.9194796	0.85040975	0.0039020986
2022-12-28	Austria	other	0.88565147	0.9927497	0.7841526	0.9526592	0.817935	0.9194796	0.85040975	0.003779279
2022-12-29	Austria	other	0.88565147	0.9927497	0.7841526	0.9526592	0.817935	0.9194796	0.85040975	0.0036521659
2022-12-30	Austria	other	0.88565147	0.9927497	0.7841526	0.9526592	0.817935	0.9194796	0.85040975	0.0035311524
2022-12-31	Austria	other	0.88565147	0.9927497	0.7841526	0.9526592	0.817935	0.9194796	0.85040975	0.0034132965
2022-12-25	Denmark	clade 21L	1.003733	1.1256549	0.8911357	1.0824819	0.9302377	1.0451714	0.96566033	0.0031198484
2022-12-26	Denmark	clade 21L	1.003733	1.1256549	0.8911357	1.0824819	0.9302377	1.0451714	0.96566033	0.0030613458
2022-12-27	Denmark	clade 21L	1.003733	1.1256549	0.8911357	1.0824819	0.9302377	1.0451714	0.96566033	0.0030061025
2022-12-28	Denmark	clade 21L	1.003733	1.1256549	0.8911357	1.0824819	0.9302377	1.0451714	0.96566033	0.0029493072
2022-12-29	Denmark	clade 21L	1.003733	1.1256549	0.8911357	1.0824819	0.9302377	1.0451714	0.96566033	0.002892442
2022-12-30	Denmark	clade 21L	1.003733	1.1256549	0.8911357	1.0824819	0.9302377	1.0451714	0.96566033	0.0028362826
2022-12-31	Denmark	clade 21L	1.003733	1.1256549	0.8911357	1.0824819	0.9302377	1.0451714	0.96566033	0.0027811448
2022-12-25	Denmark	clade 22A	0.95623016	1.0729642	0.8499413	1.0301677	0.8867249	0.9963361	0.9192658	0.010200138
2022-12-26	Denmark	clade 22A	0.95623016	1.0729642	0.8499413	1.0301677	0.8867249	0.9963361	0.9192658	0.009891085
2022-12-27	Denmark	clade 22A	0.95623016	1.0729642	0.8499413	1.0301677	0.8867249	0.9963361	0.9192658	0.009583203
2022-12-28	Denmark	clade 22A	0.95623016	1.0729642	0.8499413	1.0301677	0.8867249	0.9963361	0.9192658	0.009295332
2022-12-29	Denmark	clade 22A	0.95623016	1.0729642	0.8499413	1.0301677	0.8867249	0.9963361	0.9192658	0.009007135
2022-12-30	Denmark	clade 22A	0.95623016	1.0729642	0.8499413	1.0301677	0.8867249	0.9963361	0.9192658	0.00872398
2022-12-31	Denmark	clade 22A	0.95623016	1.0729642	0.8499413	1.0301677	0.8867249	0.9963361	0.9192658	0.008455468
2022-12-25	Denmark	clade 22B	0.91235924	1.0268936	0.81058353	0.984253	0.8455033	0.9509177	0.877118	0.10771476
2022-12-26	Denmark	clade 22B	0.91235924	1.0268936	0.81058353	0.984253	0.8455033	0.9509177	0.877118	0.10327834
2022-12-27	Denmark	clade 22B	0.91235924	1.0268936	0.81058353	0.984253	0.8455033	0.9509177	0.877118	0.09896982
2022-12-28	Denmark	clade 22B	0.91235924	1.0268936	0.81058353	0.984253	0.8455033	0.9509177	0.877118	0.09477782
2022-12-29	Denmark	clade 22B	0.91235924	1.0268936	0.81058353	0.984253	0.8455033	0.9509177	0.877118	0.09075892
2022-12-30	Denmark	clade 22B	0.91235924	1.0268936	0.81058353	0.984253	0.8455033	0.9509177	0.877118	0.086899266
2022-12-31	Denmark	clade 22B	0.91235924	1.0268936	0.81058353	0.984253	0.8455033	0.9509177	0.877118	0.08313751
2022-12-25	Denmark	clade 22C	0.70991826	0.826374	0.60978234	0.7811279	0.64222723	0.7470275	0.67378366	1.9521636e-08
2022-12-26	Denmark	clade 22C	0.70991826	0.826374	0.60978234	0.7811279	0.64222723	0.7470275	0.67378366	1.7550985e-08
2022-12-27	Denmark	clade 22C	0.70991826	0.826374	0.60978234	0.7811279	0.64222723	0.7470275	0.67378366	1.5793894e-08
2022-12-28	Denmark	clade 22C	0.70991826	0.826374	0.60978234	0.7811279	0.64222723	0.7470275	0.67378366	1.4184685e-08
2022-12-29	Denmark	clade 22C	0.70991826	0.826374	0.60978234	0.7811279	0.64222723	0.7470275	0.67378366	1.2741658e-08
2022-12-30	Denmark	clade 22C	0.70991826	0.826374	0.60978234	0.7811279	0.64222723	0.7470275	0.67378366	1.1450474e-08
2022-12-31	Denmark	clade 22C	0.70991826	0.826374	0.60978234	0.7811279	0.64222723	0.7470275	0.67378366	1.0304852e-08
2022-12-25	Denmark	clade 22D	1.137537	1.2734376	1.0132558	1.2258594	1.055114	1.1851153	1.0933038	0.2795905
2022-12-26	Denmark	clade 22D	1.137537	1.2734376	1.0132558	1.2258594	1.055114	1.1851153	1.0933038	0.28350586
2022-12-27	Denmark	clade 22D	1.137537	1.2734376	1.0132558	1.2258594	1.055114	1.1851153	1.0933038	0.2874129
2022-12-28	Denmark	clade 22D	1.137537	1.2734376	1.0132558	1.2258594	1.055114	1.1851153	1.0933038	0.2912674
2022-12-29	Denmark	clade 22D	1.137537	1.2734376	1.0132558	1.2258594	1.055114	1.1851153	1.0933038	0.29505193
2022-12-30	Denmark	clade 22D	1.137537	1.2734376	1.0132558	1.2258594	1.055114	1.1851153	1.0933038	0.29882348
2022-12-31	Denmark	clade 22D	1.137537	1.2734376	1.0132558	1.2258594	1.055114	1.1851153	1.0933038	0.30251622
2022-12-25	Denmark	clade 22E	1.0570521	1.1859101	0.9407715	1.138818	0.9788328	1.0992453	1.0172697	0.46159628
2022-12-26	Denmark	clade 22E	1.0570521	1.1859101	0.9407715	1.138818	0.9788328	1.0992453	1.0172697	0.45944294
2022-12-27	Denmark	clade 22E	1.0570521	1.1859101	0.9407715	1.138818	0.9788328	1.0992453	1.0172697	0.4569221
2022-12-28	Denmark	clade 22E	1.0570521	1.1859101	0.9407715	1.138818	0.9788328	1.0992453	1.0172697	0.45436615
2022-12-29	Denmark	clade 22E	1.0570521	1.1859101	0.9407715	1.138818	0.9788328	1.0992453	1.0172697	0.45155546
2022-12-30	Denmark	clade 22E	1.0570521	1.1859101	0.9407715	1.138818	0.9788328	1.0992453	1.0172697	0.44866192
2022-12-31	Denmark	clade 22E	1.0570521	1.1859101	0.9407715	1.138818	0.9788328	1.0992453	1.0172697	0.4456751
2022-12-25	Denmark	clade 22F	1.1735581	1.3139395	1.0452805	1.2658879	1.0887341	1.2222614	1.1291453	0.10708344
2022-12-26	Denmark	clade 22F	1.1735581	1.3139395	1.0452805	1.2658879	1.0887341	1.2222614	1.1291453	0.1095241
2022-12-27	Denmark	clade 22F	1.1735581	1.3139395	1.0452805	1.2658879	1.0887341	1.2222614	1.1291453	0.111983284
2022-12-28	Denmark	clade 22F	1.1735581	1.3139395	1.0452805	1.2658879	1.0887341	1.2222614	1.1291453	0.11440054
2022-12-29	Denmark	clade 22F	1.1735581	1.3139395	1.0452805	1.2658879	1.0887341	1.2222614	1.1291453	0.11681693
2022-12-30	Denmark	clade 22F	1.1735581	1.3139395	1.0452805	1.2658879	1.0887341	1.2222614	1.1291453	0.119264185
2022-12-31	Denmark	clade 22F	1.1735581	1.3139395	1.0452805	1.2658879	1.0887341	1.2222614	1.1291453	0.12174022
2022-12-25	Denmark	lineage BA.2.3.20	1.0438879	1.1734565	0.9267107	1.1288015	0.9659969	1.0879004	1.0017986	0.0024693492
2022-12-26	Denmark	lineage BA.2.3.20	1.0438879	1.1734565	0.9267107	1.1288015	0.9659969	1.0879004	1.0017986	0.0024512196
2022-12-27	Denmark	lineage BA.2.3.20	1.0438879	1.1734565	0.9267107	1.1288015	0.9659969	1.0879004	1.0017986	0.0024277028
2022-12-28	Denmark	lineage BA.2.3.20	1.0438879	1.1734565	0.9267107	1.1288015	0.9659969	1.0879004	1.0017986	0.0024094407
2022-12-29	Denmark	lineage BA.2.3.20	1.0438879	1.1734565	0.9267107	1.1288015	0.9659969	1.0879004	1.0017986	0.0023905924
2022-12-30	Denmark	lineage BA.2.3.20	1.0438879	1.1734565	0.9267107	1.1288015	0.9659969	1.0879004	1.0017986	0.0023698574
2022-12-31	Denmark	lineage BA.2.3.20	1.0438879	1.1734565	0.9267107	1.1288015	0.9659969	1.0879004	1.0017986	0.0023492188
2022-12-25	Denmark	lineage XBB.1.5	1.3250206	1.6979141	1.0451827	1.5601473	1.1328586	1.4446001	1.2175896	0.005856678
2022-12-26	Denmark	lineage XBB.1.5	1.3250206	1.6979141	1.0451827	1.5601473	1.1328586	1.4446001	1.2175896	0.006189782
2022-12-27	Denmark	lineage XBB.1.5	1.3250206	1.6979141	1.0451827	1.5601473	1.1328586	1.4446001	1.2175896	0.006544265
2022-12-28	Denmark	lineage XBB.1.5	1.3250206	1.6979141	1.0451827	1.5601473	1.1328586	1.4446001	1.2175896	0.0069494303
2022-12-29	Denmark	lineage XBB.1.5	1.3250206	1.6979141	1.0451827	1.5601473	1.1328586	1.4446001	1.2175896	0.007314414
2022-12-30	Denmark	lineage XBB.1.5	1.3250206	1.6979141	1.0451827	1.5601473	1.1328586	1.4446001	1.2175896	0.007717889
2022-12-31	Denmark	lineage XBB.1.5	1.3250206	1.6979141	1.0451827	1.5601473	1.1328586	1.4446001	1.2175896	0.008169824
2022-12-25	Denmark	other	1.0925484	1.2232851	0.9714726	1.176319	1.0114229	1.1351767	1.0499309	0.019491293
2022-12-26	Denmark	other	1.0925484	1.2232851	0.9714726	1.176319	1.0114229	1.1351767	1.0499309	0.019553065
2022-12-27	Denmark	other	1.0925484	1.2232851	0.9714726	1.176319	1.0114229	1.1351767	1.0499309	0.019617286
2022-12-28	Denmark	other	1.0925484	1.2232851	0.9714726	1.176319	1.0114229	1.1351767	1.0499309	0.019664275
2022-12-29	Denmark	other	1.0925484	1.2232851	0.9714726	1.176319	1.0114229	1.1351767	1.0499309	0.019708011
2022-12-30	Denmark	other	1.0925484	1.2232851	0.9714726	1.176319	1.0114229	1.1351767	1.0499309	0.019752473
2022-12-31	Denmark	other	1.0925484	1.2232851	0.9714726	1.176319	1.0114229	1.1351767	1.0499309	0.019781087
2022-12-25	Germany	clade 21L	0.87702656	0.99791884	0.7710114	0.95414126	0.8047817	0.917771	0.8374261	0.00036850927
2022-12-26	Germany	clade 21L	0.87702656	0.99791884	0.7710114	0.95414126	0.8047817	0.917771	0.8374261	0.00035442543
2022-12-27	Germany	clade 21L	0.87702656	0.99791884	0.7710114	0.95414126	0.8047817	0.917771	0.8374261	0.0003409147
2022-12-28	Germany	clade 21L	0.87702656	0.99791884	0.7710114	0.95414126	0.8047817	0.917771	0.8374261	0.0003278441
2022-12-29	Germany	clade 21L	0.87702656	0.99791884	0.7710114	0.95414126	0.8047817	0.917771	0.8374261	0.0003149577
2022-12-30	Germany	clade 21L	0.87702656	0.99791884	0.7710114	0.95414126	0.8047817	0.917771	0.8374261	0.00030235856
2022-12-31	Germany	clade 21L	0.87702656	0.99791884	0.7710114	0.95414126	0.8047817	0.917771	0.8374261	0.00028993923
2022-12-25	Germany	clade 22A	0.89544344	1.0182395	0.7848685	0.974669	0.82092154	0.93524575	0.85487604	0.003749082
2022-12-26	Germany	clade 22A	0.89544344	1.0182395	0.7848685	0.974669	0.82092154	0.93524575	0.85487604	0.0036218532
2022-12-27	Germany	clade 22A	0.89544344	1.0182395	0.7848685	0.974669	0.82092154	0.93524575	0.85487604	0.0035004471
2022-12-28	Germany	clade 22A	0.89544344	1.0182395	0.7848685	0.974669	0.82092154	0.93524575	0.85487604	0.003380097
2022-12-29	Germany	clade 22A	0.89544344	1.0182395	0.7848685	0.974669	0.82092154	0.93524575	0.85487604	0.0032616686
2022-12-30	Germany	clade 22A	0.89544344	1.0182395	0.7848685	0.974669	0.82092154	0.93524575	0.85487604	0.0031454903
2022-12-31	Germany	clade 22A	0.89544344	1.0182395	0.7848685	0.974669	0.82092154	0.93524575	0.85487604	0.003034248
2022-12-25	Germany	clade 22B	0.9191155	1.0434743	0.807	0.9975469	0.8433346	0.959119	0.87827516	0.3454852
2022-12-26	Germany	clade 22B	0.9191155	1.0434743	0.807	0.9975469	0.8433346	0.959119	0.87827516	0.33621514
2022-12-27	Germany	clade 22B	0.9191155	1.0434743	0.807	0.9975469	0.8433346	0.959119	0.87827516	0.3270735
2022-12-28	Germany	clade 22B	0.9191155	1.0434743	0.807	0.9975469	0.8433346	0.959119	0.87827516	0.3181409
2022-12-29	Germany	clade 22B	0.9191155	1.0434743	0.807	0.9975469	0.8433346	0.959119	0.87827516	0.30922
2022-12-30	Germany	clade 22B	0.9191155	1.0434743	0.807	0.9975469	0.8433346	0.959119	0.87827516	0.30029833
2022-12-31	Germany	clade 22B	0.9191155	1.0434743	0.807	0.9975469	0.8433346	0.959119	0.87827516	0.29164034
2022-12-25	Germany	clade 22C	0.6719878	0.7888006	0.5753776	0.7424454	0.6066831	0.7088398	0.63526225	1.5597319e-08
2022-12-26	Germany	clade 22C	0.6719878	0.7888006	0.5753776	0.7424454	0.6066831	0.7088398	0.63526225	1.40377985e-08
2022-12-27	Germany	clade 22C	0.6719878	0.7888006	0.5753776	0.7424454	0.6066831	0.7088398	0.63526225	1.2653573e-08
2022-12-28	Germany	clade 22C	0.6719878	0.7888006	0.5753776	0.7424454	0.6066831	0.7088398	0.63526225	1.1383691e-08
2022-12-29	Germany	clade 22C	0.6719878	0.7888006	0.5753776	0.7424454	0.6066831	0.7088398	0.63526225	1.0250491e-08
2022-12-30	Germany	clade 22C	0.6719878	0.7888006	0.5753776	0.7424454	0.6066831	0.7088398	0.63526225	9.1889145e-09
2022-12-31	Germany	clade 22C	0.6719878	0.7888006	0.5753776	0.7424454	0.6066831	0.7088398	0.63526225	8.2542435e-09
2022-12-25	Germany	clade 22D	1.0630428	1.2045345	0.9325197	1.1554372	0.97466224	1.1104187	1.0149567	0.10864395
2022-12-26	Germany	clade 22D	1.0630428	1.2045345	0.9325197	1.1554372	0.97466224	1.1104187	1.0149567	0.10975145
2022-12-27	Germany	clade 22D	1.0630428	1.2045345	0.9325197	1.1554372	0.97466224	1.1104187	1.0149567	0.11080279
2022-12-28	Germany	clade 22D	1.0630428	1.2045345	0.9325197	1.1554372	0.97466224	1.1104187	1.0149567	0.11184561
2022-12-29	Germany	clade 22D	1.0630428	1.2045345	0.9325197	1.1554372	0.97466224	1.1104187	1.0149567	0.1127774
2022-12-30	Germany	clade 22D	1.0630428	1.2045345	0.9325197	1.1554372	0.97466224	1.1104187	1.0149567	0.113755986
2022-12-31	Germany	clade 22D	1.0630428	1.2045345	0.9325197	1.1554372	0.97466224	1.1104187	1.0149567	0.11462399
2022-12-25	Germany	clade 22E	1.0769011	1.2228043	0.94606376	1.1711341	0.9875232	1.1254371	1.0290568	0.49701768
2022-12-26	Germany	clade 22E	1.0769011	1.2228043	0.94606376	1.1711341	0.9875232	1.1254371	1.0290568	0.50385034
2022-12-27	Germany	clade 22E	1.0769011	1.2228043	0.94606376	1.1711341	0.9875232	1.1254371	1.0290568	0.51027215
2022-12-28	Germany	clade 22E	1.0769011	1.2228043	0.94606376	1.1711341	0.9875232	1.1254371	1.0290568	0.51681316
2022-12-29	Germany	clade 22E	1.0769011	1.2228043	0.94606376	1.1711341	0.9875232	1.1254371	1.0290568	0.52329296
2022-12-30	Germany	clade 22E	1.0769011	1.2228043	0.94606376	1.1711341	0.9875232	1.1254371	1.0290568	0.52932537
2022-12-31	Germany	clade 22E	1.0769011	1.2228043	0.94606376	1.1711341	0.9875232	1.1254371	1.0290568	0.5351811
2022-12-25	Germany	clade 22F	1.1184781	1.2721378	0.9820712	1.2169975	1.0271138	1.1697209	1.0673727	0.029712543
2022-12-26	Germany	clade 22F	1.1184781	1.2721378	0.9820712	1.2169975	1.0271138	1.1697209	1.0673727	0.030411411
2022-12-27	Germany	clade 22F	1.1184781	1.2721378	0.9820712	1.2169975	1.0271138	1.1697209	1.0673727	0.031104844
2022-12-28	Germany	clade 22F	1.1184781	1.2721378	0.9820712	1.2169975	1.0271138	1.1697209	1.0673727	0.031786352
2022-12-29	Germany	clade 22F	1.1184781	1.2721378	0.9820712	1.2169975	1.0271138	1.1697209	1.0673727	0.032485984
2022-12-30	Germany	clade 22F	1.1184781	1.2721378	0.9820712	1.2169975	1.0271138	1.1697209	1.0673727	0.033165865
2022-12-31	Germany	clade 22F	1.1184781	1.2721378	0.9820712	1.2169975	1.0271138	1.1697209	1.0673727	0.033829853
2022-12-25	Germany	lineage BA.2.3.20	1.0006063	1.1392195	0.8737641	1.0904701	0.91587496	1.0484535	0.95559084	0.0034382688
2022-12-26	Germany	lineage BA.2.3.20	1.0006063	1.1392195	0.8737641	1.0904701	0.91587496	1.0484535	0.95559084	0.0034138786
2022-12-27	Germany	lineage BA.2.3.20	1.0006063	1.1392195	0.8737641	1.0904701	0.91587496	1.0484535	0.95559084	0.0033906181
2022-12-28	Germany	lineage BA.2.3.20	1.0006063	1.1392195	0.8737641	1.0904701	0.91587496	1.0484535	0.95559084	0.0033655653
2022-12-29	Germany	lineage BA.2.3.20	1.0006063	1.1392195	0.8737641	1.0904701	0.91587496	1.0484535	0.95559084	0.0033391686
2022-12-30	Germany	lineage BA.2.3.20	1.0006063	1.1392195	0.8737641	1.0904701	0.91587496	1.0484535	0.95559084	0.0033151398
2022-12-31	Germany	lineage BA.2.3.20	1.0006063	1.1392195	0.8737641	1.0904701	0.91587496	1.0484535	0.95559084	0.0032847286
2022-12-25	Germany	lineage XBB.1.5	1.3707318	1.8641223	1.0105869	1.6692055	1.1262411	1.526408	1.2348193	0.0063958997
2022-12-26	Germany	lineage XBB.1.5	1.3707318	1.8641223	1.0105869	1.6692055	1.1262411	1.526408	1.2348193	0.0069380514
2022-12-27	Germany	lineage XBB.1.5	1.3707318	1.8641223	1.0105869	1.6692055	1.1262411	1.526408	1.2348193	0.007480858
2022-12-28	Germany	lineage XBB.1.5	1.3707318	1.8641223	1.0105869	1.6692055	1.1262411	1.526408	1.2348193	0.008074995
2022-12-29	Germany	lineage XBB.1.5	1.3707318	1.8641223	1.0105869	1.6692055	1.1262411	1.526408	1.2348193	0.008714449
2022-12-30	Germany	lineage XBB.1.5	1.3707318	1.8641223	1.0105869	1.6692055	1.1262411	1.526408	1.2348193	0.009405987
2022-12-31	Germany	lineage XBB.1.5	1.3707318	1.8641223	1.0105869	1.6692055	1.1262411	1.526408	1.2348193	0.010164117
2022-12-25	Germany	other	0.93189496	1.0591218	0.81930286	1.013828	0.85446376	0.9732717	0.890277	0.0018654173
2022-12-26	Germany	other	0.93189496	1.0591218	0.81930286	1.013828	0.85446376	0.9732717	0.890277	0.001821826
2022-12-27	Germany	other	0.93189496	1.0591218	0.81930286	1.013828	0.85446376	0.9732717	0.890277	0.0017784638
2022-12-28	Germany	other	0.93189496	1.0591218	0.81930286	1.013828	0.85446376	0.9732717	0.890277	0.0017350989
2022-12-29	Germany	other	0.93189496	1.0591218	0.81930286	1.013828	0.85446376	0.9732717	0.890277	0.0016916816
2022-12-30	Germany	other	0.93189496	1.0591218	0.81930286	1.013828	0.85446376	0.9732717	0.890277	0.0016500389
2022-12-31	Germany	other	0.93189496	1.0591218	0.81930286	1.013828	0.85446376	0.9732717	0.890277	0.0016077564
2022-12-25	Japan	clade 21L	1.0581695	1.1545279	0.96609235	1.1166668	1.0001377	1.0880349	1.0271122	0.0039292974
2022-12-26	Japan	clade 21L	1.0581695	1.1545279	0.96609235	1.1166668	1.0001377	1.0880349	1.0271122	0.0038962413
2022-12-27	Japan	clade 21L	1.0581695	1.1545279	0.96609235	1.1166668	1.0001377	1.0880349	1.0271122	0.0038619963
2022-12-28	Japan	clade 21L	1.0581695	1.1545279	0.96609235	1.1166668	1.0001377	1.0880349	1.0271122	0.0038285246
2022-12-29	Japan	clade 21L	1.0581695	1.1545279	0.96609235	1.1166668	1.0001377	1.0880349	1.0271122	0.0037982836
2022-12-30	Japan	clade 21L	1.0581695	1.1545279	0.96609235	1.1166668	1.0001377	1.0880349	1.0271122	0.0037589045
2022-12-31	Japan	clade 21L	1.0581695	1.1545279	0.96609235	1.1166668	1.0001377	1.0880349	1.0271122	0.0037193773
2022-12-25	Japan	clade 22A	1.0112116	1.097734	0.926935	1.0648642	0.9563201	1.0384326	0.9826619	0.00084130076
2022-12-26	Japan	clade 22A	1.0112116	1.097734	0.926935	1.0648642	0.9563201	1.0384326	0.9826619	0.0008251476
2022-12-27	Japan	clade 22A	1.0112116	1.097734	0.926935	1.0648642	0.9563201	1.0384326	0.9826619	0.00080879393
2022-12-28	Japan	clade 22A	1.0112116	1.097734	0.926935	1.0648642	0.9563201	1.0384326	0.9826619	0.0007918475
2022-12-29	Japan	clade 22A	1.0112116	1.097734	0.926935	1.0648642	0.9563201	1.0384326	0.9826619	0.0007756803
2022-12-30	Japan	clade 22A	1.0112116	1.097734	0.926935	1.0648642	0.9563201	1.0384326	0.9826619	0.0007604469
2022-12-31	Japan	clade 22A	1.0112116	1.097734	0.926935	1.0648642	0.9563201	1.0384326	0.9826619	0.0007447776
2022-12-25	Japan	clade 22B	1.0511081	1.1395667	0.9687598	1.105301	0.9982008	1.0793562	1.023422	0.6473658
2022-12-26	Japan	clade 22B	1.0511081	1.1395667	0.9687598	1.105301	0.9982008	1.0793562	1.023422	0.6410867
2022-12-27	Japan	clade 22B	1.0511081	1.1395667	0.9687598	1.105301	0.9982008	1.0793562	1.023422	0.634723
2022-12-28	Japan	clade 22B	1.0511081	1.1395667	0.9687598	1.105301	0.9982008	1.0793562	1.023422	0.62825334
2022-12-29	Japan	clade 22B	1.0511081	1.1395667	0.9687598	1.105301	0.9982008	1.0793562	1.023422	0.6217605
2022-12-30	Japan	clade 22B	1.0511081	1.1395667	0.9687598	1.105301	0.9982008	1.0793562	1.023422	0.6152399
2022-12-31	Japan	clade 22B	1.0511081	1.1395667	0.9687598	1.105301	0.9982008	1.0793562	1.023422	0.6087426
2022-12-25	Japan	clade 22C	0.81431466	0.9063126	0.73489344	0.87243634	0.7606246	0.8435624	0.7863475	3.5742102e-07
2022-12-26	Japan	clade 22C	0.81431466	0.9063126	0.73489344	0.87243634	0.7606246	0.8435624	0.7863475	3.3130323e-07
2022-12-27	Japan	clade 22C	0.81431466	0.9063126	0.73489344	0.87243634	0.7606246	0.8435624	0.7863475	3.0775556e-07
2022-12-28	Japan	clade 22C	0.81431466	0.9063126	0.73489344	0.87243634	0.7606246	0.8435624	0.7863475	2.8529584e-07
2022-12-29	Japan	clade 22C	0.81431466	0.9063126	0.73489344	0.87243634	0.7606246	0.8435624	0.7863475	2.6479893e-07
2022-12-30	Japan	clade 22C	0.81431466	0.9063126	0.73489344	0.87243634	0.7606246	0.8435624	0.7863475	2.456881e-07
2022-12-31	Japan	clade 22C	0.81431466	0.9063126	0.73489344	0.87243634	0.7606246	0.8435624	0.7863475	2.2778886e-07
2022-12-25	Japan	clade 22D	1.2090161	1.3139001	1.1121187	1.2709628	1.1465107	1.2415785	1.1749897	0.16230832
2022-12-26	Japan	clade 22D	1.2090161	1.3139001	1.1121187	1.2709628	1.1465107	1.2415785	1.1749897	0.16647512
2022-12-27	Japan	clade 22D	1.2090161	1.3139001	1.1121187	1.2709628	1.1465107	1.2415785	1.1749897	0.17083073
2022-12-28	Japan	clade 22D	1.2090161	1.3139001	1.1121187	1.2709628	1.1465107	1.2415785	1.1749897	0.17525706
2022-12-29	Japan	clade 22D	1.2090161	1.3139001	1.1121187	1.2709628	1.1465107	1.2415785	1.1749897	0.17974392
2022-12-30	Japan	clade 22D	1.2090161	1.3139001	1.1121187	1.2709628	1.1465107	1.2415785	1.1749897	0.1842958
2022-12-31	Japan	clade 22D	1.2090161	1.3139001	1.1121187	1.2709628	1.1465107	1.2415785	1.1749897	0.18888831
2022-12-25	Japan	clade 22E	1.1413416	1.2402037	1.0457011	1.2022258	1.0786474	1.1728722	1.1081278	0.16175354
2022-12-26	Japan	clade 22E	1.1413416	1.2402037	1.0457011	1.2022258	1.0786474	1.1728722	1.1081278	0.16360198
2022-12-27	Japan	clade 22E	1.1413416	1.2402037	1.0457011	1.2022258	1.0786474	1.1728722	1.1081278	0.16526027
2022-12-28	Japan	clade 22E	1.1413416	1.2402037	1.0457011	1.2022258	1.0786474	1.1728722	1.1081278	0.16703275
2022-12-29	Japan	clade 22E	1.1413416	1.2402037	1.0457011	1.2022258	1.0786474	1.1728722	1.1081278	0.1688228
2022-12-30	Japan	clade 22E	1.1413416	1.2402037	1.0457011	1.2022258	1.0786474	1.1728722	1.1081278	0.17057121
2022-12-31	Japan	clade 22E	1.1413416	1.2402037	1.0457011	1.2022258	1.0786474	1.1728722	1.1081278	0.17224817
2022-12-25	Japan	clade 22F	1.1495217	1.249931	1.054616	1.2116952	1.087653	1.1805655	1.1166477	0.0111527555
2022-12-26	Japan	clade 22F	1.1495217	1.249931	1.054616	1.2116952	1.087653	1.1805655	1.1166477	0.0112989545
2022-12-27	Japan	clade 22F	1.1495217	1.249931	1.054616	1.2116952	1.087653	1.1805655	1.1166477	0.011447505
2022-12-28	Japan	clade 22F	1.1495217	1.249931	1.054616	1.2116952	1.087653	1.1805655	1.1166477	0.011586503
2022-12-29	Japan	clade 22F	1.1495217	1.249931	1.054616	1.2116952	1.087653	1.1805655	1.1166477	0.011726467
2022-12-30	Japan	clade 22F	1.1495217	1.249931	1.054616	1.2116952	1.087653	1.1805655	1.1166477	0.011861708
2022-12-31	Japan	clade 22F	1.1495217	1.249931	1.054616	1.2116952	1.087653	1.1805655	1.1166477	0.011996118
2022-12-25	Japan	lineage BA.2.3.20	1.1313329	1.2307287	1.0365515	1.1941981	1.0709136	1.1628501	1.0991368	0.009387797
2022-12-26	Japan	lineage BA.2.3.20	1.1313329	1.2307287	1.0365515	1.1941981	1.0709136	1.1628501	1.0991368	0.009464482
2022-12-27	Japan	lineage BA.2.3.20	1.1313329	1.2307287	1.0365515	1.1941981	1.0709136	1.1628501	1.0991368	0.009551717
2022-12-28	Japan	lineage BA.2.3.20	1.1313329	1.2307287	1.0365515	1.1941981	1.0709136	1.1628501	1.0991368	0.009634742
2022-12-29	Japan	lineage BA.2.3.20	1.1313329	1.2307287	1.0365515	1.1941981	1.0709136	1.1628501	1.0991368	0.009710672
2022-12-30	Japan	lineage BA.2.3.20	1.1313329	1.2307287	1.0365515	1.1941981	1.0709136	1.1628501	1.0991368	0.009788711
2022-12-31	Japan	lineage BA.2.3.20	1.1313329	1.2307287	1.0365515	1.1941981	1.0709136	1.1628501	1.0991368	0.009863557
2022-12-25	Japan	other	1.066101	1.1568229	0.98118526	1.1225661	1.0105628	1.0956233	1.0371076	0.001939286
2022-12-26	Japan	other	1.066101	1.1568229	0.98118526	1.1225661	1.0105628	1.0956233	1.0371076	0.0019284221
2022-12-27	Japan	other	1.066101	1.1568229	0.98118526	1.1225661	1.0105628	1.0956233	1.0371076	0.0019165135
2022-12-28	Japan	other	1.066101	1.1568229	0.98118526	1.1225661	1.0105628	1.0956233	1.0371076	0.0019053202
2022-12-29	Japan	other	1.066101	1.1568229	0.98118526	1.1225661	1.0105628	1.0956233	1.0371076	0.0018929003
2022-12-30	Japan	other	1.066101	1.1568229	0.98118526	1.1225661	1.0105628	1.0956233	1.0371076	0.0018785882
2022-12-31	Japan	other	1.066101	1.1568229	0.98118526	1.1225661	1.0105628	1.0956233	1.0371076	0.0018650356
2022-12-25	Philippines	clade 21L	0.82665014	0.93222356	0.7356889	0.89454365	0.7640897	0.8607621	0.7926347	0.044515505
2022-12-26	Philippines	clade 21L	0.82665014	0.93222356	0.7356889	0.89454365	0.7640897	0.8607621	0.7926347	0.04361829
2022-12-27	Philippines	clade 21L	0.82665014	0.93222356	0.7356889	0.89454365	0.7640897	0.8607621	0.7926347	0.04268387
2022-12-28	Philippines	clade 21L	0.82665014	0.93222356	0.7356889	0.89454365	0.7640897	0.8607621	0.7926347	0.04179605
2022-12-29	Philippines	clade 21L	0.82665014	0.93222356	0.7356889	0.89454365	0.7640897	0.8607621	0.7926347	0.04098162
2022-12-30	Philippines	clade 21L	0.82665014	0.93222356	0.7356889	0.89454365	0.7640897	0.8607621	0.7926347	0.040058933
2022-12-31	Philippines	clade 21L	0.82665014	0.93222356	0.7356889	0.89454365	0.7640897	0.8607621	0.7926347	0.039217327
2022-12-25	Philippines	clade 22A	0.45752573	0.56092864	0.36759338	0.5241261	0.39775598	0.49129745	0.42536855	2.1125968e-10
2022-12-26	Philippines	clade 22A	0.45752573	0.56092864	0.36759338	0.5241261	0.39775598	0.49129745	0.42536855	1.7957481e-10
2022-12-27	Philippines	clade 22A	0.45752573	0.56092864	0.36759338	0.5241261	0.39775598	0.49129745	0.42536855	1.5234361e-10
2022-12-28	Philippines	clade 22A	0.45752573	0.56092864	0.36759338	0.5241261	0.39775598	0.49129745	0.42536855	1.2887566e-10
2022-12-29	Philippines	clade 22A	0.45752573	0.56092864	0.36759338	0.5241261	0.39775598	0.49129745	0.42536855	1.0944208e-10
2022-12-30	Philippines	clade 22A	0.45752573	0.56092864	0.36759338	0.5241261	0.39775598	0.49129745	0.42536855	9.271629e-11
2022-12-31	Philippines	clade 22A	0.45752573	0.56092864	0.36759338	0.5241261	0.39775598	0.49129745	0.42536855	7.867694e-11
2022-12-25	Philippines	clade 22B	0.58903766	0.6631471	0.52218336	0.6360739	0.5442721	0.61272997	0.56577224	4.776952e-05
2022-12-26	Philippines	clade 22B	0.58903766	0.6631471	0.52218336	0.6360739	0.5442721	0.61272997	0.56577224	4.303611e-05
2022-12-27	Philippines	clade 22B	0.58903766	0.6631471	0.52218336	0.6360739	0.5442721	0.61272997	0.56577224	3.8780447e-05
2022-12-28	Philippines	clade 22B	0.58903766	0.6631471	0.52218336	0.6360739	0.5442721	0.61272997	0.56577224	3.500022e-05
2022-12-29	Philippines	clade 22B	0.58903766	0.6631471	0.52218336	0.6360739	0.5442721	0.61272997	0.56577224	3.154853e-05
2022-12-30	Philippines	clade 22B	0.58903766	0.6631471	0.52218336	0.6360739	0.5442721	0.61272997	0.56577224	2.8459956e-05
2022-12-31	Philippines	clade 22B	0.58903766	0.6631471	0.52218336	0.6360739	0.5442721	0.61272997	0.56577224	2.5639883e-05
2022-12-25	Philippines	clade 22D	0.48781306	0.6197951	0.38481465	0.5705554	0.4178664	0.5327279	0.4497564	5.605223e-10
2022-12-26	Philippines	clade 22D	0.48781306	0.6197951	0.38481465	0.5705554	0.4178664	0.5327279	0.4497564	4.827105e-10
2022-12-27	Philippines	clade 22D	0.48781306	0.6197951	0.38481465	0.5705554	0.4178664	0.5327279	0.4497564	4.150164e-10
2022-12-28	Philippines	clade 22D	0.48781306	0.6197951	0.38481465	0.5705554	0.4178664	0.5327279	0.4497564	3.5693093e-10
2022-12-29	Philippines	clade 22D	0.48781306	0.6197951	0.38481465	0.5705554	0.4178664	0.5327279	0.4497564	3.0728042e-10
2022-12-30	Philippines	clade 22D	0.48781306	0.6197951	0.38481465	0.5705554	0.4178664	0.5327279	0.4497564	2.641841e-10
2022-12-31	Philippines	clade 22D	0.48781306	0.6197951	0.38481465	0.5705554	0.4178664	0.5327279	0.4497564	2.2705077e-10
2022-12-25	Philippines	clade 22E	0.5954312	0.8565306	0.40709049	0.75521815	0.45997453	0.67591846	0.52093935	9.08602e-05
2022-12-26	Philippines	clade 22E	0.5954312	0.8565306	0.40709049	0.75521815	0.45997453	0.67591846	0.52093935	8.156486e-05
2022-12-27	Philippines	clade 22E	0.5954312	0.8565306	0.40709049	0.75521815	0.45997453	0.67591846	0.52093935	7.368295e-05
2022-12-28	Philippines	clade 22E	0.5954312	0.8565306	0.40709049	0.75521815	0.45997453	0.67591846	0.52093935	6.607828e-05
2022-12-29	Philippines	clade 22E	0.5954312	0.8565306	0.40709049	0.75521815	0.45997453	0.67591846	0.52093935	5.965748e-05
2022-12-30	Philippines	clade 22E	0.5954312	0.8565306	0.40709049	0.75521815	0.45997453	0.67591846	0.52093935	5.369892e-05
2022-12-31	Philippines	clade 22E	0.5954312	0.8565306	0.40709049	0.75521815	0.45997453	0.67591846	0.52093935	4.827745e-05
2022-12-25	Philippines	clade 22F	0.9139737	1.0214977	0.8207931	0.9838286	0.85113496	0.9492656	0.8814907	0.67327344
2022-12-26	Philippines	clade 22F	0.9139737	1.0214977	0.8207931	0.9838286	0.85113496	0.9492656	0.8814907	0.6768465
2022-12-27	Philippines	clade 22F	0.9139737	1.0214977	0.8207931	0.9838286	0.85113496	0.9492656	0.8814907	0.6802626
2022-12-28	Philippines	clade 22F	0.9139737	1.0214977	0.8207931	0.9838286	0.85113496	0.9492656	0.8814907	0.6838685
2022-12-29	Philippines	clade 22F	0.9139737	1.0214977	0.8207931	0.9838286	0.85113496	0.9492656	0.8814907	0.6873769
2022-12-30	Philippines	clade 22F	0.9139737	1.0214977	0.8207931	0.9838286	0.85113496	0.9492656	0.8814907	0.6909298
2022-12-31	Philippines	clade 22F	0.9139737	1.0214977	0.8207931	0.9838286	0.85113496	0.9492656	0.8814907	0.6943257
2022-12-25	Philippines	lineage BA.2.3.20	0.86306393	0.9701663	0.7698255	0.9297963	0.801306	0.8979497	0.8291172	0.2102365
2022-12-26	Philippines	lineage BA.2.3.20	0.86306393	0.9701663	0.7698255	0.9297963	0.801306	0.8979497	0.8291172	0.2082814
2022-12-27	Philippines	lineage BA.2.3.20	0.86306393	0.9701663	0.7698255	0.9297963	0.801306	0.8979497	0.8291172	0.2061437
2022-12-28	Philippines	lineage BA.2.3.20	0.86306393	0.9701663	0.7698255	0.9297963	0.801306	0.8979497	0.8291172	0.20407692
2022-12-29	Philippines	lineage BA.2.3.20	0.86306393	0.9701663	0.7698255	0.9297963	0.801306	0.8979497	0.8291172	0.20211393
2022-12-30	Philippines	lineage BA.2.3.20	0.86306393	0.9701663	0.7698255	0.9297963	0.801306	0.8979497	0.8291172	0.20021635
2022-12-31	Philippines	lineage BA.2.3.20	0.86306393	0.9701663	0.7698255	0.9297963	0.801306	0.8979497	0.8291172	0.19819877
2022-12-25	Philippines	other	0.864106	0.96989477	0.77233094	0.93397534	0.801947	0.89952815	0.8303131	0.062321298
2022-12-26	Philippines	other	0.864106	0.96989477	0.77233094	0.93397534	0.801947	0.89952815	0.8303131	0.061758444
2022-12-27	Philippines	other	0.864106	0.96989477	0.77233094	0.93397534	0.801947	0.89952815	0.8303131	0.06118554
2022-12-28	Philippines	other	0.864106	0.96989477	0.77233094	0.93397534	0.801947	0.89952815	0.8303131	0.060555205
2022-12-29	Philippines	other	0.864106	0.96989477	0.77233094	0.93397534	0.801947	0.89952815	0.8303131	0.05998407
2022-12-30	Philippines	other	0.864106	0.96989477	0.77233094	0.93397534	0.801947	0.89952815	0.8303131	0.059331678
2022-12-31	Philippines	other	0.864106	0.96989477	0.77233094	0.93397534	0.801947	0.89952815	0.8303131	0.058768503
2022-12-25	South Korea	clade 21L	0.9615176	1.0461774	0.8797501	1.017184	0.9079731	0.9900058	0.9309244	0.0025889834
2022-12-26	South Korea	clade 21L	0.9615176	1.0461774	0.8797501	1.017184	0.9079731	0.9900058	0.9309244	0.0025209028
2022-12-27	South Korea	clade 21L	0.9615176	1.0461774	0.8797501	1.017184	0.9079731	0.9900058	0.9309244	0.0024541705
2022-12-28	South Korea	clade 21L	0.9615176	1.0461774	0.8797501	1.017184	0.9079731	0.9900058	0.9309244	0.0023889076
2022-12-29	South Korea	clade 21L	0.9615176	1.0461774	0.8797501	1.017184	0.9079731	0.9900058	0.9309244	0.0023234086
2022-12-30	South Korea	clade 21L	0.9615176	1.0461774	0.8797501	1.017184	0.9079731	0.9900058	0.9309244	0.0022608836
2022-12-31	South Korea	clade 21L	0.9615176	1.0461774	0.8797501	1.017184	0.9079731	0.9900058	0.9309244	0.0021956535
2022-12-25	South Korea	clade 22A	0.93123543	1.0188727	0.84886247	0.9896225	0.8764816	0.9619785	0.9016848	0.00062634004
2022-12-26	South Korea	clade 22A	0.93123543	1.0188727	0.84886247	0.9896225	0.8764816	0.9619785	0.9016848	0.0006055409
2022-12-27	South Korea	clade 22A	0.93123543	1.0188727	0.84886247	0.9896225	0.8764816	0.9619785	0.9016848	0.0005858236
2022-12-28	South Korea	clade 22A	0.93123543	1.0188727	0.84886247	0.9896225	0.8764816	0.9619785	0.9016848	0.000565926
2022-12-29	South Korea	clade 22A	0.93123543	1.0188727	0.84886247	0.9896225	0.8764816	0.9619785	0.9016848	0.00054651964
2022-12-30	South Korea	clade 22A	0.93123543	1.0188727	0.84886247	0.9896225	0.8764816	0.9619785	0.9016848	0.0005276975
2022-12-31	South Korea	clade 22A	0.93123543	1.0188727	0.84886247	0.9896225	0.8764816	0.9619785	0.9016848	0.00050949596
2022-12-25	South Korea	clade 22B	0.992306	1.0795037	0.9108146	1.0483137	0.9399438	1.0220823	0.96447283	0.43628985
2022-12-26	South Korea	clade 22B	0.992306	1.0795037	0.9108146	1.0483137	0.9399438	1.0220823	0.96447283	0.42852652
2022-12-27	South Korea	clade 22B	0.992306	1.0795037	0.9108146	1.0483137	0.9399438	1.0220823	0.96447283	0.42067617
2022-12-28	South Korea	clade 22B	0.992306	1.0795037	0.9108146	1.0483137	0.9399438	1.0220823	0.96447283	0.41281158
2022-12-29	South Korea	clade 22B	0.992306	1.0795037	0.9108146	1.0483137	0.9399438	1.0220823	0.96447283	0.4050063
2022-12-30	South Korea	clade 22B	0.992306	1.0795037	0.9108146	1.0483137	0.9399438	1.0220823	0.96447283	0.39734608
2022-12-31	South Korea	clade 22B	0.992306	1.0795037	0.9108146	1.0483137	0.9399438	1.0220823	0.96447283	0.38970238
2022-12-25	South Korea	clade 22C	0.7482618	0.87706906	0.63778526	0.8257644	0.67610395	0.78782135	0.70807314	9.3652815e-08
2022-12-26	South Korea	clade 22C	0.7482618	0.87706906	0.63778526	0.8257644	0.67610395	0.78782135	0.70807314	8.561356e-08
2022-12-27	South Korea	clade 22C	0.7482618	0.87706906	0.63778526	0.8257644	0.67610395	0.78782135	0.70807314	7.824238e-08
2022-12-28	South Korea	clade 22C	0.7482618	0.87706906	0.63778526	0.8257644	0.67610395	0.78782135	0.70807314	7.148458e-08
2022-12-29	South Korea	clade 22C	0.7482618	0.87706906	0.63778526	0.8257644	0.67610395	0.78782135	0.70807314	6.541778e-08
2022-12-30	South Korea	clade 22C	0.7482618	0.87706906	0.63778526	0.8257644	0.67610395	0.78782135	0.70807314	5.97299e-08
2022-12-31	South Korea	clade 22C	0.7482618	0.87706906	0.63778526	0.8257644	0.67610395	0.78782135	0.70807314	5.4566467e-08
2022-12-25	South Korea	clade 22D	1.1163378	1.21131	1.0246197	1.1798749	1.0556962	1.1487869	1.0829031	0.29975706
2022-12-26	South Korea	clade 22D	1.1163378	1.21131	1.0246197	1.1798749	1.0556962	1.1487869	1.0829031	0.30318126
2022-12-27	South Korea	clade 22D	1.1163378	1.21131	1.0246197	1.1798749	1.0556962	1.1487869	1.0829031	0.30665395
2022-12-28	South Korea	clade 22D	1.1163378	1.21131	1.0246197	1.1798749	1.0556962	1.1487869	1.0829031	0.310075
2022-12-29	South Korea	clade 22D	1.1163378	1.21131	1.0246197	1.1798749	1.0556962	1.1487869	1.0829031	0.3134814
2022-12-30	South Korea	clade 22D	1.1163378	1.21131	1.0246197	1.1798749	1.0556962	1.1487869	1.0829031	0.3169039
2022-12-31	South Korea	clade 22D	1.1163378	1.21131	1.0246197	1.1798749	1.0556962	1.1487869	1.0829031	0.32017952
2022-12-25	South Korea	clade 22E	1.151475	1.2474138	1.0594625	1.2151695	1.0905946	1.1840209	1.1189243	0.1922245
2022-12-26	South Korea	clade 22E	1.151475	1.2474138	1.0594625	1.2151695	1.0905946	1.1840209	1.1189243	0.19597796
2022-12-27	South Korea	clade 22E	1.151475	1.2474138	1.0594625	1.2151695	1.0905946	1.1840209	1.1189243	0.19992064
2022-12-28	South Korea	clade 22E	1.151475	1.2474138	1.0594625	1.2151695	1.0905946	1.1840209	1.1189243	0.20381436
2022-12-29	South Korea	clade 22E	1.151475	1.2474138	1.0594625	1.2151695	1.0905946	1.1840209	1.1189243	0.20775577
2022-12-30	South Korea	clade 22E	1.151475	1.2474138	1.0594625	1.2151695	1.0905946	1.1840209	1.1189243	0.21155092
2022-12-31	South Korea	clade 22E	1.151475	1.2474138	1.0594625	1.2151695	1.0905946	1.1840209	1.1189243	0.21533722
2022-12-25	South Korea	clade 22F	1.1109872	1.211985	1.0113062	1.1760516	1.0447521	1.1439278	1.075593	0.04136554
2022-12-26	South Korea	clade 22F	1.1109872	1.211985	1.0113062	1.1760516	1.0447521	1.1439278	1.075593	0.041755453
2022-12-27	South Korea	clade 22F	1.1109872	1.211985	1.0113062	1.1760516	1.0447521	1.1439278	1.075593	0.042143747
2022-12-28	South Korea	clade 22F	1.1109872	1.211985	1.0113062	1.1760516	1.0447521	1.1439278	1.075593	0.042559743
2022-12-29	South Korea	clade 22F	1.1109872	1.211985	1.0113062	1.1760516	1.0447521	1.1439278	1.075593	0.042962182
2022-12-30	South Korea	clade 22F	1.1109872	1.211985	1.0113062	1.1760516	1.0447521	1.1439278	1.075593	0.04332503
2022-12-31	South Korea	clade 22F	1.1109872	1.211985	1.0113062	1.1760516	1.0447521	1.1439278	1.075593	0.043702066
2022-12-25	South Korea	lineage BA.2.3.20	1.0663743	1.1622306	0.9784794	1.1302865	1.0062021	1.0998662	1.0357455	0.020743074
2022-12-26	South Korea	lineage BA.2.3.20	1.0663743	1.1622306	0.9784794	1.1302865	1.0062021	1.0998662	1.0357455	0.020750187
2022-12-27	South Korea	lineage BA.2.3.20	1.0663743	1.1622306	0.9784794	1.1302865	1.0062021	1.0998662	1.0357455	0.02078869
2022-12-28	South Korea	lineage BA.2.3.20	1.0663743	1.1622306	0.9784794	1.1302865	1.0062021	1.0998662	1.0357455	0.020777434
2022-12-29	South Korea	lineage BA.2.3.20	1.0663743	1.1622306	0.9784794	1.1302865	1.0062021	1.0998662	1.0357455	0.02079118
2022-12-30	South Korea	lineage BA.2.3.20	1.0663743	1.1622306	0.9784794	1.1302865	1.0062021	1.0998662	1.0357455	0.020765847
2022-12-31	South Korea	lineage BA.2.3.20	1.0663743	1.1622306	0.9784794	1.1302865	1.0062021	1.0998662	1.0357455	0.020761773
2022-12-25	South Korea	lineage XBB.1.5	0.6884452	1.2837548	0.37464073	1.0344359	0.4611773	0.85014814	0.55712074	4.566482e-05
2022-12-26	South Korea	lineage XBB.1.5	0.6884452	1.2837548	0.37464073	1.0344359	0.4611773	0.85014814	0.55712074	4.0883097e-05
2022-12-27	South Korea	lineage XBB.1.5	0.6884452	1.2837548	0.37464073	1.0344359	0.4611773	0.85014814	0.55712074	3.643332e-05
2022-12-28	South Korea	lineage XBB.1.5	0.6884452	1.2837548	0.37464073	1.0344359	0.4611773	0.85014814	0.55712074	3.240852e-05
2022-12-29	South Korea	lineage XBB.1.5	0.6884452	1.2837548	0.37464073	1.0344359	0.4611773	0.85014814	0.55712074	2.9321154e-05
2022-12-30	South Korea	lineage XBB.1.5	0.6884452	1.2837548	0.37464073	1.0344359	0.4611773	0.85014814	0.55712074	2.6140635e-05
2022-12-31	South Korea	lineage XBB.1.5	0.6884452	1.2837548	0.37464073	1.0344359	0.4611773	0.85014814	0.55712074	2.3569733e-05
2022-12-25	South Korea	other	0.98939645	1.0744716	0.90354705	1.0445905	0.93416846	1.0177191	0.9582392	0.00083097233
2022-12-26	South Korea	other	0.98939645	1.0744716	0.90354705	1.0445905	0.93416846	1.0177191	0.9582392	0.00081469386
2022-12-27	South Korea	other	0.98939645	1.0744716	0.90354705	1.0445905	0.93416846	1.0177191	0.9582392	0.0007990969
2022-12-28	South Korea	other	0.98939645	1.0744716	0.90354705	1.0445905	0.93416846	1.0177191	0.9582392	0.00078331097
2022-12-29	South Korea	other	0.98939645	1.0744716	0.90354705	1.0445905	0.93416846	1.0177191	0.9582392	0.0007672439
2022-12-30	South Korea	other	0.98939645	1.0744716	0.90354705	1.0445905	0.93416846	1.0177191	0.9582392	0.0007523051
2022-12-31	South Korea	other	0.98939645	1.0744716	0.90354705	1.0445905	0.93416846	1.0177191	0.9582392	0.0007358972
2022-12-25	United Kingdom	clade 21L	0.9690834	1.066743	0.88059187	1.030997	0.9119129	1.0014474	0.93803835	0.0003280206
2022-12-26	United Kingdom	clade 21L	0.9690834	1.066743	0.88059187	1.030997	0.9119129	1.0014474	0.93803835	0.00031424337
2022-12-27	United Kingdom	clade 21L	0.9690834	1.066743	0.88059187	1.030997	0.9119129	1.0014474	0.93803835	0.00030071323
2022-12-28	United Kingdom	clade 21L	0.9690834	1.066743	0.88059187	1.030997	0.9119129	1.0014474	0.93803835	0.00028806037
2022-12-29	United Kingdom	clade 21L	0.9690834	1.066743	0.88059187	1.030997	0.9119129	1.0014474	0.93803835	0.00027608353
2022-12-30	United Kingdom	clade 21L	0.9690834	1.066743	0.88059187	1.030997	0.9119129	1.0014474	0.93803835	0.0002644204
2022-12-31	United Kingdom	clade 21L	0.9690834	1.066743	0.88059187	1.030997	0.9119129	1.0014474	0.93803835	0.00025303877
2022-12-25	United Kingdom	clade 22A	0.9292671	1.0210546	0.84727126	0.9862814	0.8750835	0.9587983	0.900942	0.0025188215
2022-12-26	United Kingdom	clade 22A	0.9292671	1.0210546	0.84727126	0.9862814	0.8750835	0.9587983	0.900942	0.002386108
2022-12-27	United Kingdom	clade 22A	0.9292671	1.0210546	0.84727126	0.9862814	0.8750835	0.9587983	0.900942	0.0022609578
2022-12-28	United Kingdom	clade 22A	0.9292671	1.0210546	0.84727126	0.9862814	0.8750835	0.9587983	0.900942	0.0021412235
2022-12-29	United Kingdom	clade 22A	0.9292671	1.0210546	0.84727126	0.9862814	0.8750835	0.9587983	0.900942	0.0020274161
2022-12-30	United Kingdom	clade 22A	0.9292671	1.0210546	0.84727126	0.9862814	0.8750835	0.9587983	0.900942	0.00191758
2022-12-31	United Kingdom	clade 22A	0.9292671	1.0210546	0.84727126	0.9862814	0.8750835	0.9587983	0.900942	0.0018148948
2022-12-25	United Kingdom	clade 22B	0.95216143	1.0452105	0.86957586	1.0116172	0.89653707	0.9833497	0.92337453	0.058709078
2022-12-26	United Kingdom	clade 22B	0.95216143	1.0452105	0.86957586	1.0116172	0.89653707	0.9833497	0.92337453	0.055996202
2022-12-27	United Kingdom	clade 22B	0.95216143	1.0452105	0.86957586	1.0116172	0.89653707	0.9833497	0.92337453	0.053380974
2022-12-28	United Kingdom	clade 22B	0.95216143	1.0452105	0.86957586	1.0116172	0.89653707	0.9833497	0.92337453	0.050858893
2022-12-29	United Kingdom	clade 22B	0.95216143	1.0452105	0.86957586	1.0116172	0.89653707	0.9833497	0.92337453	0.048449036
2022-12-30	United Kingdom	clade 22B	0.95216143	1.0452105	0.86957586	1.0116172	0.89653707	0.9833497	0.92337453	0.04614681
2022-12-31	United Kingdom	clade 22B	0.95216143	1.0452105	0.86957586	1.0116172	0.89653707	0.9833497	0.92337453	0.043934792
2022-12-25	United Kingdom	clade 22C	0.75214696	0.8452693	0.67135054	0.8103848	0.6958284	0.78180975	0.7220672	5.7006034e-08
2022-12-26	United Kingdom	clade 22C	0.75214696	0.8452693	0.67135054	0.8103848	0.6958284	0.78180975	0.7220672	5.1118235e-08
2022-12-27	United Kingdom	clade 22C	0.75214696	0.8452693	0.67135054	0.8103848	0.6958284	0.78180975	0.7220672	4.5896066e-08
2022-12-28	United Kingdom	clade 22C	0.75214696	0.8452693	0.67135054	0.8103848	0.6958284	0.78180975	0.7220672	4.1172264e-08
2022-12-29	United Kingdom	clade 22C	0.75214696	0.8452693	0.67135054	0.8103848	0.6958284	0.78180975	0.7220672	3.697157e-08
2022-12-30	United Kingdom	clade 22C	0.75214696	0.8452693	0.67135054	0.8103848	0.6958284	0.78180975	0.7220672	3.3142815e-08
2022-12-31	United Kingdom	clade 22C	0.75214696	0.8452693	0.67135054	0.8103848	0.6958284	0.78180975	0.7220672	2.9784921e-08
2022-12-25	United Kingdom	clade 22D	1.1509204	1.2609643	1.0517595	1.2220291	1.0839161	1.1881794	1.1160071	0.17020556
2022-12-26	United Kingdom	clade 22D	1.1509204	1.2609643	1.0517595	1.2220291	1.0839161	1.1881794	1.1160071	0.17031226
2022-12-27	United Kingdom	clade 22D	1.1509204	1.2609643	1.0517595	1.2220291	1.0839161	1.1881794	1.1160071	0.17035961
2022-12-28	United Kingdom	clade 22D	1.1509204	1.2609643	1.0517595	1.2220291	1.0839161	1.1881794	1.1160071	0.17047332
2022-12-29	United Kingdom	clade 22D	1.1509204	1.2609643	1.0517595	1.2220291	1.0839161	1.1881794	1.1160071	0.17047703
2022-12-30	United Kingdom	clade 22D	1.1509204	1.2609643	1.0517595	1.2220291	1.0839161	1.1881794	1.1160071	0.17045087
2022-12-31	United Kingdom	clade 22D	1.1509204	1.2609643	1.0517595	1.2220291	1.0839161	1.1881794	1.1160071	0.17037103
2022-12-25	United Kingdom	clade 22E	1.1488888	1.2605505	1.0518649	1.2217441	1.0835944	1.185672	1.1159086	0.6756333
2022-12-26	United Kingdom	clade 22E	1.1488888	1.2605505	1.0518649	1.2217441	1.0835944	1.185672	1.1159086	0.6761358
2022-12-27	United Kingdom	clade 22E	1.1488888	1.2605505	1.0518649	1.2217441	1.0835944	1.185672	1.1159086	0.6765044
2022-12-28	United Kingdom	clade 22E	1.1488888	1.2605505	1.0518649	1.2217441	1.0835944	1.185672	1.1159086	0.6766571
2022-12-29	United Kingdom	clade 22E	1.1488888	1.2605505	1.0518649	1.2217441	1.0835944	1.185672	1.1159086	0.6768273
2022-12-30	United Kingdom	clade 22E	1.1488888	1.2605505	1.0518649	1.2217441	1.0835944	1.185672	1.1159086	0.6767585
2022-12-31	United Kingdom	clade 22E	1.1488888	1.2605505	1.0518649	1.2217441	1.0835944	1.185672	1.1159086	0.67649424
2022-12-25	United Kingdom	clade 22F	1.2462142	1.3695478	1.1370708	1.3243788	1.173207	1.2871633	1.2088996	0.07933839
2022-12-26	United Kingdom	clade 22F	1.2462142	1.3695478	1.1370708	1.3243788	1.173207	1.2871633	1.2088996	0.081134066
2022-12-27	United Kingdom	clade 22F	1.2462142	1.3695478	1.1370708	1.3243788	1.173207	1.2871633	1.2088996	0.08285979
2022-12-28	United Kingdom	clade 22F	1.2462142	1.3695478	1.1370708	1.3243788	1.173207	1.2871633	1.2088996	0.08460386
2022-12-29	United Kingdom	clade 22F	1.2462142	1.3695478	1.1370708	1.3243788	1.173207	1.2871633	1.2088996	0.086387426
2022-12-30	United Kingdom	clade 22F	1.2462142	1.3695478	1.1370708	1.3243788	1.173207	1.2871633	1.2088996	0.088159576
2022-12-31	United Kingdom	clade 22F	1.2462142	1.3695478	1.1370708	1.3243788	1.173207	1.2871633	1.2088996	0.08998884
2022-12-25	United Kingdom	lineage BA.2.3.20	1.0999591	1.2145011	0.99706024	1.1706617	1.031087	1.1383886	1.0629591	0.002015261
2022-12-26	United Kingdom	lineage BA.2.3.20	1.0999591	1.2145011	0.99706024	1.1706617	1.031087	1.1383886	1.0629591	0.0019926038
2022-12-27	United Kingdom	lineage BA.2.3.20	1.0999591	1.2145011	0.99706024	1.1706617	1.031087	1.1383886	1.0629591	0.0019702462
2022-12-28	United Kingdom	lineage BA.2.3.20	1.0999591	1.2145011	0.99706024	1.1706617	1.031087	1.1383886	1.0629591	0.0019477888
2022-12-29	United Kingdom	lineage BA.2.3.20	1.0999591	1.2145011	0.99706024	1.1706617	1.031087	1.1383886	1.0629591	0.0019273253
2022-12-30	United Kingdom	lineage BA.2.3.20	1.0999591	1.2145011	0.99706024	1.1706617	1.031087	1.1383886	1.0629591	0.0019031621
2022-12-31	United Kingdom	lineage BA.2.3.20	1.0999591	1.2145011	0.99706024	1.1706617	1.031087	1.1383886	1.0629591	0.0018802632
2022-12-25	United Kingdom	lineage XBB.1.5	1.3634176	1.8706709	1.0257561	1.6547443	1.1293736	1.5141916	1.2401404	0.00550869
2022-12-26	United Kingdom	lineage XBB.1.5	1.3634176	1.8706709	1.0257561	1.6547443	1.1293736	1.5141916	1.2401404	0.005777664
2022-12-27	United Kingdom	lineage XBB.1.5	1.3634176	1.8706709	1.0257561	1.6547443	1.1293736	1.5141916	1.2401404	0.0060564727
2022-12-28	United Kingdom	lineage XBB.1.5	1.3634176	1.8706709	1.0257561	1.6547443	1.1293736	1.5141916	1.2401404	0.006301596
2022-12-29	United Kingdom	lineage XBB.1.5	1.3634176	1.8706709	1.0257561	1.6547443	1.1293736	1.5141916	1.2401404	0.006609007
2022-12-30	United Kingdom	lineage XBB.1.5	1.3634176	1.8706709	1.0257561	1.6547443	1.1293736	1.5141916	1.2401404	0.0068791937
2022-12-31	United Kingdom	lineage XBB.1.5	1.3634176	1.8706709	1.0257561	1.6547443	1.1293736	1.5141916	1.2401404	0.007183309
2022-12-25	United Kingdom	other	1.0461934	1.1490636	0.9552718	1.1116362	0.9852191	1.080423	1.0144116	0.0024354556
2022-12-26	United Kingdom	other	1.0461934	1.1490636	0.9552718	1.1116362	0.9852191	1.080423	1.0144116	0.0023797634
2022-12-27	United Kingdom	other	1.0461934	1.1490636	0.9552718	1.1116362	0.9852191	1.080423	1.0144116	0.0023232303
2022-12-28	United Kingdom	other	1.0461934	1.1490636	0.9552718	1.1116362	0.9852191	1.080423	1.0144116	0.0022674985
2022-12-29	United Kingdom	other	1.0461934	1.1490636	0.9552718	1.1116362	0.9852191	1.080423	1.0144116	0.0022136653
2022-12-30	United Kingdom	other	1.0461934	1.1490636	0.9552718	1.1116362	0.9852191	1.080423	1.0144116	0.00216049
2022-12-31	United Kingdom	other	1.0461934	1.1490636	0.9552718	1.1116362	0.9852191	1.080423	1.0144116	0.0021058936
2022-12-25	USA	clade 21L	0.97606754	1.0389858	0.9168303	1.0158049	0.9366696	0.99672055	0.9549742	0.0017658062
2022-12-26	USA	clade 21L	0.97606754	1.0389858	0.9168303	1.0158049	0.9366696	0.99672055	0.9549742	0.0016423251
2022-12-27	USA	clade 21L	0.97606754	1.0389858	0.9168303	1.0158049	0.9366696	0.99672055	0.9549742	0.0015226173
2022-12-28	USA	clade 21L	0.97606754	1.0389858	0.9168303	1.0158049	0.9366696	0.99672055	0.9549742	0.0014026898
2022-12-29	USA	clade 21L	0.97606754	1.0389858	0.9168303	1.0158049	0.9366696	0.99672055	0.9549742	0.0012890908
2022-12-30	USA	clade 21L	0.97606754	1.0389858	0.9168303	1.0158049	0.9366696	0.99672055	0.9549742	0.0011786236
2022-12-31	USA	clade 21L	0.97606754	1.0389858	0.9168303	1.0158049	0.9366696	0.99672055	0.9549742	0.0010737332
2022-12-25	USA	clade 22A	0.83718264	0.8844736	0.7906768	0.86827064	0.8067438	0.8533747	0.8214205	0.0030918876
2022-12-26	USA	clade 22A	0.83718264	0.8844736	0.7906768	0.86827064	0.8067438	0.8533747	0.8214205	0.00276922
2022-12-27	USA	clade 22A	0.83718264	0.8844736	0.7906768	0.86827064	0.8067438	0.8533747	0.8214205	0.002469175
2022-12-28	USA	clade 22A	0.83718264	0.8844736	0.7906768	0.86827064	0.8067438	0.8533747	0.8214205	0.0021911
2022-12-29	USA	clade 22A	0.83718264	0.8844736	0.7906768	0.86827064	0.8067438	0.8533747	0.8214205	0.0019363263
2022-12-30	USA	clade 22A	0.83718264	0.8844736	0.7906768	0.86827064	0.8067438	0.8533747	0.8214205	0.0017015848
2022-12-31	USA	clade 22A	0.83718264	0.8844736	0.7906768	0.86827064	0.8067438	0.8533747	0.8214205	0.0014902862
2022-12-25	USA	clade 22B	0.89276445	0.94174296	0.8451059	0.9246494	0.86169463	0.9096383	0.876607	0.073461235
2022-12-26	USA	clade 22B	0.89276445	0.94174296	0.8451059	0.9246494	0.86169463	0.9096383	0.876607	0.06685927
2022-12-27	USA	clade 22B	0.89276445	0.94174296	0.8451059	0.9246494	0.86169463	0.9096383	0.876607	0.060585942
2022-12-28	USA	clade 22B	0.89276445	0.94174296	0.8451059	0.9246494	0.86169463	0.9096383	0.876607	0.054642826
2022-12-29	USA	clade 22B	0.89276445	0.94174296	0.8451059	0.9246494	0.86169463	0.9096383	0.876607	0.049097143
2022-12-30	USA	clade 22B	0.89276445	0.94174296	0.8451059	0.9246494	0.86169463	0.9096383	0.876607	0.04391405
2022-12-31	USA	clade 22B	0.89276445	0.94174296	0.8451059	0.9246494	0.86169463	0.9096383	0.876607	0.039103217
2022-12-25	USA	clade 22C	0.695825	0.73728615	0.6547501	0.722918	0.66885674	0.70946956	0.6815413	2.011964e-07
2022-12-26	USA	clade 22C	0.695825	0.73728615	0.6547501	0.722918	0.66885674	0.70946956	0.6815413	1.7228889e-07
2022-12-27	USA	clade 22C	0.695825	0.73728615	0.6547501	0.722918	0.66885674	0.70946956	0.6815413	1.4662476e-07
2022-12-28	USA	clade 22C	0.695825	0.73728615	0.6547501	0.722918	0.66885674	0.70946956	0.6815413	1.2427635e-07
2022-12-29	USA	clade 22C	0.695825	0.73728615	0.6547501	0.722918	0.66885674	0.70946956	0.6815413	1.0480459e-07
2022-12-30	USA	clade 22C	0.695825	0.73728615	0.6547501	0.722918	0.66885674	0.70946956	0.6815413	8.807739e-08
2022-12-31	USA	clade 22C	0.695825	0.73728615	0.6547501	0.722918	0.66885674	0.70946956	0.6815413	7.37588e-08
2022-12-25	USA	clade 22D	1.011744	1.0669898	0.9581687	1.0470095	0.9760988	1.0302154	0.9926715	0.029322844
2022-12-26	USA	clade 22D	1.011744	1.0669898	0.9581687	1.0470095	0.9760988	1.0302154	0.9926715	0.027553292
2022-12-27	USA	clade 22D	1.011744	1.0669898	0.9581687	1.0470095	0.9760988	1.0302154	0.9926715	0.02575514
2022-12-28	USA	clade 22D	1.011744	1.0669898	0.9581687	1.0470095	0.9760988	1.0302154	0.9926715	0.023970135
2022-12-29	USA	clade 22D	1.011744	1.0669898	0.9581687	1.0470095	0.9760988	1.0302154	0.9926715	0.02222918
2022-12-30	USA	clade 22D	1.011744	1.0669898	0.9581687	1.0470095	0.9760988	1.0302154	0.9926715	0.020521421
2022-12-31	USA	clade 22D	1.011744	1.0669898	0.9581687	1.0470095	0.9760988	1.0302154	0.9926715	0.018861178
2022-12-25	USA	clade 22E	1.051909	1.1093005	0.99104446	1.091117	1.0116457	1.0714692	1.0313548	0.41257203
2022-12-26	USA	clade 22E	1.051909	1.1093005	0.99104446	1.091117	1.0116457	1.0714692	1.0313548	0.3911468
2022-12-27	USA	clade 22E	1.051909	1.1093005	0.99104446	1.091117	1.0116457	1.0714692	1.0313548	0.36936185
2022-12-28	USA	clade 22E	1.051909	1.1093005	0.99104446	1.091117	1.0116457	1.0714692	1.0313548	0.34741098
2022-12-29	USA	clade 22E	1.051909	1.1093005	0.99104446	1.091117	1.0116457	1.0714692	1.0313548	0.32521147
2022-12-30	USA	clade 22E	1.051909	1.1093005	0.99104446	1.091117	1.0116457	1.0714692	1.0313548	0.30311948
2022-12-31	USA	clade 22E	1.051909	1.1093005	0.99104446	1.091117	1.0116457	1.0714692	1.0313548	0.28115904
2022-12-25	USA	clade 22F	1.1556525	1.2190937	1.0937803	1.1961758	1.1146541	1.1765838	1.1340446	0.061009347
2022-12-26	USA	clade 22F	1.1556525	1.2190937	1.0937803	1.1961758	1.1146541	1.1765838	1.1340446	0.059291787
2022-12-27	USA	clade 22F	1.1556525	1.2190937	1.0937803	1.1961758	1.1146541	1.1765838	1.1340446	0.05734864
2022-12-28	USA	clade 22F	1.1556525	1.2190937	1.0937803	1.1961758	1.1146541	1.1765838	1.1340446	0.05521159
2022-12-29	USA	clade 22F	1.1556525	1.2190937	1.0937803	1.1961758	1.1146541	1.1765838	1.1340446	0.05297438
2022-12-30	USA	clade 22F	1.1556525	1.2190937	1.0937803	1.1961758	1.1146541	1.1765838	1.1340446	0.050613925
2022-12-31	USA	clade 22F	1.1556525	1.2190937	1.0937803	1.1961758	1.1146541	1.1765838	1.1340446	0.048166927
2022-12-25	USA	lineage BA.2.3.20	1.0092897	1.0655307	0.9523789	1.0455877	0.9717119	1.028713	0.9893267	0.0022129987
2022-12-26	USA	lineage BA.2.3.20	1.0092897	1.0655307	0.9523789	1.0455877	0.9717119	1.028713	0.9893267	0.0020749047
2022-12-27	USA	lineage BA.2.3.20	1.0092897	1.0655307	0.9523789	1.0455877	0.9717119	1.028713	0.9893267	0.0019392639
2022-12-28	USA	lineage BA.2.3.20	1.0092897	1.0655307	0.9523789	1.0455877	0.9717119	1.028713	0.9893267	0.0018051796
2022-12-29	USA	lineage BA.2.3.20	1.0092897	1.0655307	0.9523789	1.0455877	0.9717119	1.028713	0.9893267	0.0016722211
2022-12-30	USA	lineage BA.2.3.20	1.0092897	1.0655307	0.9523789	1.0455877	0.9717119	1.028713	0.9893267	0.0015409191
2022-12-31	USA	lineage BA.2.3.20	1.0092897	1.0655307	0.9523789	1.0455877	0.9717119	1.028713	0.9893267	0.0014161519
2022-12-25	USA	lineage XBB.1.5	1.711885	1.8057591	1.6174214	1.775573	1.6478033	1.744765	1.6786358	0.4153983
2022-12-26	USA	lineage XBB.1.5	1.711885	1.8057591	1.6174214	1.775573	1.6478033	1.744765	1.6786358	0.44740838
2022-12-27	USA	lineage XBB.1.5	1.711885	1.8057591	1.6174214	1.775573	1.6478033	1.744765	1.6786358	0.47999933
2022-12-28	USA	lineage XBB.1.5	1.711885	1.8057591	1.6174214	1.775573	1.6478033	1.744765	1.6786358	0.512482
2022-12-29	USA	lineage XBB.1.5	1.711885	1.8057591	1.6174214	1.775573	1.6478033	1.744765	1.6786358	0.54477763
2022-12-30	USA	lineage XBB.1.5	1.711885	1.8057591	1.6174214	1.775573	1.6478033	1.744765	1.6786358	0.5766119
2022-12-31	USA	lineage XBB.1.5	1.711885	1.8057591	1.6174214	1.775573	1.6478033	1.744765	1.6786358	0.6076689
2022-12-25	USA	other	0.921565	0.9723656	0.8712228	0.9543718	0.88923967	0.93849206	0.90461075	0.0005284677
2022-12-26	USA	other	0.921565	0.9723656	0.8712228	0.9543718	0.88923967	0.93849206	0.90461075	0.00048495876
2022-12-27	USA	other	0.921565	0.9723656	0.8712228	0.9543718	0.88923967	0.93849206	0.90461075	0.0004431928
2022-12-28	USA	other	0.921565	0.9723656	0.8712228	0.9543718	0.88923967	0.93849206	0.90461075	0.0004026693
2022-12-29	USA	other	0.921565	0.9723656	0.8712228	0.9543718	0.88923967	0.93849206	0.90461075	0.0003643263
2022-12-30	USA	other	0.921565	0.9723656	0.8712228	0.9543718	0.88923967	0.93849206	0.90461075	0.00032860902
2022-12-31	USA	other	0.921565	0.9723656	0.8712228	0.9543718	0.88923967	0.93849206	0.90461075	0.0002949529
