date	location	variant	median_r	median_freq	r_upper_95	r_lower_95	r_upper_80	r_lower_80	r_upper_50	r_lower_50
2022-01-07	Australia	Delta	-0.014980219	0.009992387	0.009921316	-0.045254815	0.002288759	-0.033533257	-0.0074192234	-0.026273143
2022-01-08	Australia	Delta	-0.014980219	0.008243296	0.009921316	-0.045254815	0.002288759	-0.033533257	-0.0074192234	-0.026273143
2022-01-09	Australia	Delta	-0.014980219	0.0067837266	0.009921316	-0.045254815	0.002288759	-0.033533257	-0.0074192234	-0.026273143
2022-01-10	Australia	Delta	-0.014980219	0.005583752	0.009921316	-0.045254815	0.002288759	-0.033533257	-0.0074192234	-0.026273143
2022-01-11	Australia	Delta	-0.014980219	0.0046060705	0.009921316	-0.045254815	0.002288759	-0.033533257	-0.0074192234	-0.026273143
2022-01-12	Australia	Delta	-0.014980219	0.0037981188	0.009921316	-0.045254815	0.002288759	-0.033533257	-0.0074192234	-0.026273143
2022-01-13	Australia	Delta	-0.014980219	0.0031314667	0.009921316	-0.045254815	0.002288759	-0.033533257	-0.0074192234	-0.026273143
2022-01-07	Australia	Omicron	0.17898011	0.9899974	0.20119143	0.1563141	0.19347723	0.16465342	0.18579426	0.17080998
2022-01-08	Australia	Omicron	0.17898011	0.9917514	0.20119143	0.1563141	0.19347723	0.16465342	0.18579426	0.17080998
2022-01-09	Australia	Omicron	0.17898011	0.993212	0.20119143	0.1563141	0.19347723	0.16465342	0.18579426	0.17080998
2022-01-10	Australia	Omicron	0.17898011	0.9944116	0.20119143	0.1563141	0.19347723	0.16465342	0.18579426	0.17080998
2022-01-11	Australia	Omicron	0.17898011	0.99539214	0.20119143	0.1563141	0.19347723	0.16465342	0.18579426	0.17080998
2022-01-12	Australia	Omicron	0.17898011	0.99619865	0.20119143	0.1563141	0.19347723	0.16465342	0.18579426	0.17080998
2022-01-13	Australia	Omicron	0.17898011	0.9968672	0.20119143	0.1563141	0.19347723	0.16465342	0.18579426	0.17080998
2022-01-07	Australia	other	-0.015348727	6.3488624e-06	0.009142248	-0.041096345	-8.484171e-06	-0.03185376	-0.007424757	-0.024195874
2022-01-08	Australia	other	-0.015348727	5.23864e-06	0.009142248	-0.041096345	-8.484171e-06	-0.03185376	-0.007424757	-0.024195874
2022-01-09	Australia	other	-0.015348727	4.3262503e-06	0.009142248	-0.041096345	-8.484171e-06	-0.03185376	-0.007424757	-0.024195874
2022-01-10	Australia	other	-0.015348727	3.5695025e-06	0.009142248	-0.041096345	-8.484171e-06	-0.03185376	-0.007424757	-0.024195874
2022-01-11	Australia	other	-0.015348727	2.9418393e-06	0.009142248	-0.041096345	-8.484171e-06	-0.03185376	-0.007424757	-0.024195874
2022-01-12	Australia	other	-0.015348727	2.4301378e-06	0.009142248	-0.041096345	-8.484171e-06	-0.03185376	-0.007424757	-0.024195874
2022-01-13	Australia	other	-0.015348727	2.0016032e-06	0.009142248	-0.041096345	-8.484171e-06	-0.03185376	-0.007424757	-0.024195874
2022-01-05	Brazil	Delta	-0.21720648	0.0013652779	-0.13178378	-0.32536256	-0.16940813	-0.3018806	-0.2010467	-0.26723394
2022-01-06	Brazil	Delta	-0.21720648	0.0009801356	-0.13178378	-0.32536256	-0.16940813	-0.3018806	-0.2010467	-0.26723394
2022-01-07	Brazil	Delta	-0.21720648	0.00071081135	-0.13178378	-0.32536256	-0.16940813	-0.3018806	-0.2010467	-0.26723394
2022-01-08	Brazil	Delta	-0.21720648	0.00051638903	-0.13178378	-0.32536256	-0.16940813	-0.3018806	-0.2010467	-0.26723394
2022-01-09	Brazil	Delta	-0.21720648	0.0003746115	-0.13178378	-0.32536256	-0.16940813	-0.3018806	-0.2010467	-0.26723394
2022-01-10	Brazil	Delta	-0.21720648	0.00027280432	-0.13178378	-0.32536256	-0.16940813	-0.3018806	-0.2010467	-0.26723394
2022-01-11	Brazil	Delta	-0.21720648	0.0001980011	-0.13178378	-0.32536256	-0.16940813	-0.3018806	-0.2010467	-0.26723394
2022-01-05	Brazil	Omicron	0.10505986	0.9982699	0.15303478	0.046203323	0.13507342	0.06557675	0.11740225	0.07959579
2022-01-06	Brazil	Omicron	0.10505986	0.99869645	0.15303478	0.046203323	0.13507342	0.06557675	0.11740225	0.07959579
2022-01-07	Brazil	Omicron	0.10505986	0.99901366	0.15303478	0.046203323	0.13507342	0.06557675	0.11740225	0.07959579
2022-01-08	Brazil	Omicron	0.10505986	0.9992398	0.15303478	0.046203323	0.13507342	0.06557675	0.11740225	0.07959579
2022-01-09	Brazil	Omicron	0.10505986	0.99941087	0.15303478	0.046203323	0.13507342	0.06557675	0.11740225	0.07959579
2022-01-10	Brazil	Omicron	0.10505986	0.9995432	0.15303478	0.046203323	0.13507342	0.06557675	0.11740225	0.07959579
2022-01-11	Brazil	Omicron	0.10505986	0.9996431	0.15303478	0.046203323	0.13507342	0.06557675	0.11740225	0.07959579
2022-01-05	Brazil	other	-0.04647777	0.0003418442	-0.026659235	-0.06888618	-0.03290371	-0.060377423	-0.03913576	-0.052992135
2022-01-06	Brazil	other	-0.04647777	0.00029105204	-0.026659235	-0.06888618	-0.03290371	-0.060377423	-0.03913576	-0.052992135
2022-01-07	Brazil	other	-0.04647777	0.0002496814	-0.026659235	-0.06888618	-0.03290371	-0.060377423	-0.03913576	-0.052992135
2022-01-08	Brazil	other	-0.04647777	0.00021547326	-0.026659235	-0.06888618	-0.03290371	-0.060377423	-0.03913576	-0.052992135
2022-01-09	Brazil	other	-0.04647777	0.0001857144	-0.026659235	-0.06888618	-0.03290371	-0.060377423	-0.03913576	-0.052992135
2022-01-10	Brazil	other	-0.04647777	0.00015988428	-0.026659235	-0.06888618	-0.03290371	-0.060377423	-0.03913576	-0.052992135
2022-01-11	Brazil	other	-0.04647777	0.00013719013	-0.026659235	-0.06888618	-0.03290371	-0.060377423	-0.03913576	-0.052992135
2022-01-07	Canada	Delta	-0.116869584	0.013474819	-0.06785984	-0.17328748	-0.088672504	-0.16051254	-0.101375766	-0.13734029
2022-01-08	Canada	Delta	-0.116869584	0.011285072	-0.06785984	-0.17328748	-0.088672504	-0.16051254	-0.101375766	-0.13734029
2022-01-09	Canada	Delta	-0.116869584	0.009444917	-0.06785984	-0.17328748	-0.088672504	-0.16051254	-0.101375766	-0.13734029
2022-01-10	Canada	Delta	-0.116869584	0.007899716	-0.06785984	-0.17328748	-0.088672504	-0.16051254	-0.101375766	-0.13734029
2022-01-11	Canada	Delta	-0.116869584	0.0066132797	-0.06785984	-0.17328748	-0.088672504	-0.16051254	-0.101375766	-0.13734029
2022-01-12	Canada	Delta	-0.116869584	0.0055419346	-0.06785984	-0.17328748	-0.088672504	-0.16051254	-0.101375766	-0.13734029
2022-01-13	Canada	Delta	-0.116869584	0.0046401704	-0.06785984	-0.17328748	-0.088672504	-0.16051254	-0.101375766	-0.13734029
2022-01-07	Canada	Omicron	0.062024213	0.9864645	0.10785964	0.0034502298	0.093090296	0.026325278	0.076173104	0.041093394
2022-01-08	Canada	Omicron	0.062024213	0.9886745	0.10785964	0.0034502298	0.093090296	0.026325278	0.076173104	0.041093394
2022-01-09	Canada	Omicron	0.062024213	0.99052423	0.10785964	0.0034502298	0.093090296	0.026325278	0.076173104	0.041093394
2022-01-10	Canada	Omicron	0.062024213	0.992077	0.10785964	0.0034502298	0.093090296	0.026325278	0.076173104	0.041093394
2022-01-11	Canada	Omicron	0.062024213	0.99336207	0.10785964	0.0034502298	0.093090296	0.026325278	0.076173104	0.041093394
2022-01-12	Canada	Omicron	0.062024213	0.9944371	0.10785964	0.0034502298	0.093090296	0.026325278	0.076173104	0.041093394
2022-01-13	Canada	Omicron	0.062024213	0.9953421	0.10785964	0.0034502298	0.093090296	0.026325278	0.076173104	0.041093394
2022-01-07	Canada	other	-0.11314036	4.8677044e-05	-0.0670193	-0.16975746	-0.08422348	-0.15123491	-0.096894406	-0.13157204
2022-01-08	Canada	other	-0.11314036	4.0967483e-05	-0.0670193	-0.16975746	-0.08422348	-0.15123491	-0.096894406	-0.13157204
2022-01-09	Canada	other	-0.11314036	3.4404104e-05	-0.0670193	-0.16975746	-0.08422348	-0.15123491	-0.096894406	-0.13157204
2022-01-10	Canada	other	-0.11314036	2.8920305e-05	-0.0670193	-0.16975746	-0.08422348	-0.15123491	-0.096894406	-0.13157204
2022-01-11	Canada	other	-0.11314036	2.4315777e-05	-0.0670193	-0.16975746	-0.08422348	-0.15123491	-0.096894406	-0.13157204
2022-01-12	Canada	other	-0.11314036	2.04649e-05	-0.0670193	-0.16975746	-0.08422348	-0.15123491	-0.096894406	-0.13157204
2022-01-13	Canada	other	-0.11314036	1.7186558e-05	-0.0670193	-0.16975746	-0.08422348	-0.15123491	-0.096894406	-0.13157204
2022-01-07	Chile	Delta	-0.07841354	0.028804917	-0.03554364	-0.123509005	-0.05202863	-0.10933786	-0.06461607	-0.09566678
2022-01-08	Chile	Delta	-0.07841354	0.024177447	-0.03554364	-0.123509005	-0.05202863	-0.10933786	-0.06461607	-0.09566678
2022-01-09	Chile	Delta	-0.07841354	0.020286003	-0.03554364	-0.123509005	-0.05202863	-0.10933786	-0.06461607	-0.09566678
2022-01-10	Chile	Delta	-0.07841354	0.016999371	-0.03554364	-0.123509005	-0.05202863	-0.10933786	-0.06461607	-0.09566678
2022-01-11	Chile	Delta	-0.07841354	0.014213863	-0.03554364	-0.123509005	-0.05202863	-0.10933786	-0.06461607	-0.09566678
2022-01-12	Chile	Delta	-0.07841354	0.011864756	-0.03554364	-0.123509005	-0.05202863	-0.10933786	-0.06461607	-0.09566678
2022-01-13	Chile	Delta	-0.07841354	0.009928693	-0.03554364	-0.123509005	-0.05202863	-0.10933786	-0.06461607	-0.09566678
2022-01-07	Chile	Omicron	0.10151791	0.97102785	0.14412197	0.05434198	0.12997332	0.07064536	0.11549589	0.08490393
2022-01-08	Chile	Omicron	0.10151791	0.9756976	0.14412197	0.05434198	0.12997332	0.07064536	0.11549589	0.08490393
2022-01-09	Chile	Omicron	0.10151791	0.9796067	0.14412197	0.05434198	0.12997332	0.07064536	0.11549589	0.08490393
2022-01-10	Chile	Omicron	0.10151791	0.9829143	0.14412197	0.05434198	0.12997332	0.07064536	0.11549589	0.08490393
2022-01-11	Chile	Omicron	0.10151791	0.9857158	0.14412197	0.05434198	0.12997332	0.07064536	0.11549589	0.08490393
2022-01-12	Chile	Omicron	0.10151791	0.9880754	0.14412197	0.05434198	0.12997332	0.07064536	0.11549589	0.08490393
2022-01-13	Chile	Omicron	0.10151791	0.99002385	0.14412197	0.05434198	0.12997332	0.07064536	0.11549589	0.08490393
2022-01-07	Chile	other	-0.09838491	0.00014526476	-0.058591567	-0.14188805	-0.07348559	-0.12963863	-0.083685406	-0.112758204
2022-01-08	Chile	other	-0.09838491	0.000119401346	-0.058591567	-0.14188805	-0.07348559	-0.12963863	-0.083685406	-0.112758204
2022-01-09	Chile	other	-0.09838491	9.840375e-05	-0.058591567	-0.14188805	-0.07348559	-0.12963863	-0.083685406	-0.112758204
2022-01-10	Chile	other	-0.09838491	8.0793434e-05	-0.058591567	-0.14188805	-0.07348559	-0.12963863	-0.083685406	-0.112758204
2022-01-11	Chile	other	-0.09838491	6.627782e-05	-0.058591567	-0.14188805	-0.07348559	-0.12963863	-0.083685406	-0.112758204
2022-01-12	Chile	other	-0.09838491	5.4409007e-05	-0.058591567	-0.14188805	-0.07348559	-0.12963863	-0.083685406	-0.112758204
2022-01-13	Chile	other	-0.09838491	4.4624197e-05	-0.058591567	-0.14188805	-0.07348559	-0.12963863	-0.083685406	-0.112758204
2022-01-07	Denmark	Delta	0.010246666	0.018125826	0.12224437	-0.15071246	0.07657469	-0.10179998	0.037834242	-0.053726938
2022-01-08	Denmark	Delta	0.010246666	0.015176512	0.12224437	-0.15071246	0.07657469	-0.10179998	0.037834242	-0.053726938
2022-01-09	Denmark	Delta	0.010246666	0.012703684	0.12224437	-0.15071246	0.07657469	-0.10179998	0.037834242	-0.053726938
2022-01-10	Denmark	Delta	0.010246666	0.010480953	0.12224437	-0.15071246	0.07657469	-0.10179998	0.037834242	-0.053726938
2022-01-11	Denmark	Delta	0.010246666	0.00857067	0.12224437	-0.15071246	0.07657469	-0.10179998	0.037834242	-0.053726938
2022-01-12	Denmark	Delta	0.010246666	0.0070546437	0.12224437	-0.15071246	0.07657469	-0.10179998	0.037834242	-0.053726938
2022-01-13	Denmark	Delta	0.010246666	0.005863593	0.12224437	-0.15071246	0.07657469	-0.10179998	0.037834242	-0.053726938
2022-01-07	Denmark	Omicron	0.19600157	0.9817914	0.30479252	0.04670352	0.25960925	0.089206025	0.22196363	0.13475594
2022-01-08	Denmark	Omicron	0.19600157	0.9847609	0.30479252	0.04670352	0.25960925	0.089206025	0.22196363	0.13475594
2022-01-09	Denmark	Omicron	0.19600157	0.9872373	0.30479252	0.04670352	0.25960925	0.089206025	0.22196363	0.13475594
2022-01-10	Denmark	Omicron	0.19600157	0.98947495	0.30479252	0.04670352	0.25960925	0.089206025	0.22196363	0.13475594
2022-01-11	Denmark	Omicron	0.19600157	0.9913933	0.30479252	0.04670352	0.25960925	0.089206025	0.22196363	0.13475594
2022-01-12	Denmark	Omicron	0.19600157	0.9929149	0.30479252	0.04670352	0.25960925	0.089206025	0.22196363	0.13475594
2022-01-13	Denmark	Omicron	0.19600157	0.99410844	0.30479252	0.04670352	0.25960925	0.089206025	0.22196363	0.13475594
2022-01-07	Denmark	other	0.03816377	6.583802e-05	0.14910255	-0.10606948	0.10067859	-0.066694684	0.064394124	-0.023236793
2022-01-08	Denmark	other	0.03816377	5.679895e-05	0.14910255	-0.10606948	0.10067859	-0.066694684	0.064394124	-0.023236793
2022-01-09	Denmark	other	0.03816377	4.8880265e-05	0.14910255	-0.10606948	0.10067859	-0.066694684	0.064394124	-0.023236793
2022-01-10	Denmark	other	0.03816377	4.1606418e-05	0.14910255	-0.10606948	0.10067859	-0.066694684	0.064394124	-0.023236793
2022-01-11	Denmark	other	0.03816377	3.5024153e-05	0.14910255	-0.10606948	0.10067859	-0.066694684	0.064394124	-0.023236793
2022-01-12	Denmark	other	0.03816377	2.9833413e-05	0.14910255	-0.10606948	0.10067859	-0.066694684	0.064394124	-0.023236793
2022-01-13	Denmark	other	0.03816377	2.5636484e-05	0.14910255	-0.10606948	0.10067859	-0.066694684	0.064394124	-0.023236793
2022-01-07	France	Delta	-0.07068397	0.052246265	-0.020272743	-0.13404426	-0.03882074	-0.112557165	-0.056427978	-0.09529089
2022-01-08	France	Delta	-0.07068397	0.04454267	-0.020272743	-0.13404426	-0.03882074	-0.112557165	-0.056427978	-0.09529089
2022-01-09	France	Delta	-0.07068397	0.03790338	-0.020272743	-0.13404426	-0.03882074	-0.112557165	-0.056427978	-0.09529089
2022-01-10	France	Delta	-0.07068397	0.032244593	-0.020272743	-0.13404426	-0.03882074	-0.112557165	-0.056427978	-0.09529089
2022-01-11	France	Delta	-0.07068397	0.027413122	-0.020272743	-0.13404426	-0.03882074	-0.112557165	-0.056427978	-0.09529089
2022-01-12	France	Delta	-0.07068397	0.023331452	-0.020272743	-0.13404426	-0.03882074	-0.112557165	-0.056427978	-0.09529089
2022-01-13	France	Delta	-0.07068397	0.019811109	-0.020272743	-0.13404426	-0.03882074	-0.112557165	-0.056427978	-0.09529089
2022-01-07	France	Omicron	0.09546119	0.9453867	0.14625433	0.034547053	0.13087068	0.058614805	0.10967624	0.071209006
2022-01-08	France	Omicron	0.09546119	0.9534387	0.14625433	0.034547053	0.13087068	0.058614805	0.10967624	0.071209006
2022-01-09	France	Omicron	0.09546119	0.9603566	0.14625433	0.034547053	0.13087068	0.058614805	0.10967624	0.071209006
2022-01-10	France	Omicron	0.09546119	0.96625453	0.14625433	0.034547053	0.13087068	0.058614805	0.10967624	0.071209006
2022-01-11	France	Omicron	0.09546119	0.971239	0.14625433	0.034547053	0.13087068	0.058614805	0.10967624	0.071209006
2022-01-12	France	Omicron	0.09546119	0.9755274	0.14625433	0.034547053	0.13087068	0.058614805	0.10967624	0.071209006
2022-01-13	France	Omicron	0.09546119	0.9791789	0.14625433	0.034547053	0.13087068	0.058614805	0.10967624	0.071209006
2022-01-07	France	other	-0.057076957	0.0022642398	-0.008228171	-0.120866984	-0.02424137	-0.09677489	-0.041386034	-0.07990983
2022-01-08	France	other	-0.057076957	0.0019580573	-0.008228171	-0.120866984	-0.02424137	-0.09677489	-0.041386034	-0.07990983
2022-01-09	France	other	-0.057076957	0.0016939703	-0.008228171	-0.120866984	-0.02424137	-0.09677489	-0.041386034	-0.07990983
2022-01-10	France	other	-0.057076957	0.001464239	-0.008228171	-0.120866984	-0.02424137	-0.09677489	-0.041386034	-0.07990983
2022-01-11	France	other	-0.057076957	0.0012645528	-0.008228171	-0.120866984	-0.02424137	-0.09677489	-0.041386034	-0.07990983
2022-01-12	France	other	-0.057076957	0.0010901922	-0.008228171	-0.120866984	-0.02424137	-0.09677489	-0.041386034	-0.07990983
2022-01-13	France	other	-0.057076957	0.00093892065	-0.008228171	-0.120866984	-0.02424137	-0.09677489	-0.041386034	-0.07990983
2022-01-07	Germany	Delta	0.018361468	0.29962802	0.07462776	-0.048004303	0.05281901	-0.028229052	0.03612314	-0.0048340103
2022-01-08	Germany	Delta	0.018361468	0.272866	0.07462776	-0.048004303	0.05281901	-0.028229052	0.03612314	-0.0048340103
2022-01-09	Germany	Delta	0.018361468	0.2473475	0.07462776	-0.048004303	0.05281901	-0.028229052	0.03612314	-0.0048340103
2022-01-10	Germany	Delta	0.018361468	0.22422454	0.07462776	-0.048004303	0.05281901	-0.028229052	0.03612314	-0.0048340103
2022-01-11	Germany	Delta	0.018361468	0.20247138	0.07462776	-0.048004303	0.05281901	-0.028229052	0.03612314	-0.0048340103
2022-01-12	Germany	Delta	0.018361468	0.182379	0.07462776	-0.048004303	0.05281901	-0.028229052	0.03612314	-0.0048340103
2022-01-13	Germany	Delta	0.018361468	0.16368648	0.07462776	-0.048004303	0.05281901	-0.028229052	0.03612314	-0.0048340103
2022-01-07	Germany	Omicron	0.14841153	0.69742787	0.19937655	0.07565446	0.18279406	0.101822846	0.16229753	0.119496234
2022-01-08	Germany	Omicron	0.14841153	0.7245603	0.19937655	0.07565446	0.18279406	0.101822846	0.16229753	0.119496234
2022-01-09	Germany	Omicron	0.14841153	0.74989414	0.19937655	0.07565446	0.18279406	0.101822846	0.16229753	0.119496234
2022-01-10	Germany	Omicron	0.14841153	0.77349055	0.19937655	0.07565446	0.18279406	0.101822846	0.16229753	0.119496234
2022-01-11	Germany	Omicron	0.14841153	0.79500556	0.19937655	0.07565446	0.18279406	0.101822846	0.16229753	0.119496234
2022-01-12	Germany	Omicron	0.14841153	0.8156432	0.19937655	0.07565446	0.18279406	0.101822846	0.16229753	0.119496234
2022-01-13	Germany	Omicron	0.14841153	0.83441436	0.19937655	0.07565446	0.18279406	0.101822846	0.16229753	0.119496234
2022-01-07	Germany	other	0.04966585	0.0027405785	0.10495953	-0.01966631	0.08785913	0.008270223	0.068191096	0.026173301
2022-01-08	Germany	other	0.04966585	0.0025772057	0.10495953	-0.01966631	0.08785913	0.008270223	0.068191096	0.026173301
2022-01-09	Germany	other	0.04966585	0.00241445	0.10495953	-0.01966631	0.08785913	0.008270223	0.068191096	0.026173301
2022-01-10	Germany	other	0.04966585	0.0022558665	0.10495953	-0.01966631	0.08785913	0.008270223	0.068191096	0.026173301
2022-01-11	Germany	other	0.04966585	0.0021028775	0.10495953	-0.01966631	0.08785913	0.008270223	0.068191096	0.026173301
2022-01-12	Germany	other	0.04966585	0.001954024	0.10495953	-0.01966631	0.08785913	0.008270223	0.068191096	0.026173301
2022-01-13	Germany	other	0.04966585	0.0018086423	0.10495953	-0.01966631	0.08785913	0.008270223	0.068191096	0.026173301
2022-01-07	India	Delta	0.12278883	0.06122513	0.20961437	0.015211013	0.17152019	0.03806565	0.14486563	0.07636566
2022-01-08	India	Delta	0.12278883	0.051563643	0.20961437	0.015211013	0.17152019	0.03806565	0.14486563	0.07636566
2022-01-09	India	Delta	0.12278883	0.043344747	0.20961437	0.015211013	0.17152019	0.03806565	0.14486563	0.07636566
2022-01-10	India	Delta	0.12278883	0.036392882	0.20961437	0.015211013	0.17152019	0.03806565	0.14486563	0.07636566
2022-01-11	India	Delta	0.12278883	0.030545836	0.20961437	0.015211013	0.17152019	0.03806565	0.14486563	0.07636566
2022-01-12	India	Delta	0.12278883	0.025620308	0.20961437	0.015211013	0.17152019	0.03806565	0.14486563	0.07636566
2022-01-13	India	Delta	0.12278883	0.021487443	0.20961437	0.015211013	0.17152019	0.03806565	0.14486563	0.07636566
2022-01-07	India	Omicron	0.30460414	0.937152	0.39855662	0.19814156	0.35565475	0.21666656	0.327566	0.25441128
2022-01-08	India	Omicron	0.30460414	0.9471051	0.39855662	0.19814156	0.35565475	0.21666656	0.327566	0.25441128
2022-01-09	India	Omicron	0.30460414	0.95556015	0.39855662	0.19814156	0.35565475	0.21666656	0.327566	0.25441128
2022-01-10	India	Omicron	0.30460414	0.96268475	0.39855662	0.19814156	0.35565475	0.21666656	0.327566	0.25441128
2022-01-11	India	Omicron	0.30460414	0.9687152	0.39855662	0.19814156	0.35565475	0.21666656	0.327566	0.25441128
2022-01-12	India	Omicron	0.30460414	0.9737412	0.39855662	0.19814156	0.35565475	0.21666656	0.327566	0.25441128
2022-01-13	India	Omicron	0.30460414	0.97799134	0.39855662	0.19814156	0.35565475	0.21666656	0.327566	0.25441128
2022-01-07	India	other	0.11258373	0.0015972676	0.19892652	0.007043584	0.1640733	0.035647783	0.12818329	0.057384476
2022-01-08	India	other	0.11258373	0.0013315543	0.19892652	0.007043584	0.1640733	0.035647783	0.12818329	0.057384476
2022-01-09	India	other	0.11258373	0.001105967	0.19892652	0.007043584	0.1640733	0.035647783	0.12818329	0.057384476
2022-01-10	India	other	0.11258373	0.000919282	0.19892652	0.007043584	0.1640733	0.035647783	0.12818329	0.057384476
2022-01-11	India	other	0.11258373	0.00076582324	0.19892652	0.007043584	0.1640733	0.035647783	0.12818329	0.057384476
2022-01-12	India	other	0.11258373	0.00063658704	0.19892652	0.007043584	0.1640733	0.035647783	0.12818329	0.057384476
2022-01-13	India	other	0.11258373	0.0005302288	0.19892652	0.007043584	0.1640733	0.035647783	0.12818329	0.057384476
2022-01-07	Ireland	Delta	-0.17536734	0.003889813	-0.10370252	-0.24846265	-0.13364291	-0.23212485	-0.15994754	-0.21357414
2022-01-08	Ireland	Delta	-0.17536734	0.0032554877	-0.10370252	-0.24846265	-0.13364291	-0.23212485	-0.15994754	-0.21357414
2022-01-09	Ireland	Delta	-0.17536734	0.0027141087	-0.10370252	-0.24846265	-0.13364291	-0.23212485	-0.15994754	-0.21357414
2022-01-10	Ireland	Delta	-0.17536734	0.0022666166	-0.10370252	-0.24846265	-0.13364291	-0.23212485	-0.15994754	-0.21357414
2022-01-11	Ireland	Delta	-0.17536734	0.0019049421	-0.10370252	-0.24846265	-0.13364291	-0.23212485	-0.15994754	-0.21357414
2022-01-12	Ireland	Delta	-0.17536734	0.0016016051	-0.10370252	-0.24846265	-0.13364291	-0.23212485	-0.15994754	-0.21357414
2022-01-13	Ireland	Delta	-0.17536734	0.0013455469	-0.10370252	-0.24846265	-0.13364291	-0.23212485	-0.15994754	-0.21357414
2022-01-07	Ireland	Omicron	0.0020598094	0.9960507	0.07937176	-0.07626803	0.04841093	-0.05381252	0.017451325	-0.03898649
2022-01-08	Ireland	Omicron	0.0020598094	0.99669576	0.07937176	-0.07626803	0.04841093	-0.05381252	0.017451325	-0.03898649
2022-01-09	Ireland	Omicron	0.0020598094	0.9972421	0.07937176	-0.07626803	0.04841093	-0.05381252	0.017451325	-0.03898649
2022-01-10	Ireland	Omicron	0.0020598094	0.9976944	0.07937176	-0.07626803	0.04841093	-0.05381252	0.017451325	-0.03898649
2022-01-11	Ireland	Omicron	0.0020598094	0.998066	0.07937176	-0.07626803	0.04841093	-0.05381252	0.017451325	-0.03898649
2022-01-12	Ireland	Omicron	0.0020598094	0.99837387	0.07937176	-0.07626803	0.04841093	-0.05381252	0.017451325	-0.03898649
2022-01-13	Ireland	Omicron	0.0020598094	0.9986362	0.07937176	-0.07626803	0.04841093	-0.05381252	0.017451325	-0.03898649
2022-01-07	Ireland	other	-0.14865264	4.645263e-05	-0.080821574	-0.2301607	-0.11030357	-0.21030626	-0.13478251	-0.18811573
2022-01-08	Ireland	other	-0.14865264	3.9960403e-05	-0.080821574	-0.2301607	-0.11030357	-0.21030626	-0.13478251	-0.18811573
2022-01-09	Ireland	other	-0.14865264	3.4362092e-05	-0.080821574	-0.2301607	-0.11030357	-0.21030626	-0.13478251	-0.18811573
2022-01-10	Ireland	other	-0.14865264	2.9623207e-05	-0.080821574	-0.2301607	-0.11030357	-0.21030626	-0.13478251	-0.18811573
2022-01-11	Ireland	other	-0.14865264	2.5552501e-05	-0.080821574	-0.2301607	-0.11030357	-0.21030626	-0.13478251	-0.18811573
2022-01-12	Ireland	other	-0.14865264	2.2077531e-05	-0.080821574	-0.2301607	-0.11030357	-0.21030626	-0.13478251	-0.18811573
2022-01-13	Ireland	other	-0.14865264	1.9047422e-05	-0.080821574	-0.2301607	-0.11030357	-0.21030626	-0.13478251	-0.18811573
2022-01-07	Israel	Delta	-0.0241521	0.007274732	0.03637152	-0.10367486	0.014183814	-0.07568951	-0.006092988	-0.054466538
2022-01-08	Israel	Delta	-0.0241521	0.005764486	0.03637152	-0.10367486	0.014183814	-0.07568951	-0.006092988	-0.054466538
2022-01-09	Israel	Delta	-0.0241521	0.0045728004	0.03637152	-0.10367486	0.014183814	-0.07568951	-0.006092988	-0.054466538
2022-01-10	Israel	Delta	-0.0241521	0.0036275678	0.03637152	-0.10367486	0.014183814	-0.07568951	-0.006092988	-0.054466538
2022-01-11	Israel	Delta	-0.0241521	0.0028679227	0.03637152	-0.10367486	0.014183814	-0.07568951	-0.006092988	-0.054466538
2022-01-12	Israel	Delta	-0.0241521	0.0022667176	0.03637152	-0.10367486	0.014183814	-0.07568951	-0.006092988	-0.054466538
2022-01-13	Israel	Delta	-0.0241521	0.0017955572	0.03637152	-0.10367486	0.014183814	-0.07568951	-0.006092988	-0.054466538
2022-01-07	Israel	Omicron	0.20988414	0.99254894	0.27479395	0.12782499	0.2519467	0.1560195	0.22827192	0.17817941
2022-01-08	Israel	Omicron	0.20988414	0.9940978	0.27479395	0.12782499	0.2519467	0.1560195	0.22827192	0.17817941
2022-01-09	Israel	Omicron	0.20988414	0.9953183	0.27479395	0.12782499	0.2519467	0.1560195	0.22827192	0.17817941
2022-01-10	Israel	Omicron	0.20988414	0.9962864	0.27479395	0.12782499	0.2519467	0.1560195	0.22827192	0.17817941
2022-01-11	Israel	Omicron	0.20988414	0.9970597	0.27479395	0.12782499	0.2519467	0.1560195	0.22827192	0.17817941
2022-01-12	Israel	Omicron	0.20988414	0.9976765	0.27479395	0.12782499	0.2519467	0.1560195	0.22827192	0.17817941
2022-01-13	Israel	Omicron	0.20988414	0.9981634	0.27479395	0.12782499	0.2519467	0.1560195	0.22827192	0.17817941
2022-01-07	Israel	other	-0.016368795	0.00016543246	0.049043432	-0.082951955	0.02146766	-0.067146316	0.0022550682	-0.045190264
2022-01-08	Israel	other	-0.016368795	0.00013213075	0.049043432	-0.082951955	0.02146766	-0.067146316	0.0022550682	-0.045190264
2022-01-09	Israel	other	-0.016368795	0.000105825005	0.049043432	-0.082951955	0.02146766	-0.067146316	0.0022550682	-0.045190264
2022-01-10	Israel	other	-0.016368795	8.4519386e-05	0.049043432	-0.082951955	0.02146766	-0.067146316	0.0022550682	-0.045190264
2022-01-11	Israel	other	-0.016368795	6.735242e-05	0.049043432	-0.082951955	0.02146766	-0.067146316	0.0022550682	-0.045190264
2022-01-12	Israel	other	-0.016368795	5.361102e-05	0.049043432	-0.082951955	0.02146766	-0.067146316	0.0022550682	-0.045190264
2022-01-13	Israel	other	-0.016368795	4.274123e-05	0.049043432	-0.082951955	0.02146766	-0.067146316	0.0022550682	-0.045190264
2022-01-07	Netherlands	Delta	-0.013556354	0.18971477	0.020309139	-0.052961394	0.009142002	-0.03849736	-0.0020424721	-0.027826484
2022-01-08	Netherlands	Delta	-0.013556354	0.17037964	0.020309139	-0.052961394	0.009142002	-0.03849736	-0.0020424721	-0.027826484
2022-01-09	Netherlands	Delta	-0.013556354	0.15272322	0.020309139	-0.052961394	0.009142002	-0.03849736	-0.0020424721	-0.027826484
2022-01-10	Netherlands	Delta	-0.013556354	0.13642108	0.020309139	-0.052961394	0.009142002	-0.03849736	-0.0020424721	-0.027826484
2022-01-11	Netherlands	Delta	-0.013556354	0.12143654	0.020309139	-0.052961394	0.009142002	-0.03849736	-0.0020424721	-0.027826484
2022-01-12	Netherlands	Delta	-0.013556354	0.10785678	0.020309139	-0.052961394	0.009142002	-0.03849736	-0.0020424721	-0.027826484
2022-01-13	Netherlands	Delta	-0.013556354	0.09578514	0.020309139	-0.052961394	0.009142002	-0.03849736	-0.0020424721	-0.027826484
2022-01-07	Netherlands	Omicron	0.118449114	0.81009686	0.15091768	0.07988499	0.1411412	0.09545234	0.13069633	0.106779814
2022-01-08	Netherlands	Omicron	0.118449114	0.8294735	0.15091768	0.07988499	0.1411412	0.09545234	0.13069633	0.106779814
2022-01-09	Netherlands	Omicron	0.118449114	0.8471781	0.15091768	0.07988499	0.1411412	0.09545234	0.13069633	0.106779814
2022-01-10	Netherlands	Omicron	0.118449114	0.86347413	0.15091768	0.07988499	0.1411412	0.09545234	0.13069633	0.106779814
2022-01-11	Netherlands	Omicron	0.118449114	0.8784689	0.15091768	0.07988499	0.1411412	0.09545234	0.13069633	0.106779814
2022-01-12	Netherlands	Omicron	0.118449114	0.89200884	0.15091768	0.07988499	0.1411412	0.09545234	0.13069633	0.106779814
2022-01-13	Netherlands	Omicron	0.118449114	0.9041282	0.15091768	0.07988499	0.1411412	0.09545234	0.13069633	0.106779814
2022-01-07	Netherlands	other	-0.011341616	0.00014857578	0.021099027	-0.049553588	0.011619627	-0.034009356	-0.0018190555	-0.026431268
2022-01-08	Netherlands	other	-0.011341616	0.00013369802	0.021099027	-0.049553588	0.011619627	-0.034009356	-0.0018190555	-0.026431268
2022-01-09	Netherlands	other	-0.011341616	0.000119895616	0.021099027	-0.049553588	0.011619627	-0.034009356	-0.0018190555	-0.026431268
2022-01-10	Netherlands	other	-0.011341616	0.00010742579	0.021099027	-0.049553588	0.011619627	-0.034009356	-0.0018190555	-0.026431268
2022-01-11	Netherlands	other	-0.011341616	9.576693e-05	0.021099027	-0.049553588	0.011619627	-0.034009356	-0.0018190555	-0.026431268
2022-01-12	Netherlands	other	-0.011341616	8.544539e-05	0.021099027	-0.049553588	0.011619627	-0.034009356	-0.0018190555	-0.026431268
2022-01-13	Netherlands	other	-0.011341616	7.604383e-05	0.021099027	-0.049553588	0.011619627	-0.034009356	-0.0018190555	-0.026431268
2022-01-07	Norway	Delta	0.032662094	0.15832381	0.09569777	-0.043983053	0.07316848	-0.015576324	0.04768252	0.0014791968
2022-01-08	Norway	Delta	0.032662094	0.14388049	0.09569777	-0.043983053	0.07316848	-0.015576324	0.04768252	0.0014791968
2022-01-09	Norway	Delta	0.032662094	0.1304635	0.09569777	-0.043983053	0.07316848	-0.015576324	0.04768252	0.0014791968
2022-01-10	Norway	Delta	0.032662094	0.1180498	0.09569777	-0.043983053	0.07316848	-0.015576324	0.04768252	0.0014791968
2022-01-11	Norway	Delta	0.032662094	0.10674851	0.09569777	-0.043983053	0.07316848	-0.015576324	0.04768252	0.0014791968
2022-01-12	Norway	Delta	0.032662094	0.09651029	0.09569777	-0.043983053	0.07316848	-0.015576324	0.04768252	0.0014791968
2022-01-13	Norway	Delta	0.032662094	0.08711449	0.09569777	-0.043983053	0.07316848	-0.015576324	0.04768252	0.0014791968
2022-01-07	Norway	Omicron	0.14495908	0.84167624	0.20783564	0.063979015	0.18578196	0.09625674	0.15695128	0.10842181
2022-01-08	Norway	Omicron	0.14495908	0.8561195	0.20783564	0.063979015	0.18578196	0.09625674	0.15695128	0.10842181
2022-01-09	Norway	Omicron	0.14495908	0.8695365	0.20783564	0.063979015	0.18578196	0.09625674	0.15695128	0.10842181
2022-01-10	Norway	Omicron	0.14495908	0.8819502	0.20783564	0.063979015	0.18578196	0.09625674	0.15695128	0.10842181
2022-01-11	Norway	Omicron	0.14495908	0.89325154	0.20783564	0.063979015	0.18578196	0.09625674	0.15695128	0.10842181
2022-01-12	Norway	Omicron	0.14495908	0.9034897	0.20783564	0.063979015	0.18578196	0.09625674	0.15695128	0.10842181
2022-01-13	Norway	Omicron	0.14495908	0.9128855	0.20783564	0.063979015	0.18578196	0.09625674	0.15695128	0.10842181
2022-01-06	Portugal	Delta	-0.040859893	0.12740634	0.0126770735	-0.10326331	-0.006607817	-0.082564026	-0.025488911	-0.06614641
2022-01-07	Portugal	Delta	-0.040859893	0.11304285	0.0126770735	-0.10326331	-0.006607817	-0.082564026	-0.025488911	-0.06614641
2022-01-08	Portugal	Delta	-0.040859893	0.10018958	0.0126770735	-0.10326331	-0.006607817	-0.082564026	-0.025488911	-0.06614641
2022-01-09	Portugal	Delta	-0.040859893	0.08873582	0.0126770735	-0.10326331	-0.006607817	-0.082564026	-0.025488911	-0.06614641
2022-01-10	Portugal	Delta	-0.040859893	0.07850062	0.0126770735	-0.10326331	-0.006607817	-0.082564026	-0.025488911	-0.06614641
2022-01-11	Portugal	Delta	-0.040859893	0.06922249	0.0126770735	-0.10326331	-0.006607817	-0.082564026	-0.025488911	-0.06614641
2022-01-12	Portugal	Delta	-0.040859893	0.061005503	0.0126770735	-0.10326331	-0.006607817	-0.082564026	-0.025488911	-0.06614641
2022-01-06	Portugal	Omicron	0.09393503	0.87258947	0.14721194	0.03865856	0.1286916	0.056932725	0.10622256	0.06767369
2022-01-07	Portugal	Omicron	0.09393503	0.8869524	0.14721194	0.03865856	0.1286916	0.056932725	0.10622256	0.06767369
2022-01-08	Portugal	Omicron	0.09393503	0.8998048	0.14721194	0.03865856	0.1286916	0.056932725	0.10622256	0.06767369
2022-01-09	Portugal	Omicron	0.09393503	0.9112539	0.14721194	0.03865856	0.1286916	0.056932725	0.10622256	0.06767369
2022-01-10	Portugal	Omicron	0.09393503	0.92149246	0.14721194	0.03865856	0.1286916	0.056932725	0.10622256	0.06767369
2022-01-11	Portugal	Omicron	0.09393503	0.93077147	0.14721194	0.03865856	0.1286916	0.056932725	0.10622256	0.06767369
2022-01-12	Portugal	Omicron	0.09393503	0.93899155	0.14721194	0.03865856	0.1286916	0.056932725	0.10622256	0.06767369
2022-01-06	Portugal	other	-0.09192133	6.615789e-06	-0.04387239	-0.15413502	-0.0597598	-0.12977524	-0.07834407	-0.116566494
2022-01-07	Portugal	other	-0.09192133	5.5756236e-06	-0.04387239	-0.15413502	-0.0597598	-0.12977524	-0.07834407	-0.116566494
2022-01-08	Portugal	other	-0.09192133	4.685189e-06	-0.04387239	-0.15413502	-0.0597598	-0.12977524	-0.07834407	-0.116566494
2022-01-09	Portugal	other	-0.09192133	3.9394495e-06	-0.04387239	-0.15413502	-0.0597598	-0.12977524	-0.07834407	-0.116566494
2022-01-10	Portugal	other	-0.09192133	3.3076863e-06	-0.04387239	-0.15413502	-0.0597598	-0.12977524	-0.07834407	-0.116566494
2022-01-11	Portugal	other	-0.09192133	2.7711337e-06	-0.04387239	-0.15413502	-0.0597598	-0.12977524	-0.07834407	-0.116566494
2022-01-12	Portugal	other	-0.09192133	2.3182215e-06	-0.04387239	-0.15413502	-0.0597598	-0.12977524	-0.07834407	-0.116566494
2022-01-07	Singapore	Delta	-0.108715065	0.02380152	-0.06891496	-0.15095247	-0.08409892	-0.13830614	-0.09805219	-0.12649937
2022-01-08	Singapore	Delta	-0.108715065	0.018938705	-0.06891496	-0.15095247	-0.08409892	-0.13830614	-0.09805219	-0.12649937
2022-01-09	Singapore	Delta	-0.108715065	0.0150987785	-0.06891496	-0.15095247	-0.08409892	-0.13830614	-0.09805219	-0.12649937
2022-01-10	Singapore	Delta	-0.108715065	0.01208175	-0.06891496	-0.15095247	-0.08409892	-0.13830614	-0.09805219	-0.12649937
2022-01-11	Singapore	Delta	-0.108715065	0.009575587	-0.06891496	-0.15095247	-0.08409892	-0.13830614	-0.09805219	-0.12649937
2022-01-12	Singapore	Delta	-0.108715065	0.0076068603	-0.06891496	-0.15095247	-0.08409892	-0.13830614	-0.09805219	-0.12649937
2022-01-13	Singapore	Delta	-0.108715065	0.006047435	-0.06891496	-0.15095247	-0.08409892	-0.13830614	-0.09805219	-0.12649937
2022-01-07	Singapore	Omicron	0.12294007	0.975937	0.15035157	0.096736275	0.13987201	0.104964696	0.12892744	0.11024579
2022-01-08	Singapore	Omicron	0.12294007	0.98082477	0.15035157	0.096736275	0.13987201	0.104964696	0.12892744	0.11024579
2022-01-09	Singapore	Omicron	0.12294007	0.98471	0.15035157	0.096736275	0.13987201	0.104964696	0.12892744	0.11024579
2022-01-10	Singapore	Omicron	0.12294007	0.987803	0.15035157	0.096736275	0.13987201	0.104964696	0.12892744	0.11024579
2022-01-11	Singapore	Omicron	0.12294007	0.99027693	0.15035157	0.096736275	0.13987201	0.104964696	0.12892744	0.11024579
2022-01-12	Singapore	Omicron	0.12294007	0.99228156	0.15035157	0.096736275	0.13987201	0.104964696	0.12892744	0.11024579
2022-01-13	Singapore	Omicron	0.12294007	0.99385655	0.15035157	0.096736275	0.13987201	0.104964696	0.12892744	0.11024579
2022-01-07	Singapore	other	-0.047046576	0.00021363955	-0.029238546	-0.067331	-0.03525419	-0.059899233	-0.040032748	-0.052665927
2022-01-08	Singapore	other	-0.047046576	0.00018118907	-0.029238546	-0.067331	-0.03525419	-0.059899233	-0.040032748	-0.052665927
2022-01-09	Singapore	other	-0.047046576	0.00015298644	-0.029238546	-0.067331	-0.03525419	-0.059899233	-0.040032748	-0.052665927
2022-01-10	Singapore	other	-0.047046576	0.00012981883	-0.029238546	-0.067331	-0.03525419	-0.059899233	-0.040032748	-0.052665927
2022-01-11	Singapore	other	-0.047046576	0.000110165725	-0.029238546	-0.067331	-0.03525419	-0.059899233	-0.040032748	-0.052665927
2022-01-12	Singapore	other	-0.047046576	9.302258e-05	-0.029238546	-0.067331	-0.03525419	-0.059899233	-0.040032748	-0.052665927
2022-01-13	Singapore	other	-0.047046576	7.85263e-05	-0.029238546	-0.067331	-0.03525419	-0.059899233	-0.040032748	-0.052665927
2022-01-07	South Africa	Delta	-0.18089521	1.4037236e-05	-0.11078262	-0.2656248	-0.138216	-0.24009247	-0.16260664	-0.21745731
2022-01-08	South Africa	Delta	-0.18089521	1.1588085e-05	-0.11078262	-0.2656248	-0.138216	-0.24009247	-0.16260664	-0.21745731
2022-01-09	South Africa	Delta	-0.18089521	9.544417e-06	-0.11078262	-0.2656248	-0.138216	-0.24009247	-0.16260664	-0.21745731
2022-01-10	South Africa	Delta	-0.18089521	7.882723e-06	-0.11078262	-0.2656248	-0.138216	-0.24009247	-0.16260664	-0.21745731
2022-01-11	South Africa	Delta	-0.18089521	6.4923615e-06	-0.11078262	-0.2656248	-0.138216	-0.24009247	-0.16260664	-0.21745731
2022-01-12	South Africa	Delta	-0.18089521	5.3681597e-06	-0.11078262	-0.2656248	-0.138216	-0.24009247	-0.16260664	-0.21745731
2022-01-13	South Africa	Delta	-0.18089521	4.442085e-06	-0.11078262	-0.2656248	-0.138216	-0.24009247	-0.16260664	-0.21745731
2022-01-07	South Africa	Omicron	0.010879659	0.99997604	0.081472635	-0.0841347	0.057795405	-0.047797855	0.027602084	-0.02868105
2022-01-08	South Africa	Omicron	0.010879659	0.99998	0.081472635	-0.0841347	0.057795405	-0.047797855	0.027602084	-0.02868105
2022-01-09	South Africa	Omicron	0.010879659	0.99998325	0.081472635	-0.0841347	0.057795405	-0.047797855	0.027602084	-0.02868105
2022-01-10	South Africa	Omicron	0.010879659	0.99998605	0.081472635	-0.0841347	0.057795405	-0.047797855	0.027602084	-0.02868105
2022-01-11	South Africa	Omicron	0.010879659	0.9999883	0.081472635	-0.0841347	0.057795405	-0.047797855	0.027602084	-0.02868105
2022-01-12	South Africa	Omicron	0.010879659	0.9999903	0.081472635	-0.0841347	0.057795405	-0.047797855	0.027602084	-0.02868105
2022-01-13	South Africa	Omicron	0.010879659	0.9999919	0.081472635	-0.0841347	0.057795405	-0.047797855	0.027602084	-0.02868105
2022-01-07	South Africa	other	-0.1551835	9.717223e-06	-0.0865388	-0.23978864	-0.11063704	-0.20813714	-0.13857591	-0.19195032
2022-01-08	South Africa	other	-0.1551835	8.22704e-06	-0.0865388	-0.23978864	-0.11063704	-0.20813714	-0.13857591	-0.19195032
2022-01-09	South Africa	other	-0.1551835	6.9792513e-06	-0.0865388	-0.23978864	-0.11063704	-0.20813714	-0.13857591	-0.19195032
2022-01-10	South Africa	other	-0.1551835	5.9028616e-06	-0.0865388	-0.23978864	-0.11063704	-0.20813714	-0.13857591	-0.19195032
2022-01-11	South Africa	other	-0.1551835	4.989659e-06	-0.0865388	-0.23978864	-0.11063704	-0.20813714	-0.13857591	-0.19195032
2022-01-12	South Africa	other	-0.1551835	4.2238808e-06	-0.0865388	-0.23978864	-0.11063704	-0.20813714	-0.13857591	-0.19195032
2022-01-13	South Africa	other	-0.1551835	3.5842268e-06	-0.0865388	-0.23978864	-0.11063704	-0.20813714	-0.13857591	-0.19195032
2022-01-06	Spain	Delta	-0.19770911	0.02299821	-0.12060988	-0.29455543	-0.14795473	-0.2617313	-0.18402156	-0.24705526
2022-01-07	Spain	Delta	-0.19770911	0.019389631	-0.12060988	-0.29455543	-0.14795473	-0.2617313	-0.18402156	-0.24705526
2022-01-08	Spain	Delta	-0.19770911	0.01639064	-0.12060988	-0.29455543	-0.14795473	-0.2617313	-0.18402156	-0.24705526
2022-01-09	Spain	Delta	-0.19770911	0.013836844	-0.12060988	-0.29455543	-0.14795473	-0.2617313	-0.18402156	-0.24705526
2022-01-10	Spain	Delta	-0.19770911	0.01172466	-0.12060988	-0.29455543	-0.14795473	-0.2617313	-0.18402156	-0.24705526
2022-01-11	Spain	Delta	-0.19770911	0.009938877	-0.12060988	-0.29455543	-0.14795473	-0.2617313	-0.18402156	-0.24705526
2022-01-12	Spain	Delta	-0.19770911	0.008425692	-0.12060988	-0.29455543	-0.14795473	-0.2617313	-0.18402156	-0.24705526
2022-01-06	Spain	Omicron	-0.027535317	0.9769989	0.0555787	-0.124956354	0.022294682	-0.09806448	-0.008401051	-0.071489595
2022-01-07	Spain	Omicron	-0.027535317	0.9806088	0.0555787	-0.124956354	0.022294682	-0.09806448	-0.008401051	-0.071489595
2022-01-08	Spain	Omicron	-0.027535317	0.9836081	0.0555787	-0.124956354	0.022294682	-0.09806448	-0.008401051	-0.071489595
2022-01-09	Spain	Omicron	-0.027535317	0.9861618	0.0555787	-0.124956354	0.022294682	-0.09806448	-0.008401051	-0.071489595
2022-01-10	Spain	Omicron	-0.027535317	0.9882744	0.0555787	-0.124956354	0.022294682	-0.09806448	-0.008401051	-0.071489595
2022-01-11	Spain	Omicron	-0.027535317	0.9900607	0.0555787	-0.124956354	0.022294682	-0.09806448	-0.008401051	-0.071489595
2022-01-12	Spain	Omicron	-0.027535317	0.99157405	0.0555787	-0.124956354	0.022294682	-0.09806448	-0.008401051	-0.071489595
2022-01-06	Spain	other	-0.24607995	1.788854e-06	-0.1747518	-0.34591788	-0.1989462	-0.3072903	-0.22887282	-0.28661758
2022-01-07	Spain	other	-0.24607995	1.4368663e-06	-0.1747518	-0.34591788	-0.1989462	-0.3072903	-0.22887282	-0.28661758
2022-01-08	Spain	other	-0.24607995	1.1548899e-06	-0.1747518	-0.34591788	-0.1989462	-0.3072903	-0.22887282	-0.28661758
2022-01-09	Spain	other	-0.24607995	9.314425e-07	-0.1747518	-0.34591788	-0.1989462	-0.3072903	-0.22887282	-0.28661758
2022-01-10	Spain	other	-0.24607995	7.5262574e-07	-0.1747518	-0.34591788	-0.1989462	-0.3072903	-0.22887282	-0.28661758
2022-01-11	Spain	other	-0.24607995	6.091001e-07	-0.1747518	-0.34591788	-0.1989462	-0.3072903	-0.22887282	-0.28661758
2022-01-12	Spain	other	-0.24607995	4.925482e-07	-0.1747518	-0.34591788	-0.1989462	-0.3072903	-0.22887282	-0.28661758
2022-01-06	Sweden	Delta	-0.09252862	0.030528143	-0.04430164	-0.14995958	-0.062383745	-0.13122346	-0.07917945	-0.11670741
2022-01-07	Sweden	Delta	-0.09252862	0.02558219	-0.04430164	-0.14995958	-0.062383745	-0.13122346	-0.07917945	-0.11670741
2022-01-08	Sweden	Delta	-0.09252862	0.021390498	-0.04430164	-0.14995958	-0.062383745	-0.13122346	-0.07917945	-0.11670741
2022-01-09	Sweden	Delta	-0.09252862	0.017882127	-0.04430164	-0.14995958	-0.062383745	-0.13122346	-0.07917945	-0.11670741
2022-01-10	Sweden	Delta	-0.09252862	0.01492764	-0.04430164	-0.14995958	-0.062383745	-0.13122346	-0.07917945	-0.11670741
2022-01-11	Sweden	Delta	-0.09252862	0.012480764	-0.04430164	-0.14995958	-0.062383745	-0.13122346	-0.07917945	-0.11670741
2022-01-12	Sweden	Delta	-0.09252862	0.010437155	-0.04430164	-0.14995958	-0.062383745	-0.13122346	-0.07917945	-0.11670741
2022-01-06	Sweden	Omicron	0.08898199	0.96940005	0.13703266	0.029338757	0.12147907	0.052910738	0.10452868	0.06800764
2022-01-07	Sweden	Omicron	0.08898199	0.97435963	0.13703266	0.029338757	0.12147907	0.052910738	0.10452868	0.06800764
2022-01-08	Sweden	Omicron	0.08898199	0.9785689	0.13703266	0.029338757	0.12147907	0.052910738	0.10452868	0.06800764
2022-01-09	Sweden	Omicron	0.08898199	0.98207724	0.13703266	0.029338757	0.12147907	0.052910738	0.10452868	0.06800764
2022-01-10	Sweden	Omicron	0.08898199	0.98503286	0.13703266	0.029338757	0.12147907	0.052910738	0.10452868	0.06800764
2022-01-11	Sweden	Omicron	0.08898199	0.9874854	0.13703266	0.029338757	0.12147907	0.052910738	0.10452868	0.06800764
2022-01-12	Sweden	Omicron	0.08898199	0.9895408	0.13703266	0.029338757	0.12147907	0.052910738	0.10452868	0.06800764
2022-01-06	Sweden	other	-0.08662462	6.188796e-05	-0.039289705	-0.14122175	-0.057601254	-0.124817654	-0.07313172	-0.10956201
2022-01-07	Sweden	other	-0.08662462	5.212777e-05	-0.039289705	-0.14122175	-0.057601254	-0.124817654	-0.07313172	-0.10956201
2022-01-08	Sweden	other	-0.08662462	4.3821747e-05	-0.039289705	-0.14122175	-0.057601254	-0.124817654	-0.07313172	-0.10956201
2022-01-09	Sweden	other	-0.08662462	3.677548e-05	-0.039289705	-0.14122175	-0.057601254	-0.124817654	-0.07313172	-0.10956201
2022-01-10	Sweden	other	-0.08662462	3.097169e-05	-0.039289705	-0.14122175	-0.057601254	-0.124817654	-0.07313172	-0.10956201
2022-01-11	Sweden	other	-0.08662462	2.6098664e-05	-0.039289705	-0.14122175	-0.057601254	-0.124817654	-0.07313172	-0.10956201
2022-01-12	Sweden	other	-0.08662462	2.1963453e-05	-0.039289705	-0.14122175	-0.057601254	-0.124817654	-0.07313172	-0.10956201
2022-01-07	Switzerland	Delta	-0.07533625	0.04209149	-0.044449188	-0.110381775	-0.055677805	-0.099244274	-0.06667723	-0.08957908
2022-01-08	Switzerland	Delta	-0.07533625	0.035839587	-0.044449188	-0.110381775	-0.055677805	-0.099244274	-0.06667723	-0.08957908
2022-01-09	Switzerland	Delta	-0.07533625	0.030512992	-0.044449188	-0.110381775	-0.055677805	-0.099244274	-0.06667723	-0.08957908
2022-01-10	Switzerland	Delta	-0.07533625	0.025977174	-0.044449188	-0.110381775	-0.055677805	-0.099244274	-0.06667723	-0.08957908
2022-01-11	Switzerland	Delta	-0.07533625	0.022058174	-0.044449188	-0.110381775	-0.055677805	-0.099244274	-0.06667723	-0.08957908
2022-01-12	Switzerland	Delta	-0.07533625	0.018761434	-0.044449188	-0.110381775	-0.055677805	-0.099244274	-0.06667723	-0.08957908
2022-01-13	Switzerland	Delta	-0.07533625	0.015939198	-0.044449188	-0.110381775	-0.055677805	-0.099244274	-0.06667723	-0.08957908
2022-01-07	Switzerland	Omicron	0.091125414	0.9578514	0.12090805	0.05908918	0.11012873	0.070323944	0.09870239	0.07730506
2022-01-08	Switzerland	Omicron	0.091125414	0.964128	0.12090805	0.05908918	0.11012873	0.070323944	0.09870239	0.07730506
2022-01-09	Switzerland	Omicron	0.091125414	0.96945715	0.12090805	0.05908918	0.11012873	0.070323944	0.09870239	0.07730506
2022-01-10	Switzerland	Omicron	0.091125414	0.97400105	0.12090805	0.05908918	0.11012873	0.070323944	0.09870239	0.07730506
2022-01-11	Switzerland	Omicron	0.091125414	0.9779243	0.12090805	0.05908918	0.11012873	0.070323944	0.09870239	0.07730506
2022-01-12	Switzerland	Omicron	0.091125414	0.9812187	0.12090805	0.05908918	0.11012873	0.070323944	0.09870239	0.07730506
2022-01-13	Switzerland	Omicron	0.091125414	0.9840431	0.12090805	0.05908918	0.11012873	0.070323944	0.09870239	0.07730506
2022-01-07	Switzerland	other	-0.09877039	4.2121923e-05	-0.0700147	-0.13202958	-0.07841354	-0.11887013	-0.09001251	-0.11151669
2022-01-08	Switzerland	other	-0.09877039	3.5008576e-05	-0.0700147	-0.13202958	-0.07841354	-0.11887013	-0.09001251	-0.11151669
2022-01-09	Switzerland	other	-0.09877039	2.9136168e-05	-0.0700147	-0.13202958	-0.07841354	-0.11887013	-0.09001251	-0.11151669
2022-01-10	Switzerland	other	-0.09877039	2.4219185e-05	-0.0700147	-0.13202958	-0.07841354	-0.11887013	-0.09001251	-0.11151669
2022-01-11	Switzerland	other	-0.09877039	2.0109139e-05	-0.0700147	-0.13202958	-0.07841354	-0.11887013	-0.09001251	-0.11151669
2022-01-12	Switzerland	other	-0.09877039	1.6666276e-05	-0.0700147	-0.13202958	-0.07841354	-0.11887013	-0.09001251	-0.11151669
2022-01-13	Switzerland	other	-0.09877039	1.3811523e-05	-0.0700147	-0.13202958	-0.07841354	-0.11887013	-0.09001251	-0.11151669
2022-01-07	United Kingdom	Delta	-0.15376541	0.008774931	-0.051060818	-0.27793545	-0.09738587	-0.2481914	-0.13054952	-0.20590322
2022-01-08	United Kingdom	Delta	-0.15376541	0.0077094864	-0.051060818	-0.27793545	-0.09738587	-0.2481914	-0.13054952	-0.20590322
2022-01-09	United Kingdom	Delta	-0.15376541	0.006688389	-0.051060818	-0.27793545	-0.09738587	-0.2481914	-0.13054952	-0.20590322
2022-01-10	United Kingdom	Delta	-0.15376541	0.0057590622	-0.051060818	-0.27793545	-0.09738587	-0.2481914	-0.13054952	-0.20590322
2022-01-11	United Kingdom	Delta	-0.15376541	0.004945533	-0.051060818	-0.27793545	-0.09738587	-0.2481914	-0.13054952	-0.20590322
2022-01-12	United Kingdom	Delta	-0.15376541	0.004269842	-0.051060818	-0.27793545	-0.09738587	-0.2481914	-0.13054952	-0.20590322
2022-01-13	United Kingdom	Delta	-0.15376541	0.003708188	-0.051060818	-0.27793545	-0.09738587	-0.2481914	-0.13054952	-0.20590322
2022-01-07	United Kingdom	Omicron	-0.008262846	0.9898148	0.046773113	-0.061686937	0.020862455	-0.05153212	0.006583717	-0.030355752
2022-01-08	United Kingdom	Omicron	-0.008262846	0.9908207	0.046773113	-0.061686937	0.020862455	-0.05153212	0.006583717	-0.030355752
2022-01-09	United Kingdom	Omicron	-0.008262846	0.99171335	0.046773113	-0.061686937	0.020862455	-0.05153212	0.006583717	-0.030355752
2022-01-10	United Kingdom	Omicron	-0.008262846	0.99257946	0.046773113	-0.061686937	0.020862455	-0.05153212	0.006583717	-0.030355752
2022-01-11	United Kingdom	Omicron	-0.008262846	0.9932873	0.046773113	-0.061686937	0.020862455	-0.05153212	0.006583717	-0.030355752
2022-01-12	United Kingdom	Omicron	-0.008262846	0.9938308	0.046773113	-0.061686937	0.020862455	-0.05153212	0.006583717	-0.030355752
2022-01-13	United Kingdom	Omicron	-0.008262846	0.99428385	0.046773113	-0.061686937	0.020862455	-0.05153212	0.006583717	-0.030355752
2022-01-07	United Kingdom	other	0.04465502	0.0013606668	0.05678173	0.0330472	0.05241693	0.0367704	0.048267312	0.040468514
2022-01-08	United Kingdom	other	0.04465502	0.0014600409	0.05678173	0.0330472	0.05241693	0.0367704	0.048267312	0.040468514
2022-01-09	United Kingdom	other	0.04465502	0.0015432765	0.05678173	0.0330472	0.05241693	0.0367704	0.048267312	0.040468514
2022-01-10	United Kingdom	other	0.04465502	0.0016185904	0.05678173	0.0330472	0.05241693	0.0367704	0.048267312	0.040468514
2022-01-11	United Kingdom	other	0.04465502	0.0016955507	0.05678173	0.0330472	0.05241693	0.0367704	0.048267312	0.040468514
2022-01-12	United Kingdom	other	0.04465502	0.0017870697	0.05678173	0.0330472	0.05241693	0.0367704	0.048267312	0.040468514
2022-01-13	United Kingdom	other	0.04465502	0.0018952914	0.05678173	0.0330472	0.05241693	0.0367704	0.048267312	0.040468514
2022-01-07	USA	Delta	0.06610891	0.16372064	0.16902733	-0.057304185	0.12726478	-0.022027738	0.08571719	0.006645934
2022-01-08	USA	Delta	0.06610891	0.1622557	0.16902733	-0.057304185	0.12726478	-0.022027738	0.08571719	0.006645934
2022-01-09	USA	Delta	0.06610891	0.1598719	0.16902733	-0.057304185	0.12726478	-0.022027738	0.08571719	0.006645934
2022-01-10	USA	Delta	0.06610891	0.15881649	0.16902733	-0.057304185	0.12726478	-0.022027738	0.08571719	0.006645934
2022-01-11	USA	Delta	0.06610891	0.15653828	0.16902733	-0.057304185	0.12726478	-0.022027738	0.08571719	0.006645934
2022-01-12	USA	Delta	0.06610891	0.15477037	0.16902733	-0.057304185	0.12726478	-0.022027738	0.08571719	0.006645934
2022-01-13	USA	Delta	0.06610891	0.15331368	0.16902733	-0.057304185	0.12726478	-0.022027738	0.08571719	0.006645934
2022-01-07	USA	Omicron	0.08120852	0.835448	0.14808199	0.0028642071	0.11983757	0.020881636	0.100557595	0.050074566
2022-01-08	USA	Omicron	0.08120852	0.83696824	0.14808199	0.0028642071	0.11983757	0.020881636	0.100557595	0.050074566
2022-01-09	USA	Omicron	0.08120852	0.83932835	0.14808199	0.0028642071	0.11983757	0.020881636	0.100557595	0.050074566
2022-01-10	USA	Omicron	0.08120852	0.8405508	0.14808199	0.0028642071	0.11983757	0.020881636	0.100557595	0.050074566
2022-01-11	USA	Omicron	0.08120852	0.8426791	0.14808199	0.0028642071	0.11983757	0.020881636	0.100557595	0.050074566
2022-01-12	USA	Omicron	0.08120852	0.84462607	0.14808199	0.0028642071	0.11983757	0.020881636	0.100557595	0.050074566
2022-01-13	USA	Omicron	0.08120852	0.8461174	0.14808199	0.0028642071	0.11983757	0.020881636	0.100557595	0.050074566
2022-01-07	USA	other	0.0049503297	0.0007743791	0.023127114	-0.013919574	0.015844498	-0.008557455	0.010381675	-0.0018531152
2022-01-08	USA	other	0.0049503297	0.000712943	0.023127114	-0.013919574	0.015844498	-0.008557455	0.010381675	-0.0018531152
2022-01-09	USA	other	0.0049503297	0.00065846066	0.023127114	-0.013919574	0.015844498	-0.008557455	0.010381675	-0.0018531152
2022-01-10	USA	other	0.0049503297	0.00060646393	0.023127114	-0.013919574	0.015844498	-0.008557455	0.010381675	-0.0018531152
2022-01-11	USA	other	0.0049503297	0.00056155433	0.023127114	-0.013919574	0.015844498	-0.008557455	0.010381675	-0.0018531152
2022-01-12	USA	other	0.0049503297	0.00051708776	0.023127114	-0.013919574	0.015844498	-0.008557455	0.010381675	-0.0018531152
2022-01-13	USA	other	0.0049503297	0.00047440123	0.023127114	-0.013919574	0.015844498	-0.008557455	0.010381675	-0.0018531152
