date	location	variant	median_R	median_freq	R_upper_95	R_lower_95	R_upper_80	R_lower_80	R_upper_50	R_lower_50
2021-10-01	Germany	Delta	1.1072289	0.9987898	1.6675131	0.6127824	1.450249	0.75896096	1.2434717	0.8784295
2021-10-02	Germany	Delta	1.0962675	0.9987898	1.5679984	0.6986849	1.3706346	0.7887449	1.2016456	0.90054935
2021-10-03	Germany	Delta	1.1072717	0.9987897	1.5453348	0.7213563	1.3682251	0.82649094	1.2387098	0.95629233
2021-10-04	Germany	Delta	1.123393	0.9987923	1.5423154	0.762347	1.3637831	0.8595739	1.2522329	0.986882
2021-10-05	Germany	Delta	1.1390696	0.99880576	1.5365324	0.800912	1.3598797	0.8812228	1.2417012	0.9893264
2021-10-06	Germany	Delta	1.1587536	0.99884295	1.5129633	0.80715656	1.3773501	0.9203851	1.2543529	1.0164455
2021-10-07	Germany	Delta	1.1757159	0.9988984	1.5455648	0.86831385	1.3960658	0.962342	1.274684	1.0460815
2021-10-08	Germany	Delta	1.1880953	0.99895656	1.5306193	0.8996303	1.3915542	0.97224426	1.2916083	1.074181
2021-10-09	Germany	Delta	1.20239	0.999004	1.5276263	0.9247629	1.399481	1.0012491	1.278219	1.0687441
2021-10-10	Germany	Delta	1.2153616	0.9990486	1.5434349	0.9505	1.397486	1.0097152	1.2905794	1.0904318
2021-10-11	Germany	Delta	1.2247891	0.99909043	1.5585086	0.9791304	1.3952423	1.0173094	1.3008525	1.1066837
2021-10-12	Germany	Delta	1.2347327	0.9991286	1.5262164	0.960133	1.4046532	1.0376179	1.3150668	1.12565
2021-10-13	Germany	Delta	1.2390249	0.99917316	1.5366634	0.9742854	1.4130691	1.0511366	1.3095307	1.1234934
2021-10-14	Germany	Delta	1.2482059	0.9992156	1.5606382	1.0027621	1.4153507	1.0485022	1.3473363	1.1551688
2021-10-15	Germany	Delta	1.2611856	0.9992551	1.5758041	1.0076939	1.4501356	1.081513	1.3531106	1.154673
2021-10-16	Germany	Delta	1.2792364	0.99929273	1.569353	1.0015968	1.4698782	1.0947747	1.3730737	1.1751623
2021-10-17	Germany	Delta	1.2996864	0.999326	1.5970379	1.01967	1.4841031	1.1108578	1.371833	1.1757903
2021-10-18	Germany	Delta	1.3160957	0.9993601	1.6118978	1.0283058	1.4931574	1.1179714	1.3962097	1.1975489
2021-10-19	Germany	Delta	1.332571	0.9993907	1.6281625	1.0572162	1.5311521	1.1566143	1.4404432	1.2420857
2021-10-20	Germany	Delta	1.346556	0.99942046	1.6292202	1.0795083	1.5138884	1.1513805	1.4311585	1.2395061
2021-10-21	Germany	Delta	1.359607	0.9994458	1.6361898	1.0935123	1.5369027	1.1803778	1.4240887	1.2347376
2021-10-22	Germany	Delta	1.3700981	0.9994688	1.6422803	1.112243	1.5383613	1.185114	1.4505827	1.2628273
2021-10-23	Germany	Delta	1.3791215	0.99949056	1.6495386	1.1164395	1.5549424	1.2031734	1.4414306	1.2541766
2021-10-24	Germany	Delta	1.3879945	0.99951065	1.6610992	1.1214017	1.5566695	1.2083364	1.4653556	1.2809783
2021-10-25	Germany	Delta	1.3927915	0.9995296	1.6749761	1.1396618	1.5727904	1.2123879	1.468433	1.2821679
2021-10-26	Germany	Delta	1.4014776	0.99954885	1.6647009	1.1189036	1.5984186	1.2386649	1.4769083	1.2900006
2021-10-27	Germany	Delta	1.4084861	0.9995671	1.6909959	1.132169	1.5780742	1.2113523	1.483041	1.2888985
2021-10-28	Germany	Delta	1.4134693	0.9995853	1.7177737	1.144213	1.5883527	1.218185	1.4990087	1.3084754
2021-10-29	Germany	Delta	1.4158323	0.99959886	1.7376044	1.1513848	1.6023967	1.2232441	1.5065377	1.3125548
2021-10-30	Germany	Delta	1.4124843	0.99960923	1.7275546	1.1407831	1.5992613	1.218362	1.4920727	1.2930878
2021-10-31	Germany	Delta	1.4070327	0.9996172	1.7302138	1.1477104	1.5865427	1.2093536	1.4831308	1.2816908
2021-11-01	Germany	Delta	1.3997514	0.9996226	1.7222446	1.1423342	1.5812246	1.2037264	1.484534	1.2860727
2021-11-02	Germany	Delta	1.3900427	0.9996239	1.6960053	1.1126407	1.5824193	1.2058921	1.4721549	1.2795337
2021-11-03	Germany	Delta	1.378476	0.99962497	1.6896874	1.1055177	1.5638282	1.188147	1.4578447	1.263325
2021-11-04	Germany	Delta	1.3660727	0.9996225	1.6925852	1.113557	1.5545207	1.1772759	1.4485906	1.254428
2021-11-05	Germany	Delta	1.3540256	0.9996165	1.6720982	1.0877701	1.5538975	1.1783177	1.4461141	1.2504466
2021-11-06	Germany	Delta	1.3393008	0.99960744	1.6362529	1.0510597	1.5308198	1.1505127	1.4226542	1.2250087
2021-11-07	Germany	Delta	1.3238221	0.9995953	1.6202286	1.0450217	1.5082647	1.1301384	1.4156324	1.2146151
2021-11-08	Germany	Delta	1.3076854	0.9995818	1.5988672	1.0342919	1.4953389	1.1237978	1.4087746	1.2139071
2021-11-09	Germany	Delta	1.2885816	0.99956214	1.580398	1.023778	1.4724334	1.1119034	1.3731716	1.1836721
2021-11-10	Germany	Delta	1.2721696	0.9995378	1.566849	1.0135276	1.4386921	1.0838779	1.3555028	1.1716466
2021-11-11	Germany	Delta	1.2529464	0.9995077	1.5529822	1.0070188	1.416144	1.0642228	1.327154	1.1435483
2021-11-12	Germany	Delta	1.2337989	0.9994705	1.5355616	0.9909459	1.4175005	1.0583273	1.3128096	1.1322112
2021-11-13	Germany	Delta	1.2183516	0.999422	1.5102235	0.94912255	1.3770602	1.0166469	1.282846	1.0960103
2021-11-14	Germany	Delta	1.2026656	0.999362	1.5125223	0.95890015	1.3800575	1.0176977	1.2908154	1.1023011
2021-11-15	Germany	Delta	1.183608	0.99928695	1.473602	0.92135733	1.3581636	1.0042244	1.2729033	1.0820917
2021-11-16	Germany	Delta	1.164177	0.9991981	1.4366081	0.89244133	1.3281428	0.9766135	1.2435131	1.0541635
2021-11-17	Germany	Delta	1.143004	0.99908245	1.4287268	0.87516767	1.2957727	0.9460525	1.2377714	1.0510949
2021-11-18	Germany	Delta	1.1224014	0.9989359	1.4288762	0.87173617	1.2777922	0.92289764	1.2171743	1.0291443
2021-11-19	Germany	Delta	1.1024365	0.99875134	1.3762197	0.83285594	1.2628522	0.91116136	1.1809527	0.9940645
2021-11-20	Germany	Delta	1.0886693	0.9985202	1.365047	0.82035524	1.2487949	0.8940945	1.1745523	0.9890793
2021-11-21	Germany	Delta	1.0726274	0.9982145	1.357396	0.79997325	1.2501019	0.8848173	1.1476704	0.95538557
2021-11-22	Germany	Delta	1.0657113	0.9978223	1.3887117	0.80617523	1.2561646	0.87279546	1.1695663	0.9646347
2021-11-23	Germany	Delta	1.063061	0.9973173	1.3989964	0.77865934	1.2772741	0.86468744	1.1641183	0.9469968
2021-11-24	Germany	Delta	1.064223	0.99664885	1.4274213	0.7341673	1.2798382	0.8297118	1.149608	0.9174237
2021-11-25	Germany	Delta	1.0654564	0.9957814	1.4960568	0.7259886	1.3091888	0.81217873	1.1670082	0.91114324
2021-11-26	Germany	Delta	1.0657899	0.99468595	1.5499295	0.68883085	1.342873	0.7888454	1.1751056	0.8862587
2021-11-27	Germany	Delta	1.0658522	0.9933019	1.58628	0.6162276	1.3708886	0.73994035	1.1770718	0.8534447
2021-11-28	Germany	Delta	1.0692364	0.99147725	1.7020624	0.5951741	1.4030695	0.694659	1.172432	0.7999681
2021-11-29	Germany	Delta	1.076947	0.98912525	1.7991747	0.5334638	1.4705421	0.67655504	1.2368016	0.81730056
2021-11-30	Germany	Delta	1.1006572	0.9861763	1.9390624	0.51282364	1.5172567	0.60817635	1.2612479	0.7876966
2021-12-01	Germany	Delta	1.0891621	0.98230886	2.0740814	0.44282103	1.5715147	0.5541621	1.2222409	0.70982504
2021-12-02	Germany	Delta	1.0245671	0.9773226	2.2133923	0.30905265	1.5969611	0.44312933	1.1811324	0.6078223
2021-10-01	Germany	Omicron	0.9466915	5.8838057e-05	1.8918339	0.42128956	1.3886036	0.49421296	1.1124227	0.6552092
2021-10-02	Germany	Omicron	0.95927143	5.883805e-05	1.79211	0.3870509	1.385407	0.51884454	1.0707325	0.6208595
2021-10-03	Germany	Omicron	0.9666742	5.883509e-05	1.7802255	0.38584864	1.3857777	0.5334023	1.1305113	0.6792758
2021-10-04	Germany	Omicron	0.978269	5.864065e-05	1.8063577	0.39872545	1.3985592	0.54353464	1.1489373	0.69579005
2021-10-05	Germany	Omicron	0.9925215	5.756528e-05	1.7988214	0.4001567	1.4083791	0.5427265	1.1765783	0.72314227
2021-10-06	Germany	Omicron	1.0117173	5.703634e-05	1.8047608	0.4034809	1.477872	0.6003683	1.1579677	0.7049422
2021-10-07	Germany	Omicron	1.0319163	5.583359e-05	1.8442744	0.44734827	1.485677	0.60040694	1.1698909	0.7140373
2021-10-08	Germany	Omicron	1.0551871	5.409908e-05	1.8241163	0.42101052	1.4869568	0.603376	1.1909627	0.7322258
2021-10-09	Germany	Omicron	1.0753253	5.353918e-05	1.914778	0.50375485	1.5391954	0.6561128	1.2073572	0.7481195
2021-10-10	Germany	Omicron	1.0950602	5.2243595e-05	1.9081926	0.49759766	1.4992639	0.6209119	1.2296911	0.767441
2021-10-11	Germany	Omicron	1.1159464	5.1300798e-05	1.9103783	0.4692954	1.5364772	0.6473464	1.259486	0.7870899
2021-10-12	Germany	Omicron	1.1367887	5.0016e-05	1.945257	0.50390434	1.5665325	0.67314076	1.2993653	0.82786477
2021-10-13	Germany	Omicron	1.1580708	4.9346152e-05	1.9632344	0.51211935	1.5571824	0.65611726	1.3395685	0.85826516
2021-10-14	Germany	Omicron	1.184764	4.8137314e-05	2.0046904	0.56385326	1.5778531	0.66101146	1.3573713	0.87085813
2021-10-15	Germany	Omicron	1.2109625	4.688982e-05	2.0307498	0.57282615	1.6166348	0.6838071	1.3477119	0.8493937
2021-10-16	Germany	Omicron	1.2406362	4.6098652e-05	2.0646586	0.6046686	1.6935959	0.7497009	1.4164367	0.9051554
2021-10-17	Germany	Omicron	1.2743165	4.567922e-05	2.0925848	0.6220887	1.7244732	0.76698816	1.4695435	0.951374
2021-10-18	Germany	Omicron	1.3134482	4.5388297e-05	2.1752043	0.67523706	1.77237	0.80398846	1.4843276	0.9595469
2021-10-19	Germany	Omicron	1.3501868	4.4873585e-05	2.2248237	0.7184537	1.7972606	0.81730586	1.4957423	0.9692013
2021-10-20	Germany	Omicron	1.3850484	4.466733e-05	2.226179	0.680557	1.9017036	0.916707	1.5483222	1.031125
2021-10-21	Germany	Omicron	1.4181602	4.46053e-05	2.2941427	0.72845477	1.9187461	0.92494386	1.5699412	1.0598342
2021-10-22	Germany	Omicron	1.4569254	4.4495864e-05	2.3161318	0.74378765	1.9627271	0.96452004	1.6191686	1.1063102
2021-10-23	Germany	Omicron	1.5025811	4.4708344e-05	2.428268	0.82221806	2.0265043	1.0043713	1.6830146	1.1649742
2021-10-24	Germany	Omicron	1.5612612	4.460049e-05	2.453837	0.8496661	2.08381	1.0383316	1.6940955	1.1671488
2021-10-25	Germany	Omicron	1.6263552	4.543185e-05	2.5574663	0.90810853	2.1816902	1.1139343	1.8063765	1.2670115
2021-10-26	Germany	Omicron	1.6933572	4.629495e-05	2.6682289	0.97524554	2.2171779	1.1146526	1.868091	1.3084338
2021-10-27	Germany	Omicron	1.7703223	4.6721507e-05	2.7716272	1.0145483	2.3674514	1.2184272	1.965848	1.3814646
2021-10-28	Germany	Omicron	1.8514018	4.7284033e-05	2.8724809	1.0121497	2.5041595	1.2954466	2.0143723	1.4049015
2021-10-29	Germany	Omicron	1.9339414	4.8896138e-05	3.0971332	1.1249557	2.5716808	1.3193984	2.1553233	1.5117424
2021-10-30	Germany	Omicron	2.025648	5.0899158e-05	3.2126966	1.1399858	2.6914623	1.36708	2.304014	1.6168301
2021-10-31	Germany	Omicron	2.1303017	5.2735755e-05	3.378205	1.1964781	2.7857907	1.3963002	2.408509	1.6882336
2021-11-01	Germany	Omicron	2.244843	5.550443e-05	3.499648	1.2522652	2.9303043	1.4869549	2.562624	1.8102522
2021-11-02	Germany	Omicron	2.3654995	5.922449e-05	3.647091	1.3521745	3.030467	1.5393283	2.655899	1.8812613
2021-11-03	Germany	Omicron	2.4711514	6.30349e-05	3.7889736	1.4587628	3.2382379	1.7046912	2.80334	2.0040467
2021-11-04	Germany	Omicron	2.5919557	6.771565e-05	4.0341153	1.6020633	3.3008745	1.7510931	2.9485672	2.1341155
2021-11-05	Germany	Omicron	2.702671	7.395781e-05	4.0416493	1.5711311	3.3848991	1.8222978	3.028589	2.2099397
2021-11-06	Germany	Omicron	2.8253145	8.088193e-05	4.245054	1.7490561	3.5368576	1.9407974	3.069467	2.243379
2021-11-07	Germany	Omicron	2.9422424	8.9265595e-05	4.354394	1.8411468	3.7172515	2.0681887	3.2523227	2.4084914
2021-11-08	Germany	Omicron	3.0776687	9.968433e-05	4.4911995	1.8891268	3.94423	2.227682	3.4148333	2.5390744
2021-11-09	Germany	Omicron	3.2559893	0.00011285898	4.7722836	1.9848175	4.2047358	2.3778002	3.5712123	2.6358242
2021-11-10	Germany	Omicron	3.4468493	0.00012768473	5.0706286	2.0031567	4.4425564	2.492015	3.8181536	2.7964876
2021-11-11	Germany	Omicron	3.6221008	0.00014718939	5.442329	2.143842	4.6676383	2.568462	4.0483904	2.9427528
2021-11-12	Germany	Omicron	3.8169577	0.00017112467	5.8464327	2.2711527	5.017306	2.7814531	4.1416526	2.9588053
2021-11-13	Germany	Omicron	3.9871807	0.00020094225	6.1063313	2.3472486	5.20313	2.835435	4.4223814	3.192165
2021-11-14	Germany	Omicron	4.181513	0.00023941955	6.470797	2.5452688	5.4794054	2.9598627	4.6253324	3.3511322
2021-11-15	Germany	Omicron	4.3835125	0.0002900205	6.6300607	2.56397	5.6363525	3.015606	4.858211	3.5248847
2021-11-16	Germany	Omicron	4.570417	0.00035142992	6.9990005	2.7678516	5.8902674	3.17403	5.0097823	3.6150768
2021-11-17	Germany	Omicron	4.724093	0.00043644168	7.166477	2.8575091	6.2238708	3.4157212	5.288517	3.8326488
2021-11-18	Germany	Omicron	4.879199	0.00054416567	7.342473	2.9241743	6.314557	3.4175472	5.459959	3.962312
2021-11-19	Germany	Omicron	4.9859185	0.00068367686	7.523582	2.9854956	6.4054112	3.4284115	5.4657946	3.9224946
2021-11-20	Germany	Omicron	5.0635114	0.0008636391	7.611928	2.9560838	6.6481905	3.5649052	5.475578	3.8901289
2021-11-21	Germany	Omicron	5.069371	0.0011117533	7.6985984	2.8702173	6.618855	3.4395728	5.654133	4.0308623
2021-11-22	Germany	Omicron	5.04004	0.0014429463	7.8323817	2.8517544	6.82322	3.5792685	5.6474695	3.9492426
2021-11-23	Germany	Omicron	5.0075846	0.0018780443	7.9231772	2.8213127	6.6766396	3.3692484	5.5779386	3.8312783
2021-11-24	Germany	Omicron	4.9826727	0.0024515218	7.9306574	2.6263154	6.6783776	3.319956	5.6286345	3.8477705
2021-11-25	Germany	Omicron	4.973918	0.0032199523	8.186739	2.7260895	6.633805	3.1857731	5.3785515	3.5608978
2021-11-26	Germany	Omicron	4.984951	0.004207805	8.181635	2.5769587	6.7966022	3.247686	5.5061893	3.6757944
2021-11-27	Germany	Omicron	4.9767017	0.0055065565	8.469387	2.6226456	6.715602	3.0180693	5.594822	3.7012224
2021-11-28	Germany	Omicron	4.971138	0.007178829	8.512474	2.3232377	6.8293447	3.012177	5.641949	3.6744704
2021-11-29	Germany	Omicron	4.982383	0.00940865	8.733394	2.2517447	6.8875265	2.8988307	5.565448	3.5504093
2021-11-30	Germany	Omicron	4.945528	0.012143772	9.01001	2.2187786	7.1687107	2.9548507	5.3644013	3.254716
2021-12-01	Germany	Omicron	4.9264565	0.01589703	9.499012	2.089031	7.3040123	2.6766093	5.465283	3.2045617
2021-12-02	Germany	Omicron	5.031927	0.020587029	10.848137	1.5643551	7.799127	2.3046558	5.967806	3.2934418
2021-10-01	Germany	other	0.8789475	0.0010856069	1.6209328	0.36158502	1.2468207	0.44194996	1.0039033	0.58788776
2021-10-02	Germany	other	0.8874172	0.0010856069	1.5854356	0.40462837	1.2346772	0.49808204	1.0317527	0.6521803
2021-10-03	Germany	other	0.87873197	0.001085491	1.5222912	0.42310432	1.2078309	0.5189998	1.0100753	0.6537036
2021-10-04	Germany	other	0.8708445	0.0010844318	1.4728777	0.44110736	1.1722251	0.5240092	1.0145298	0.68118393
2021-10-05	Germany	other	0.86303735	0.0010725814	1.4229822	0.45135823	1.1532788	0.5463929	0.96735257	0.6525521
2021-10-06	Germany	other	0.86998975	0.0010377646	1.4014262	0.47994447	1.1338371	0.5557003	0.96650547	0.6687535
2021-10-07	Germany	other	0.87187636	0.0009866394	1.3778486	0.49141595	1.1192183	0.5646714	0.9995118	0.7082601
2021-10-08	Germany	other	0.87523437	0.0009388336	1.3294652	0.47655287	1.1269474	0.5950581	0.98115546	0.70088184
2021-10-09	Germany	other	0.87634057	0.0008965053	1.3536389	0.52650744	1.1225212	0.6120058	0.97945535	0.7138115
2021-10-10	Germany	other	0.8753025	0.0008589863	1.3337083	0.5280305	1.1041722	0.6127937	0.9841537	0.729712
2021-10-11	Germany	other	0.8809031	0.0008239204	1.3237015	0.5376394	1.1038033	0.6247715	0.9638143	0.71798337
2021-10-12	Germany	other	0.885875	0.00078368123	1.306422	0.5476024	1.116866	0.6454363	0.9864678	0.74946815
2021-10-13	Germany	other	0.8969308	0.0007442791	1.310655	0.577264	1.1313543	0.6656863	0.98697734	0.7507257
2021-10-14	Germany	other	0.9061699	0.00070487335	1.2896516	0.55858946	1.1104046	0.6449563	0.9951592	0.7564945
2021-10-15	Germany	other	0.9197079	0.00067039713	1.3199246	0.5811827	1.1626793	0.69422674	1.0162486	0.77350897
2021-10-16	Germany	other	0.9351574	0.0006304978	1.3480062	0.5943802	1.1831853	0.71434164	1.019998	0.7743104
2021-10-17	Germany	other	0.95192075	0.00060154893	1.3670187	0.61450505	1.1718531	0.6969141	1.030892	0.77857435
2021-10-18	Germany	other	0.96275806	0.0005701289	1.3833513	0.6157852	1.2040243	0.7201934	1.0583348	0.80052465
2021-10-19	Germany	other	0.9784577	0.00054203696	1.4026897	0.63338274	1.2529017	0.7545948	1.0836868	0.821861
2021-10-20	Germany	other	0.9897392	0.00051469554	1.4077716	0.6428032	1.2481865	0.75002354	1.0890394	0.8273068
2021-10-21	Germany	other	1.0013014	0.0004889973	1.4355485	0.65206486	1.2706369	0.76329523	1.0810666	0.8164731
2021-10-22	Germany	other	1.0161723	0.0004636569	1.4558477	0.66604877	1.2933578	0.78099453	1.119019	0.85176635
2021-10-23	Germany	other	1.036458	0.00044221332	1.4556463	0.66363937	1.2833984	0.7753505	1.1289759	0.8626207
2021-10-24	Germany	other	1.0583622	0.00042075332	1.4954551	0.6909872	1.3069197	0.7955764	1.1662642	0.8960418
2021-10-25	Germany	other	1.0846426	0.00040212314	1.5495843	0.7277415	1.3494812	0.8200661	1.2110323	0.9342079
2021-10-26	Germany	other	1.1190171	0.00038309046	1.5748286	0.7304015	1.3703966	0.8209242	1.2363051	0.9514176
2021-10-27	Germany	other	1.1621488	0.00036655692	1.6510322	0.7687535	1.4474313	0.86672026	1.2679827	0.971297
2021-10-28	Germany	other	1.2079482	0.00035070808	1.7333305	0.81874156	1.4905082	0.8872967	1.3065252	0.9913963
2021-10-29	Germany	other	1.2552959	0.0003369512	1.7946833	0.8164066	1.5826352	0.9525834	1.3911773	1.0621645
2021-10-30	Germany	other	1.304476	0.00032476024	1.8716369	0.8465442	1.6507007	0.9863676	1.4318546	1.0875573
2021-10-31	Germany	other	1.3566993	0.00031347695	1.9619838	0.8779313	1.721817	1.0201792	1.5151244	1.1554298
2021-11-01	Germany	other	1.4024577	0.00030462467	2.031875	0.88817644	1.7888016	1.0437224	1.5157051	1.1362517
2021-11-02	Germany	other	1.4421067	0.00029922827	2.0739381	0.8852589	1.81597	1.0448856	1.5788822	1.1854957
2021-11-03	Germany	other	1.475446	0.0002943748	2.1298022	0.9071759	1.8620031	1.0724772	1.5988377	1.1926081
2021-11-04	Germany	other	1.4998581	0.00029292284	2.1525497	0.91595274	1.883346	1.0807196	1.6195952	1.2083884
2021-11-05	Germany	other	1.5170976	0.00029133837	2.2075396	0.9453747	1.8964202	1.0912642	1.6708329	1.2641182
2021-11-06	Germany	other	1.5405755	0.00029469695	2.2612543	0.9821037	1.9500798	1.1283565	1.7058885	1.2860345
2021-11-07	Germany	other	1.5804305	0.00029735005	2.2988143	0.98031414	2.028919	1.1850936	1.7699195	1.3319589
2021-11-08	Germany	other	1.6323528	0.00030215585	2.3556204	1.0090904	2.0643723	1.2027524	1.7831193	1.3374709
2021-11-09	Germany	other	1.68402	0.00030632014	2.4151628	1.0439788	2.0856318	1.2119861	1.9099671	1.4572759
2021-11-10	Germany	other	1.7346631	0.00031293667	2.5392032	1.1182781	2.136454	1.247128	1.8987675	1.440253
2021-11-11	Germany	other	1.7659179	0.0003221891	2.5709567	1.1546093	2.1621869	1.2680529	1.9283895	1.4623141
2021-11-12	Germany	other	1.7860358	0.00033439818	2.5719032	1.1609983	2.2095954	1.313117	1.9743292	1.5029403
2021-11-13	Germany	other	1.796849	0.0003490764	2.5863256	1.1821096	2.2235277	1.3153177	1.962011	1.4937863
2021-11-14	Germany	other	1.8049293	0.00036809302	2.558664	1.1088364	2.220646	1.2985213	1.996438	1.5228312
2021-11-15	Germany	other	1.8172915	0.00039250375	2.6525786	1.1655086	2.2387643	1.3073677	1.984844	1.508189
2021-11-16	Germany	other	1.8301624	0.00042059526	2.7041695	1.1770982	2.2861855	1.3112974	2.0270638	1.5343485
2021-11-17	Germany	other	1.8491337	0.00045052404	2.696264	1.1144558	2.3282185	1.3232095	2.0761192	1.5580779
2021-11-18	Germany	other	1.8697208	0.00048307236	2.802591	1.1018025	2.43128	1.3690499	2.067671	1.5195371
2021-11-19	Germany	other	1.887831	0.00051867147	2.9234903	1.1351106	2.4159608	1.2992672	2.1481075	1.5697968
2021-11-20	Germany	other	1.9022455	0.00055981975	2.9319608	1.0584645	2.4360776	1.2564543	2.1132946	1.512419
2021-11-21	Germany	other	1.9071074	0.00060780847	3.0191562	1.0588009	2.4946508	1.265486	2.1582355	1.5178248
2021-11-22	Germany	other	1.9089333	0.00066359283	3.0720522	1.0371556	2.5545526	1.2713416	2.1668427	1.5018265
2021-11-23	Germany	other	1.9073792	0.00072451297	3.1268208	1.0524287	2.5829601	1.2521901	2.1591783	1.464124
2021-11-24	Germany	other	1.8983262	0.0007956299	3.140655	1.029157	2.5529618	1.1849006	2.075288	1.3640774
2021-11-25	Germany	other	1.8833833	0.0008739092	3.1761944	1.0111094	2.6122122	1.2004457	2.0749006	1.3506227
2021-11-26	Germany	other	1.8747644	0.0009635539	3.1642914	0.8780208	2.631082	1.1452057	2.0432765	1.2937058
2021-11-27	Germany	other	1.8651767	0.0010595582	3.286547	0.90405643	2.6619382	1.0862504	2.135643	1.3633144
2021-11-28	Germany	other	1.8782284	0.0011697906	3.427218	0.8929273	2.705648	1.0398785	2.1267598	1.3113258
2021-11-29	Germany	other	1.887957	0.0012834074	3.5003386	0.73129916	2.7565322	0.97257334	2.105472	1.237626
2021-11-30	Germany	other	1.8985641	0.0013988063	3.7889488	0.7484485	2.8858354	0.962926	2.186854	1.2654586
2021-12-01	Germany	other	1.918294	0.0015453617	4.033644	0.68710953	2.980328	0.9173224	2.295551	1.2603087
2021-12-02	Germany	other	1.9288545	0.0016834531	4.5586185	0.56649	3.0725946	0.7094934	2.103153	0.9247426
2021-10-01	South Africa	Delta	0.8341713	0.6515409	1.316678	0.43346655	1.1109164	0.5356577	0.97973675	0.6770038
2021-10-02	South Africa	Delta	0.83011925	0.6515409	1.2318882	0.51648295	1.0455867	0.5770365	0.93749404	0.69397974
2021-10-03	South Africa	Delta	0.84066474	0.6515598	1.1977487	0.5649212	1.0453423	0.6329314	0.955284	0.73890924
2021-10-04	South Africa	Delta	0.8529136	0.6525271	1.170646	0.58944196	1.027612	0.65273345	0.94434285	0.74807197
2021-10-05	South Africa	Delta	0.86441183	0.65772974	1.1526184	0.61787343	1.0365188	0.69315547	0.9426448	0.7593912
2021-10-06	South Africa	Delta	0.8744761	0.6733328	1.1377335	0.645112	1.0306997	0.7103745	0.93663836	0.7719835
2021-10-07	South Africa	Delta	0.87770873	0.6971111	1.1178945	0.6571517	1.0355589	0.7399477	0.93818074	0.78558385
2021-10-08	South Africa	Delta	0.8770771	0.7248567	1.1039758	0.6848521	1.0024168	0.7243747	0.9344517	0.7922517
2021-10-09	South Africa	Delta	0.87196994	0.7506864	1.0829005	0.68855906	1.0096112	0.74941736	0.91869193	0.7830324
2021-10-10	South Africa	Delta	0.8635644	0.7705823	1.0695525	0.69056576	0.98124063	0.7342621	0.91879576	0.79135174
2021-10-11	South Africa	Delta	0.8515544	0.7878585	1.059963	0.6993254	0.96064794	0.7279233	0.91508734	0.7947508
2021-10-12	South Africa	Delta	0.8390955	0.8033335	1.0214157	0.6802782	0.9383755	0.716002	0.8964929	0.7813596
2021-10-13	South Africa	Delta	0.8246199	0.81828034	1.0046904	0.6677527	0.93161476	0.71304786	0.8761959	0.76410484
2021-10-14	South Africa	Delta	0.81301785	0.8329766	0.9904399	0.65408826	0.91749525	0.6970364	0.858709	0.7442243
2021-10-15	South Africa	Delta	0.80288637	0.84632707	0.981328	0.64851743	0.9099966	0.69289494	0.8550463	0.7378776
2021-10-16	South Africa	Delta	0.79639316	0.85735154	0.96704704	0.6378626	0.89945555	0.6848423	0.85043555	0.7353702
2021-10-17	South Africa	Delta	0.7918724	0.8661053	0.95510066	0.6281827	0.89266837	0.6804848	0.8372112	0.72413945
2021-10-18	South Africa	Delta	0.78601086	0.8727774	0.9560868	0.63627946	0.8831232	0.67358977	0.8311671	0.71996117
2021-10-19	South Africa	Delta	0.7815989	0.87804955	0.9378016	0.6313238	0.88411456	0.68019783	0.8300628	0.72263634
2021-10-20	South Africa	Delta	0.7742038	0.882689	0.92894316	0.63211477	0.8618971	0.6666296	0.8226051	0.719774
2021-10-21	South Africa	Delta	0.7674475	0.8862261	0.91421705	0.6304468	0.85725343	0.6719806	0.81567764	0.71646893
2021-10-22	South Africa	Delta	0.7558609	0.88817453	0.9026167	0.6258442	0.83629304	0.65478563	0.8035031	0.7069024
2021-10-23	South Africa	Delta	0.7444868	0.88972473	0.8906976	0.61756766	0.83043015	0.6509663	0.7896235	0.69339544
2021-10-24	South Africa	Delta	0.7320369	0.89016676	0.8734274	0.60230726	0.8143259	0.63628876	0.7656779	0.67129993
2021-10-25	South Africa	Delta	0.71872246	0.8894755	0.8602148	0.5920134	0.8119751	0.6304046	0.76038396	0.6656872
2021-10-26	South Africa	Delta	0.7062701	0.88783145	0.85082793	0.57520705	0.80445504	0.6212573	0.7438563	0.6492461
2021-10-27	South Africa	Delta	0.69339144	0.8849142	0.84115535	0.5625156	0.78006935	0.5973154	0.74242914	0.6463345
2021-10-28	South Africa	Delta	0.68130577	0.8804313	0.83341396	0.55054027	0.7627405	0.57896006	0.7260989	0.6326923
2021-10-29	South Africa	Delta	0.67017806	0.8743888	0.82215476	0.5416004	0.7587676	0.574472	0.70615435	0.612203
2021-10-30	South Africa	Delta	0.660019	0.8661059	0.81095254	0.52637523	0.74921334	0.56577843	0.70342094	0.6070735
2021-10-31	South Africa	Delta	0.6529242	0.8555475	0.7977478	0.5179374	0.7390883	0.55851436	0.68992347	0.5927539
2021-11-01	South Africa	Delta	0.64613605	0.8414508	0.7997525	0.519307	0.7291097	0.5473469	0.68621933	0.5901061
2021-11-02	South Africa	Delta	0.6415869	0.82363546	0.797855	0.511139	0.731076	0.54503524	0.6725303	0.5762454
2021-11-03	South Africa	Delta	0.6393174	0.8019047	0.7990557	0.50289065	0.73142636	0.5391783	0.6784339	0.580882
2021-11-04	South Africa	Delta	0.64108264	0.775473	0.8003558	0.49966452	0.7402774	0.5418236	0.6838816	0.5821976
2021-11-05	South Africa	Delta	0.6495515	0.743028	0.8091121	0.49978974	0.75102973	0.5458934	0.69782174	0.5916105
2021-11-06	South Africa	Delta	0.6586935	0.7058364	0.8217845	0.49288866	0.7718182	0.5575163	0.71138287	0.599
2021-11-07	South Africa	Delta	0.6718141	0.66168493	0.8464327	0.4978189	0.7890417	0.56289846	0.7193203	0.5989708
2021-11-08	South Africa	Delta	0.6891972	0.6128919	0.8901469	0.5171761	0.81372046	0.56999415	0.7381067	0.60957617
2021-11-09	South Africa	Delta	0.71397084	0.5592644	0.9208752	0.5169114	0.8433028	0.57761115	0.77211106	0.6333238
2021-11-10	South Africa	Delta	0.7428118	0.5023445	0.98724234	0.5348694	0.87569034	0.5835971	0.792941	0.6378982
2021-11-11	South Africa	Delta	0.7798753	0.4443487	1.0540657	0.54571944	0.94305027	0.6198861	0.85062045	0.68177074
2021-11-12	South Africa	Delta	0.8270724	0.38740608	1.1366622	0.5688959	1.0073196	0.64430326	0.9123161	0.7295644
2021-11-13	South Africa	Delta	0.8789247	0.3326897	1.2401651	0.6022366	1.058271	0.65277416	0.97451276	0.7653576
2021-11-14	South Africa	Delta	0.9325292	0.28437066	1.3087779	0.59546316	1.151025	0.69455504	1.0130988	0.7735626
2021-11-15	South Africa	Delta	0.9787325	0.24176782	1.3979754	0.6113063	1.2182472	0.7101233	1.1011219	0.8391728
2021-11-16	South Africa	Delta	1.0127676	0.20384982	1.4812131	0.6327067	1.2843821	0.73486817	1.1351684	0.85211545
2021-11-17	South Africa	Delta	1.0372243	0.17204022	1.552192	0.6413936	1.3434887	0.7550419	1.1135619	0.8080639
2021-11-18	South Africa	Delta	1.0450345	0.14574586	1.5933453	0.62158024	1.3601913	0.7361103	1.1404885	0.81964445
2021-11-19	South Africa	Delta	1.0486639	0.12381235	1.5869336	0.56464297	1.3542947	0.7051578	1.1638062	0.82835805
2021-11-20	South Africa	Delta	1.0418789	0.104798675	1.617612	0.5562937	1.3857102	0.7116835	1.1474065	0.7980937
2021-11-21	South Africa	Delta	1.0361154	0.088122614	1.6382552	0.5275448	1.3960841	0.68843865	1.1615856	0.7926884
2021-11-22	South Africa	Delta	1.0301318	0.07403888	1.6929173	0.5391031	1.4021997	0.66424304	1.1655349	0.78519297
2021-11-23	South Africa	Delta	1.0247478	0.06134095	1.7048682	0.49783787	1.3973331	0.6335123	1.1590575	0.76315194
2021-11-24	South Africa	Delta	1.0227622	0.04996124	1.7369958	0.4640582	1.3727701	0.58244365	1.2074678	0.79205644
2021-11-25	South Africa	Delta	1.0150797	0.040393323	1.7627978	0.4272789	1.3921206	0.56595874	1.1674984	0.7315519
2021-11-26	South Africa	Delta	1.0039186	0.03238426	1.8370943	0.4214837	1.3949641	0.52467537	1.1626565	0.7041764
2021-11-27	South Africa	Delta	0.9966085	0.025720196	1.9216877	0.43025768	1.4378202	0.5168157	1.1781807	0.70005727
2021-11-28	South Africa	Delta	0.9952438	0.020078696	1.9166632	0.3515	1.472971	0.50966513	1.1612133	0.6586442
2021-11-29	South Africa	Delta	0.9972136	0.015634647	2.0056334	0.36759642	1.4698324	0.46511602	1.1735198	0.650601
2021-11-30	South Africa	Delta	1.0019226	0.012183286	2.0404046	0.3246516	1.5532361	0.5011088	1.1745105	0.628064
2021-12-01	South Africa	Delta	0.99504244	0.009341884	2.1049683	0.28023425	1.5384424	0.4385304	1.1759058	0.6153567
2021-12-02	South Africa	Delta	0.9437789	0.007193034	2.2900314	0.21796292	1.5397588	0.35171556	1.1194437	0.51929086
2021-10-01	South Africa	Omicron	1.4482119	0.0004411061	2.3699653	0.78608763	1.9850546	0.9803213	1.5901146	1.0734057
2021-10-02	South Africa	Omicron	1.5142994	0.0004411061	2.4225802	0.7230978	2.0215576	0.9673782	1.7133901	1.159581
2021-10-03	South Africa	Omicron	1.5481966	0.00044119882	2.6419091	0.80987555	2.0756817	0.95579815	1.7473956	1.1538855
2021-10-04	South Africa	Omicron	1.5773242	0.00044479774	2.6507487	0.7920688	2.1200678	0.96895903	1.7504215	1.1454209
2021-10-05	South Africa	Omicron	1.6050587	0.0004673379	2.6700044	0.78954995	2.1001725	0.9084906	1.8133839	1.2014649
2021-10-06	South Africa	Omicron	1.6341908	0.0005239227	2.7011666	0.8141721	2.2556932	1.0458115	1.7870395	1.1731255
2021-10-07	South Africa	Omicron	1.6685653	0.0006238217	2.7663243	0.8578689	2.2202199	1.0041027	1.8147637	1.183622
2021-10-08	South Africa	Omicron	1.7123859	0.00073994487	2.8047905	0.88956654	2.3191667	1.1033552	1.9067872	1.2590737
2021-10-09	South Africa	Omicron	1.7528718	0.0008614175	2.8042254	0.88239276	2.322778	1.0899813	1.9492147	1.2935524
2021-10-10	South Africa	Omicron	1.7946239	0.0009638743	2.8640552	0.9048195	2.3803723	1.126303	2.0750725	1.4157281
2021-10-11	South Africa	Omicron	1.8383871	0.0010742189	2.9169903	0.92278814	2.4143775	1.1499784	2.032901	1.3728349
2021-10-12	South Africa	Omicron	1.872488	0.0012221376	3.0413764	1.0292372	2.4833264	1.2176579	2.1034024	1.4437282
2021-10-13	South Africa	Omicron	1.9246259	0.0014086089	3.0328991	0.9987986	2.583044	1.295856	2.1558676	1.4945664
2021-10-14	South Africa	Omicron	1.9773476	0.0016167983	3.0912776	1.064418	2.585488	1.2886724	2.2350569	1.5682207
2021-10-15	South Africa	Omicron	2.0328236	0.0018769511	3.1892688	1.1589247	2.6666923	1.3576899	2.3051353	1.6255429
2021-10-16	South Africa	Omicron	2.0900455	0.0021607596	3.1846976	1.1566684	2.700591	1.3772216	2.3179393	1.6239891
2021-10-17	South Africa	Omicron	2.1659312	0.0025065322	3.2910442	1.2294673	2.8042293	1.4687098	2.446162	1.7463157
2021-10-18	South Africa	Omicron	2.2366061	0.0029139856	3.4011164	1.3167422	2.8952866	1.5324498	2.4863605	1.7833807
2021-10-19	South Africa	Omicron	2.31048	0.0034380283	3.4690292	1.3545856	2.9709954	1.5967934	2.595491	1.880853
2021-10-20	South Africa	Omicron	2.3778963	0.0040714745	3.6037726	1.4639484	3.1247544	1.7354016	2.6224144	1.9011209
2021-10-21	South Africa	Omicron	2.450593	0.004821065	3.71433	1.5439295	3.136991	1.7460283	2.6819348	1.959987
2021-10-22	South Africa	Omicron	2.535893	0.0058006337	3.6790712	1.4990671	3.2404492	1.8465484	2.8240685	2.1023643
2021-10-23	South Africa	Omicron	2.6283545	0.006933921	3.8186898	1.6248144	3.2815907	1.8642745	2.960611	2.2279088
2021-10-24	South Africa	Omicron	2.7302418	0.008373739	3.9429312	1.7340641	3.4535356	2.0124016	3.0163682	2.2711856
2021-10-25	South Africa	Omicron	2.8420582	0.0101578105	4.1095386	1.891563	3.4892547	2.0144343	3.0579972	2.301898
2021-10-26	South Africa	Omicron	2.953455	0.012419686	4.148262	1.8588858	3.6376717	2.1317875	3.2183115	2.4582
2021-10-27	South Africa	Omicron	3.0700884	0.015332847	4.3017683	1.9751619	3.8108644	2.2926419	3.3437924	2.5788398
2021-10-28	South Africa	Omicron	3.1788545	0.01907228	4.464993	2.092721	3.9366908	2.4109688	3.4646575	2.6829228
2021-10-29	South Africa	Omicron	3.2709842	0.02390197	4.539123	2.1464872	4.0883117	2.5178804	3.627238	2.8168864
2021-10-30	South Africa	Omicron	3.3652143	0.030031148	4.66653	2.2823267	4.1641703	2.5730824	3.6757522	2.8537908
2021-10-31	South Africa	Omicron	3.4442248	0.0381971	4.726904	2.325835	4.3206778	2.7392354	3.7098668	2.8924937
2021-11-01	South Africa	Omicron	3.5139287	0.048635013	4.8396287	2.4709759	4.303206	2.7244904	3.7924757	2.9865086
2021-11-02	South Africa	Omicron	3.5794535	0.062407345	4.8634925	2.5201874	4.319304	2.7766364	3.8747914	3.091515
2021-11-03	South Africa	Omicron	3.6267822	0.07976399	4.9048185	2.596096	4.328435	2.8221912	3.9426792	3.1818824
2021-11-04	South Africa	Omicron	3.6484873	0.102463126	4.9018583	2.6574657	4.297817	2.8560457	3.9640791	3.2250147
2021-11-05	South Africa	Omicron	3.6509438	0.13118166	4.786952	2.667954	4.370527	3.0045812	3.8927536	3.191975
2021-11-06	South Africa	Omicron	3.635446	0.16679496	4.7408776	2.735036	4.3125467	3.0308568	3.8861697	3.2280657
2021-11-07	South Africa	Omicron	3.6066027	0.20954081	4.5551424	2.7003927	4.1542926	2.9420547	3.8317661	3.2130108
2021-11-08	South Africa	Omicron	3.5640993	0.25996262	4.4625306	2.742082	4.112362	2.979107	3.8117795	3.21492
2021-11-09	South Africa	Omicron	3.510953	0.31685132	4.3406568	2.6885877	4.0838323	3.0182478	3.7909226	3.2190514
2021-11-10	South Africa	Omicron	3.4434004	0.37980002	4.3158627	2.7369409	3.916554	2.9055362	3.7667017	3.2222471
2021-11-11	South Africa	Omicron	3.3818429	0.44524765	4.1460714	2.6491728	3.8340864	2.8647933	3.6136253	3.1020155
2021-11-12	South Africa	Omicron	3.3223023	0.5108311	4.067716	2.638329	3.7935066	2.855414	3.5735729	3.0829859
2021-11-13	South Africa	Omicron	3.267131	0.5747982	3.9464412	2.5511744	3.7058218	2.7941704	3.5289812	3.0449827
2021-11-14	South Africa	Omicron	3.2320364	0.63449323	3.9549956	2.5719483	3.7125976	2.81775	3.4257915	2.9547856
2021-11-15	South Africa	Omicron	3.2095428	0.687908	3.9278915	2.5363069	3.647698	2.7521236	3.3956852	2.922473
2021-11-16	South Africa	Omicron	3.2160678	0.7351434	3.9566376	2.5943973	3.6905777	2.7902086	3.4252977	2.9530225
2021-11-17	South Africa	Omicron	3.265582	0.7750891	3.9717977	2.594443	3.7642815	2.851308	3.4872537	3.0080833
2021-11-18	South Africa	Omicron	3.3494518	0.8092929	4.079613	2.6800604	3.7876942	2.8667142	3.6067188	3.1121101
2021-11-19	South Africa	Omicron	3.4641795	0.83874905	4.2211456	2.788294	3.9284272	2.9656358	3.7186642	3.2047336
2021-11-20	South Africa	Omicron	3.6196778	0.8633515	4.3752465	2.8218057	4.105857	3.078548	3.8626664	3.3198164
2021-11-21	South Africa	Omicron	3.7886968	0.88492787	4.7535357	2.9754236	4.33566	3.1775904	3.9942772	3.3793051
2021-11-22	South Africa	Omicron	3.960525	0.9036721	5.155535	3.1027622	4.5846496	3.2627816	4.2218757	3.5169249
2021-11-23	South Africa	Omicron	4.113303	0.9201	5.4322033	3.1530395	4.871559	3.3662736	4.4325595	3.6455686
2021-11-24	South Africa	Omicron	4.236586	0.93462527	5.697747	3.14679	5.084697	3.412687	4.623123	3.7487733
2021-11-25	South Africa	Omicron	4.365075	0.94693387	5.8795414	3.0812016	5.284048	3.4453764	4.725084	3.7766879
2021-11-26	South Africa	Omicron	4.4568954	0.95736384	6.1819873	3.0486958	5.560245	3.500586	4.8493495	3.7931628
2021-11-27	South Africa	Omicron	4.5686765	0.9663795	6.5422106	3.0008237	5.69637	3.3590426	4.9770947	3.7935147
2021-11-28	South Africa	Omicron	4.6500797	0.97361606	6.924746	2.8715262	5.8314085	3.1813912	5.064059	3.7127535
2021-11-29	South Africa	Omicron	4.714613	0.97929025	7.381256	2.668191	6.0990496	3.1039052	5.2439747	3.696343
2021-11-30	South Africa	Omicron	4.7398996	0.98388493	7.9215903	2.5200894	6.3951135	3.0025954	5.1604013	3.4238913
2021-12-01	South Africa	Omicron	4.709177	0.9875774	8.135147	2.0542302	6.4564533	2.6461582	5.2205725	3.3208265
2021-12-02	South Africa	Omicron	4.6908226	0.99039245	8.849288	1.626538	6.9191556	2.4420576	5.291125	3.076958
2021-10-01	South Africa	other	0.4445685	0.34787887	0.73576915	0.21631062	0.6057052	0.26572365	0.51140547	0.33613908
2021-10-02	South Africa	other	0.43640012	0.34787884	0.66901815	0.23855218	0.5588819	0.28576306	0.48600793	0.34404704
2021-10-03	South Africa	other	0.42665812	0.3478506	0.6413022	0.2612273	0.5392235	0.29686645	0.4708668	0.34691417
2021-10-04	South Africa	other	0.4196858	0.34689593	0.61483574	0.2778057	0.5322008	0.3122736	0.4566179	0.3438292
2021-10-05	South Africa	other	0.41921723	0.34159705	0.59019566	0.28299052	0.51364416	0.31320935	0.46084288	0.35531718
2021-10-06	South Africa	other	0.42586577	0.32581285	0.5797513	0.29344505	0.5101663	0.32285422	0.46420667	0.3646502
2021-10-07	South Africa	other	0.4320163	0.30164704	0.5798686	0.30407637	0.5133163	0.33454072	0.46595198	0.37287456
2021-10-08	South Africa	other	0.43918908	0.27371633	0.57947963	0.3126026	0.52439606	0.35402748	0.4741576	0.38524675
2021-10-09	South Africa	other	0.4484648	0.24827263	0.5866097	0.32676852	0.5228428	0.3607791	0.48009503	0.39533773
2021-10-10	South Africa	other	0.45921102	0.22775093	0.59305906	0.34131056	0.5378752	0.3774366	0.5046753	0.42070967
2021-10-11	South Africa	other	0.4724037	0.21040873	0.6098704	0.35941738	0.5429597	0.38339072	0.51394176	0.43136218
2021-10-12	South Africa	other	0.49016666	0.19463536	0.62148535	0.36951488	0.5626501	0.39847183	0.5250098	0.44253817
2021-10-13	South Africa	other	0.51124763	0.1796262	0.6519111	0.39040363	0.5838714	0.41449153	0.5485083	0.46227857
2021-10-14	South Africa	other	0.5334774	0.164842	0.6869865	0.40903902	0.61360395	0.43450126	0.57984895	0.48654252
2021-10-15	South Africa	other	0.5573429	0.15128529	0.7125048	0.4210731	0.65296173	0.46233538	0.6000827	0.49948975
2021-10-16	South Africa	other	0.583273	0.13992041	0.7512988	0.4461649	0.6782313	0.47680753	0.62031114	0.5130417
2021-10-17	South Africa	other	0.60857403	0.13095754	0.7810205	0.45644227	0.71609116	0.5023233	0.6636564	0.5509903
2021-10-18	South Africa	other	0.63437015	0.12351687	0.81979597	0.4748295	0.7494735	0.5222022	0.6773097	0.5584017
2021-10-19	South Africa	other	0.66191226	0.11742827	0.85015744	0.4796885	0.78118795	0.5438189	0.7156187	0.590794
2021-10-20	South Africa	other	0.6901586	0.112381384	0.8917044	0.5066236	0.81180286	0.5639779	0.73455274	0.6024333
2021-10-21	South Africa	other	0.71675813	0.10810927	0.92482865	0.52493864	0.83246154	0.57541233	0.7761544	0.63748956
2021-10-22	South Africa	other	0.7408508	0.104730554	0.9546638	0.5359154	0.8628923	0.59102803	0.81850904	0.6742419
2021-10-23	South Africa	other	0.7675177	0.10207943	1.0059277	0.5608635	0.8997322	0.6163969	0.8210451	0.6753015
2021-10-24	South Africa	other	0.7962662	0.10004835	1.0441718	0.5804669	0.9372751	0.6433163	0.8625176	0.7087995
2021-10-25	South Africa	other	0.8279744	0.098687544	1.0994339	0.6131282	0.969963	0.6593352	0.88691205	0.7246413
2021-10-26	South Africa	other	0.8603029	0.09794164	1.1377732	0.6223127	1.0278089	0.6982616	0.9285272	0.75355244
2021-10-27	South Africa	other	0.8913954	0.09816162	1.1802894	0.6450264	1.0689821	0.72746164	0.9814962	0.7984037
2021-10-28	South Africa	other	0.92442024	0.09856884	1.1941638	0.64871943	1.1069692	0.74870247	1.0169674	0.8257357
2021-10-29	South Africa	other	0.95122015	0.10004369	1.2555224	0.69610626	1.1337562	0.7661685	1.0323625	0.837342
2021-10-30	South Africa	other	0.96878254	0.10200744	1.2702844	0.6954553	1.1749634	0.7973783	1.0659698	0.8684602
2021-10-31	South Africa	other	0.98311824	0.10433001	1.289453	0.7098541	1.1754055	0.7900528	1.0650005	0.86713886
2021-11-01	South Africa	other	0.98968637	0.10751411	1.297782	0.71223783	1.1865928	0.7981201	1.073011	0.8755859
2021-11-02	South Africa	other	0.9896314	0.11105182	1.2960472	0.703109	1.1755258	0.7909435	1.0902731	0.89062166
2021-11-03	South Africa	other	0.98103225	0.11480981	1.2837886	0.6784005	1.1650397	0.77783704	1.0633913	0.86221373
2021-11-04	South Africa	other	0.9677036	0.11880787	1.2956297	0.6820755	1.1620072	0.7679651	1.0620216	0.86031634
2021-11-05	South Africa	other	0.9560027	0.121906936	1.3060073	0.6759814	1.1437937	0.7440268	1.0420437	0.8321747
2021-11-06	South Africa	other	0.94681287	0.12366269	1.3064835	0.6728951	1.1495664	0.7380092	1.044149	0.8258314
2021-11-07	South Africa	other	0.94343793	0.12425758	1.3065894	0.64923453	1.1467655	0.72754836	1.0165808	0.79604626
2021-11-08	South Africa	other	0.9431751	0.12300985	1.3110477	0.6597794	1.15636	0.73739386	1.0525622	0.8315838
2021-11-09	South Africa	other	0.94615364	0.11995728	1.2984731	0.6694352	1.1502495	0.7333982	1.0482979	0.8298008
2021-11-10	South Africa	other	0.9512442	0.11349983	1.3080693	0.67579323	1.1686995	0.7518735	1.0401516	0.8212494
2021-11-11	South Africa	other	0.9524268	0.106292754	1.3028901	0.6630179	1.1482111	0.73145884	1.0444233	0.8261771
2021-11-12	South Africa	other	0.9549565	0.09716903	1.3046091	0.64453375	1.1448694	0.7230233	1.0393836	0.8186971
2021-11-13	South Africa	other	0.9503334	0.08751717	1.3162633	0.6390046	1.1605575	0.7169142	1.0372498	0.80812526
2021-11-14	South Africa	other	0.9487175	0.07769436	1.323407	0.6157059	1.1787666	0.71422017	1.0412397	0.8042854
2021-11-15	South Africa	other	0.9497397	0.06830538	1.3509668	0.6047873	1.1884894	0.708119	1.0364959	0.79299223
2021-11-16	South Africa	other	0.9518821	0.059112176	1.403563	0.6094856	1.1863902	0.6814112	1.0607569	0.8082875
2021-11-17	South Africa	other	0.953681	0.05084402	1.4241967	0.58291245	1.2010708	0.6734665	1.0596524	0.7906174
2021-11-18	South Africa	other	0.9577092	0.043031644	1.4670095	0.5663565	1.2346871	0.6777107	1.0752748	0.7901894
2021-11-19	South Africa	other	0.9565352	0.03631819	1.5108699	0.5597391	1.2504723	0.65745014	1.0798532	0.77409077
2021-11-20	South Africa	other	0.95572615	0.030453471	1.5306873	0.5237065	1.2794847	0.6449262	1.1169728	0.79037607
2021-11-21	South Africa	other	0.9485608	0.02537965	1.5601122	0.50545275	1.2820191	0.6107856	1.049541	0.70564044
2021-11-22	South Africa	other	0.943201	0.020925617	1.5822934	0.47975877	1.2614851	0.5586573	1.0448529	0.691105
2021-11-23	South Africa	other	0.9352803	0.01716925	1.6180353	0.4793276	1.2718594	0.5537568	1.0470961	0.6816073
2021-11-24	South Africa	other	0.9235165	0.013842575	1.6000575	0.43377733	1.2580413	0.51797366	1.0738378	0.6961105
2021-11-25	South Africa	other	0.9208913	0.011012454	1.6372957	0.4455884	1.2757533	0.51875156	1.0483218	0.66071236
2021-11-26	South Africa	other	0.9162301	0.008704565	1.7076397	0.44791964	1.2717519	0.48307434	0.9955689	0.5982433
2021-11-27	South Africa	other	0.9152063	0.006745987	1.7628702	0.44668013	1.3269017	0.49733928	1.006058	0.59566665
2021-11-28	South Africa	other	0.92113864	0.00523166	1.7811897	0.415443	1.3524221	0.48979494	1.0384784	0.60896564
2021-11-29	South Africa	other	0.9291878	0.0040088603	1.8541268	0.40961245	1.3676775	0.4658388	1.0248785	0.5742136
2021-11-30	South Africa	other	0.93164957	0.0030530484	1.9139274	0.37366766	1.3700039	0.43345076	1.0181684	0.5393287
2021-12-01	South Africa	other	0.9328611	0.0023471615	1.9878408	0.33315107	1.4432623	0.43588677	1.0627724	0.551912
2021-12-02	South Africa	other	0.92214847	0.0017784818	2.2305403	0.27491143	1.510039	0.35348335	1.0432733	0.47819254
2021-10-01	United Kingdom	Delta	1.1506025	0.9988034	1.3296871	0.98911905	1.2534614	1.024252	1.209322	1.0887314
2021-10-02	United Kingdom	Delta	1.1452535	0.9988034	1.275594	1.0241333	1.2286514	1.0669707	1.1851789	1.0990746
2021-10-03	United Kingdom	Delta	1.1459401	0.99880344	1.252775	1.0354441	1.2139535	1.0723453	1.1910949	1.1161551
2021-10-04	United Kingdom	Delta	1.1495702	0.998808	1.2437211	1.0551946	1.207096	1.0847962	1.175673	1.1116438
2021-10-05	United Kingdom	Delta	1.1543103	0.99883556	1.2458227	1.0756462	1.2095659	1.0975181	1.1829743	1.1253958
2021-10-06	United Kingdom	Delta	1.1590626	0.9988954	1.2415706	1.0825384	1.2104295	1.1066029	1.1898069	1.1367579
2021-10-07	United Kingdom	Delta	1.1627643	0.9989921	1.2418122	1.0914792	1.2147171	1.1147727	1.1863997	1.1351485
2021-10-08	United Kingdom	Delta	1.1641195	0.99908483	1.2401158	1.093393	1.2158288	1.1188236	1.18608	1.1350882
2021-10-09	United Kingdom	Delta	1.1632459	0.9991549	1.2417253	1.0986476	1.2081224	1.1126436	1.1827935	1.1339581
2021-10-10	United Kingdom	Delta	1.1579053	0.99921435	1.2318825	1.090086	1.2073075	1.1153082	1.1819427	1.1340255
2021-10-11	United Kingdom	Delta	1.1459227	0.99926984	1.2160969	1.0804089	1.1907107	1.1020736	1.167688	1.1215771
2021-10-12	United Kingdom	Delta	1.1283895	0.9993215	1.1995009	1.0661055	1.1698049	1.0842801	1.1495975	1.1037977
2021-10-13	United Kingdom	Delta	1.1034532	0.99937356	1.1744007	1.039754	1.1456789	1.057397	1.12583	1.0782537
2021-10-14	United Kingdom	Delta	1.0734701	0.9994247	1.1459073	1.0077014	1.1191108	1.028248	1.0948217	1.0469489
2021-10-15	United Kingdom	Delta	1.0392294	0.99946976	1.1046958	0.9737584	1.0841975	0.99746644	1.0603875	1.015099
2021-10-16	United Kingdom	Delta	1.0043628	0.99951005	1.063724	0.9467525	1.0437149	0.96733284	1.0280467	0.98747385
2021-10-17	United Kingdom	Delta	0.97091097	0.99954486	1.0264236	0.9189751	1.00432	0.9345895	0.9915799	0.95422345
2021-10-18	United Kingdom	Delta	0.942517	0.9995743	0.9956865	0.8867311	0.979468	0.9096857	0.95847154	0.92173994
2021-10-19	United Kingdom	Delta	0.92025995	0.9995992	0.9778373	0.8682506	0.9546984	0.8849701	0.940644	0.90419614
2021-10-20	United Kingdom	Delta	0.90518296	0.99962175	0.96200657	0.85774904	0.9386589	0.8707866	0.9207193	0.8858058
2021-10-21	United Kingdom	Delta	0.89649236	0.99963874	0.9457552	0.8459399	0.93113285	0.8652667	0.91405976	0.8802957
2021-10-22	United Kingdom	Delta	0.88991964	0.9996532	0.9387401	0.8405743	0.9207553	0.8560653	0.9064936	0.8733282
2021-10-23	United Kingdom	Delta	0.885709	0.99966514	0.9345019	0.8379936	0.9181901	0.8540971	0.9007286	0.86815745
2021-10-24	United Kingdom	Delta	0.88199425	0.9996743	0.9325952	0.8362837	0.9167157	0.8532448	0.894905	0.86250585
2021-10-25	United Kingdom	Delta	0.877156	0.99968225	0.928124	0.8289914	0.9104111	0.84687877	0.8936396	0.8602971
2021-10-26	United Kingdom	Delta	0.87279403	0.9996899	0.9280125	0.82642275	0.903938	0.8382838	0.88621557	0.85184777
2021-10-27	United Kingdom	Delta	0.86798793	0.9996971	0.92000866	0.8173648	0.90108335	0.83384717	0.8842974	0.84957594
2021-10-28	United Kingdom	Delta	0.8663651	0.9997037	0.91758263	0.81300557	0.898457	0.83065	0.8825139	0.84757805
2021-10-29	United Kingdom	Delta	0.86845165	0.9997096	0.9201196	0.8168887	0.9026541	0.83471507	0.8823501	0.8470022
2021-10-30	United Kingdom	Delta	0.8780097	0.999715	0.924813	0.8256252	0.90972674	0.8445039	0.89375395	0.8594638
2021-10-31	United Kingdom	Delta	0.8963026	0.9997185	0.9406241	0.8456907	0.9261078	0.86479986	0.91125226	0.8783513
2021-11-01	United Kingdom	Delta	0.9226067	0.99972063	0.9688589	0.8686952	0.95453525	0.88858235	0.94166464	0.90800786
2021-11-02	United Kingdom	Delta	0.9555058	0.9997195	1.0102518	0.8950335	0.993021	0.91730666	0.9794175	0.9398271
2021-11-03	United Kingdom	Delta	0.9928838	0.9997176	1.052589	0.9241722	1.0369331	0.9523052	1.0177913	0.9742954
2021-11-04	United Kingdom	Delta	1.0310919	0.9997141	1.0937415	0.9646355	1.0734763	0.98987156	1.049793	1.0057516
2021-11-05	United Kingdom	Delta	1.0672474	0.99970937	1.1303428	1.0052857	1.1100432	1.0285591	1.090749	1.0485483
2021-11-06	United Kingdom	Delta	1.0973871	0.99970627	1.1640984	1.035452	1.139888	1.0550426	1.1143107	1.0704136
2021-11-07	United Kingdom	Delta	1.1176823	0.9997022	1.1881163	1.050706	1.1643186	1.0764065	1.1432565	1.094943
2021-11-08	United Kingdom	Delta	1.1294525	0.99969786	1.203773	1.0636439	1.1738398	1.082251	1.1507292	1.1019644
2021-11-09	United Kingdom	Delta	1.1314344	0.999694	1.2044048	1.0645884	1.178514	1.0866416	1.1516825	1.1031184
2021-11-10	United Kingdom	Delta	1.1283852	0.9996884	1.196643	1.0566335	1.1720229	1.081572	1.1509218	1.1027733
2021-11-11	United Kingdom	Delta	1.1213458	0.99968004	1.1874975	1.0477525	1.1689374	1.0800962	1.1425196	1.094693
2021-11-12	United Kingdom	Delta	1.1133337	0.9996678	1.1822107	1.0464655	1.1569344	1.0687485	1.1392533	1.0915521
2021-11-13	United Kingdom	Delta	1.1024817	0.99964917	1.1663295	1.0286599	1.1492977	1.0599246	1.1242759	1.0757093
2021-11-14	United Kingdom	Delta	1.0903034	0.9996245	1.1596469	1.0209794	1.1346148	1.0434324	1.1160384	1.0681554
2021-11-15	United Kingdom	Delta	1.0750172	0.99958956	1.1409645	1.0028814	1.1181937	1.0294824	1.096767	1.0501877
2021-11-16	United Kingdom	Delta	1.0579267	0.9995428	1.1236632	0.9904026	1.0959636	1.0112964	1.0778615	1.0327976
2021-11-17	United Kingdom	Delta	1.040376	0.9994837	1.0988138	0.9703478	1.0820646	0.9998303	1.0675803	1.0233449
2021-11-18	United Kingdom	Delta	1.0237164	0.99940395	1.0851922	0.96021235	1.0643516	0.9814161	1.0481263	1.0050656
2021-11-19	United Kingdom	Delta	1.0093324	0.9992976	1.0720274	0.9502815	1.0537668	0.9723415	1.0303353	0.9887548
2021-11-20	United Kingdom	Delta	0.9995591	0.99915445	1.057146	0.9424658	1.0395236	0.9622714	1.0158958	0.97518855
2021-11-21	United Kingdom	Delta	0.99486715	0.99896014	1.0534734	0.9375742	1.0344148	0.95795584	1.0154791	0.97574776
2021-11-22	United Kingdom	Delta	0.9960616	0.9986961	1.0573207	0.93905985	1.0391281	0.960747	1.0140359	0.9735227
2021-11-23	United Kingdom	Delta	1.0038507	0.9983257	1.0738808	0.94645184	1.045625	0.96348846	1.0230505	0.97987163
2021-11-24	United Kingdom	Delta	1.0167112	0.99783087	1.0933354	0.9470381	1.0635993	0.96786165	1.0404086	0.99061906
2021-11-25	United Kingdom	Delta	1.0338292	0.9971621	1.1283056	0.94437593	1.093866	0.97404516	1.0647166	1.0015491
2021-11-26	United Kingdom	Delta	1.0521	0.9962506	1.1777536	0.9338256	1.1351558	0.9750487	1.08731	1.0028056
2021-11-27	United Kingdom	Delta	1.0726614	0.99504924	1.2511303	0.92518747	1.1766179	0.95983297	1.1292701	1.0177855
2021-11-28	United Kingdom	Delta	1.0929908	0.9934021	1.3241918	0.89074636	1.238808	0.95464903	1.1683857	1.0170895
2021-11-29	United Kingdom	Delta	1.1159993	0.9911922	1.4149786	0.8539524	1.3060522	0.93438196	1.2101169	1.0149673
2021-11-30	United Kingdom	Delta	1.1364211	0.988332	1.5412282	0.8039582	1.3775728	0.90974236	1.2541627	1.0071449
2021-12-01	United Kingdom	Delta	1.1340325	0.98449355	1.5966756	0.6814843	1.4091935	0.8257501	1.2578479	0.9580561
2021-12-02	United Kingdom	Delta	1.0770439	0.97946495	1.7142556	0.55456525	1.4311829	0.7016866	1.2156088	0.8285283
2021-10-01	United Kingdom	Omicron	1.276426	1.4930997e-06	1.9467843	0.743383	1.6638848	0.8941832	1.4505472	1.0489137
2021-10-02	United Kingdom	Omicron	1.3047929	1.4930995e-06	2.0207613	0.7244911	1.6964889	0.8848911	1.4592327	1.033603
2021-10-03	United Kingdom	Omicron	1.3083932	1.4931574e-06	2.1048505	0.7407595	1.6641386	0.82877225	1.5459493	1.0983158
2021-10-04	United Kingdom	Omicron	1.3171558	1.4959585e-06	2.0524848	0.68198276	1.6914997	0.8444987	1.4942085	1.0452975
2021-10-05	United Kingdom	Omicron	1.330167	1.5098688e-06	2.074794	0.694325	1.7684622	0.90517503	1.5035443	1.0551434
2021-10-06	United Kingdom	Omicron	1.3497093	1.5454389e-06	2.1332004	0.7358439	1.7866722	0.91161835	1.5110238	1.0532924
2021-10-07	United Kingdom	Omicron	1.3697302	1.5980979e-06	2.173293	0.7772517	1.8305962	0.93915236	1.539685	1.0760006
2021-10-08	United Kingdom	Omicron	1.3896437	1.6336257e-06	2.1630075	0.76526546	1.8211803	0.92306316	1.5172573	1.0473666
2021-10-09	United Kingdom	Omicron	1.4073367	1.6623869e-06	2.1845317	0.78111523	1.8321587	0.93297905	1.5641851	1.0953124
2021-10-10	United Kingdom	Omicron	1.4269644	1.6976975e-06	2.2307177	0.8100934	1.8718259	0.96583855	1.6108444	1.1359789
2021-10-11	United Kingdom	Omicron	1.4463197	1.7357702e-06	2.2005274	0.7667741	1.8812715	0.9692415	1.6298237	1.1520417
2021-10-12	United Kingdom	Omicron	1.4601665	1.7944969e-06	2.2301543	0.7825602	1.896241	0.9835654	1.6755544	1.1914821
2021-10-13	United Kingdom	Omicron	1.4769051	1.84037e-06	2.2809951	0.8126174	1.9101188	0.99316454	1.6832234	1.1922337
2021-10-14	United Kingdom	Omicron	1.4988645	1.9207732e-06	2.2799635	0.8038672	1.9016758	0.9594685	1.656836	1.158044
2021-10-15	United Kingdom	Omicron	1.5247521	2.0026305e-06	2.3178217	0.83367443	1.9882628	1.0331542	1.6804749	1.1740783
2021-10-16	United Kingdom	Omicron	1.5560465	2.0916664e-06	2.361658	0.8728519	2.0200639	1.0535855	1.8005147	1.2840776
2021-10-17	United Kingdom	Omicron	1.5856885	2.1928363e-06	2.4178548	0.92076737	2.0519586	1.0649891	1.877951	1.3536087
2021-10-18	United Kingdom	Omicron	1.6185517	2.315313e-06	2.4256225	0.9214415	2.0895908	1.0909963	1.8421474	1.309957
2021-10-19	United Kingdom	Omicron	1.6642838	2.462215e-06	2.4712105	0.917592	2.138646	1.1233013	1.8857849	1.3509456
2021-10-20	United Kingdom	Omicron	1.7000176	2.6393059e-06	2.5383515	0.95930755	2.1988363	1.1733851	1.9454851	1.407914
2021-10-21	United Kingdom	Omicron	1.7323596	2.8738073e-06	2.6371498	0.9998605	2.2668	1.226012	1.9912798	1.4464514
2021-10-22	United Kingdom	Omicron	1.7729754	3.1442864e-06	2.6985474	1.0338988	2.3156197	1.2536744	1.9700612	1.4165595
2021-10-23	United Kingdom	Omicron	1.8138064	3.4867694e-06	2.7333884	1.0516261	2.3378472	1.2583654	1.970623	1.410936
2021-10-24	United Kingdom	Omicron	1.8615416	3.84577e-06	2.757555	1.0633353	2.4398763	1.3390812	2.076717	1.508898
2021-10-25	United Kingdom	Omicron	1.9133245	4.326303e-06	2.8807178	1.1351203	2.4563107	1.331356	2.0884671	1.5139761
2021-10-26	United Kingdom	Omicron	1.9728847	4.865743e-06	2.9418736	1.1510369	2.53257	1.3794703	2.1659298	1.5749121
2021-10-27	United Kingdom	Omicron	2.0369415	5.46485e-06	3.0868704	1.2336199	2.614684	1.4129541	2.3051043	1.6898663
2021-10-28	United Kingdom	Omicron	2.115934	6.2185836e-06	3.163537	1.2196398	2.7514935	1.4890338	2.3498936	1.7123064
2021-10-29	United Kingdom	Omicron	2.2041233	7.1124296e-06	3.304255	1.2542043	2.8270364	1.5114118	2.4873085	1.8212906
2021-10-30	United Kingdom	Omicron	2.2939177	8.154704e-06	3.4590087	1.3079873	2.973809	1.5859735	2.6366105	1.9266527
2021-10-31	United Kingdom	Omicron	2.4026208	9.394727e-06	3.670918	1.4233714	3.102283	1.6475453	2.644525	1.8963971
2021-11-01	United Kingdom	Omicron	2.5116925	1.08867025e-05	3.837952	1.5249326	3.2409286	1.7317153	2.814126	2.0438313
2021-11-02	United Kingdom	Omicron	2.6348152	1.2700384e-05	3.9358747	1.5658165	3.3857102	1.8247195	2.8875422	2.0807354
2021-11-03	United Kingdom	Omicron	2.7620254	1.4979949e-05	4.088374	1.6484073	3.5537283	1.955703	3.088925	2.2582285
2021-11-04	United Kingdom	Omicron	2.907136	1.7696133e-05	4.2501745	1.7577882	3.6628458	2.042889	3.204915	2.3557124
2021-11-05	United Kingdom	Omicron	3.0576758	2.0952764e-05	4.491954	1.9279675	3.8424122	2.2013748	3.3456504	2.4704502
2021-11-06	United Kingdom	Omicron	3.2203064	2.4997513e-05	4.6334186	2.0601032	4.049756	2.3890085	3.5239465	2.6329937
2021-11-07	United Kingdom	Omicron	3.4033625	2.9848718e-05	4.8587766	2.2584815	4.191229	2.4737663	3.65522	2.7481806
2021-11-08	United Kingdom	Omicron	3.5855262	3.5737714e-05	5.039749	2.3860312	4.439376	2.6704671	3.9315596	3.0114982
2021-11-09	United Kingdom	Omicron	3.7946544	4.248172e-05	5.330661	2.5338001	4.754512	2.9013033	4.133254	3.1723597
2021-11-10	United Kingdom	Omicron	4.024683	5.11521e-05	5.5610113	2.638558	4.9949126	3.0663795	4.4671264	3.4544384
2021-11-11	United Kingdom	Omicron	4.252202	6.194609e-05	5.9622116	2.887732	5.2493305	3.249053	4.587404	3.5367615
2021-11-12	United Kingdom	Omicron	4.4712915	7.58205e-05	6.1846275	2.9957557	5.522913	3.4536457	4.9366717	3.8502355
2021-11-13	United Kingdom	Omicron	4.6826205	9.379897e-05	6.4076614	3.1220207	5.71325	3.5830178	5.1703315	4.067194
2021-11-14	United Kingdom	Omicron	4.8856573	0.000117494965	6.637711	3.2914186	5.8647914	3.6874683	5.330967	4.1923027
2021-11-15	United Kingdom	Omicron	5.0689106	0.000148562	6.831732	3.4564486	6.1243873	3.9238424	5.4471493	4.291341
2021-11-16	United Kingdom	Omicron	5.2428517	0.000189724	7.0178747	3.6683404	6.3895454	4.176454	5.6269464	4.465709
2021-11-17	United Kingdom	Omicron	5.3927975	0.00024457538	7.1280513	3.8325062	6.53283	4.324422	5.9501657	4.793039
2021-11-18	United Kingdom	Omicron	5.521008	0.00031766284	7.2418575	3.9853802	6.654735	4.492172	6.0705686	4.9293547
2021-11-19	United Kingdom	Omicron	5.64032	0.00041722928	7.334033	4.0884237	6.6620693	4.507548	6.1151004	4.9713516
2021-11-20	United Kingdom	Omicron	5.701869	0.00055664557	7.4498987	4.1907873	6.895938	4.756488	6.0185366	4.880826
2021-11-21	United Kingdom	Omicron	5.7431192	0.00074472977	7.546798	4.272317	6.829262	4.706	6.3140783	5.159892
2021-11-22	United Kingdom	Omicron	5.763637	0.0010041539	7.5632257	4.239113	6.8893514	4.722832	6.189624	5.0343714
2021-11-23	United Kingdom	Omicron	5.7774444	0.001357827	7.578045	4.172818	6.8708305	4.658719	6.2875757	5.111723
2021-11-24	United Kingdom	Omicron	5.792808	0.0018421687	7.713607	4.1569905	6.9122753	4.635709	6.379298	5.1724873
2021-11-25	United Kingdom	Omicron	5.818518	0.0024928504	7.761775	4.042182	6.997264	4.6237636	6.312266	5.0606756
2021-11-26	United Kingdom	Omicron	5.8482246	0.0033837017	7.924443	4.079179	6.9885845	4.5054517	6.381017	5.0921974
2021-11-27	United Kingdom	Omicron	5.874378	0.004577662	7.980439	3.923397	7.237601	4.6169424	6.373966	5.004977
2021-11-28	United Kingdom	Omicron	5.89164	0.006207333	8.128458	3.8488724	7.22776	4.4519386	6.52729	5.069855
2021-11-29	United Kingdom	Omicron	5.895213	0.008378831	8.436832	3.8067634	7.294538	4.326782	6.554696	4.9926825
2021-11-30	United Kingdom	Omicron	5.8688316	0.011239262	8.572757	3.6288364	7.494025	4.3281713	6.449028	4.795272
2021-12-01	United Kingdom	Omicron	5.8125606	0.015008388	8.777655	3.3266397	7.5512223	4.0993137	6.2803574	4.526181
2021-12-02	United Kingdom	Omicron	5.8164005	0.020088542	9.556123	2.771097	8.030199	3.8676343	6.399269	4.322466
2021-10-01	United Kingdom	other	0.7847865	0.0011903596	1.1987065	0.43667743	1.0211533	0.52060884	0.8828633	0.6243304
2021-10-02	United Kingdom	other	0.7556993	0.0011903595	1.1006336	0.4576844	0.9418017	0.5338915	0.8360809	0.62133825
2021-10-03	United Kingdom	other	0.7338276	0.0011902194	1.0351617	0.46260756	0.9018052	0.53371805	0.82079613	0.6288744
2021-10-04	United Kingdom	other	0.7194349	0.0011860873	1.0090185	0.491161	0.8740245	0.5409106	0.78084576	0.6080748
2021-10-05	United Kingdom	other	0.711622	0.001160434	0.9720986	0.49647743	0.86121315	0.5570575	0.7732359	0.6154405
2021-10-06	United Kingdom	other	0.7101288	0.0010971101	0.9513745	0.52183807	0.8392489	0.5623194	0.7700256	0.6251731
2021-10-07	United Kingdom	other	0.70864576	0.0010024752	0.9115757	0.5142549	0.8248515	0.5679815	0.7580029	0.62517935
2021-10-08	United Kingdom	other	0.70333695	0.00091133296	0.89641166	0.51912826	0.82201487	0.58191717	0.749558	0.62648106
2021-10-09	United Kingdom	other	0.6985981	0.0008410475	0.89553845	0.53922427	0.8070235	0.5788018	0.74749666	0.6298571
2021-10-10	United Kingdom	other	0.69327533	0.00078036886	0.8766602	0.53548765	0.8021613	0.58370626	0.7518436	0.63944453
2021-10-11	United Kingdom	other	0.6905952	0.0007254126	0.86858714	0.5415675	0.7863201	0.5748785	0.74984777	0.64144546
2021-10-12	United Kingdom	other	0.69046617	0.0006727724	0.8580103	0.54431814	0.7861389	0.58008873	0.7419111	0.6378956
2021-10-13	United Kingdom	other	0.69293576	0.00062150793	0.8598917	0.5504967	0.7922137	0.59046257	0.732621	0.6312634
2021-10-14	United Kingdom	other	0.6979641	0.0005703131	0.8562913	0.5437796	0.7961582	0.59469795	0.73703706	0.63459575
2021-10-15	United Kingdom	other	0.70525163	0.0005254935	0.85725987	0.53749734	0.8084776	0.60715455	0.75065637	0.6454959
2021-10-16	United Kingdom	other	0.71469766	0.0004859644	0.8795296	0.55086476	0.8223555	0.6129774	0.7595122	0.6508288
2021-10-17	United Kingdom	other	0.7247008	0.0004497593	0.8986438	0.55984724	0.8272995	0.61151826	0.7818821	0.6679066
2021-10-18	United Kingdom	other	0.7303046	0.0004200243	0.9051768	0.5613504	0.8340616	0.611123	0.79036045	0.6716299
2021-10-19	United Kingdom	other	0.7342307	0.00039489457	0.91764206	0.5686706	0.84774977	0.6233127	0.79379576	0.67293906
2021-10-20	United Kingdom	other	0.7383793	0.00037349007	0.92927736	0.57415056	0.8656964	0.63427824	0.7946345	0.6697821
2021-10-21	United Kingdom	other	0.739001	0.00035577646	0.93715185	0.56754047	0.86785483	0.6298412	0.79705113	0.67022043
2021-10-22	United Kingdom	other	0.74030447	0.0003416736	0.9384687	0.5607815	0.8602011	0.6201092	0.7994168	0.67119426
2021-10-23	United Kingdom	other	0.741083	0.00032942626	0.9452009	0.56375325	0.85539865	0.61176556	0.7893734	0.65992993
2021-10-24	United Kingdom	other	0.74450314	0.00031924405	0.95118254	0.5614722	0.8596149	0.61325824	0.7963572	0.6662947
2021-10-25	United Kingdom	other	0.7544948	0.00031054736	0.9613342	0.56366676	0.8788049	0.62821156	0.8055292	0.67405117
2021-10-26	United Kingdom	other	0.76867163	0.00030216694	0.9812381	0.5790914	0.89522374	0.6361439	0.8278978	0.6925765
2021-10-27	United Kingdom	other	0.78953815	0.0002937218	1.0179945	0.6079462	0.93314093	0.6639271	0.849416	0.7102531
2021-10-28	United Kingdom	other	0.8140992	0.00028680207	1.0520974	0.62992966	0.95045024	0.67411107	0.8698696	0.7254443
2021-10-29	United Kingdom	other	0.84082574	0.0002793343	1.0917189	0.65272343	0.97837496	0.6953065	0.9090992	0.75857365
2021-10-30	United Kingdom	other	0.86991405	0.00027321567	1.1105272	0.65588397	1.0258952	0.72881526	0.9392606	0.7832227
2021-10-31	United Kingdom	other	0.90008426	0.00026768976	1.1410644	0.67384017	1.0575634	0.7489573	0.96777785	0.8091953
2021-11-01	United Kingdom	other	0.92624974	0.0002649074	1.1783859	0.68944895	1.0911999	0.7714424	0.9960791	0.8304958
2021-11-02	United Kingdom	other	0.95057154	0.00026248585	1.2053063	0.6986928	1.0953203	0.75642425	1.013904	0.8409057
2021-11-03	United Kingdom	other	0.9691044	0.00026218465	1.2433919	0.7172512	1.1431723	0.7971896	1.0561142	0.8793811
2021-11-04	United Kingdom	other	0.9810083	0.00026287776	1.2596449	0.7203636	1.1583308	0.8049539	1.0659801	0.8845609
2021-11-05	United Kingdom	other	0.9968978	0.00026386455	1.2953994	0.746033	1.1795009	0.8253603	1.0819848	0.8958564
2021-11-06	United Kingdom	other	1.0160923	0.00026377427	1.2935499	0.72809225	1.201632	0.8402969	1.1018925	0.9124639
2021-11-07	United Kingdom	other	1.0393977	0.00026228945	1.3392012	0.7619139	1.2239285	0.8552383	1.1215782	0.92927873
2021-11-08	United Kingdom	other	1.069139	0.00025939604	1.389076	0.80965906	1.2471795	0.8695409	1.1569542	0.9626675
2021-11-09	United Kingdom	other	1.1010232	0.00025686112	1.4015964	0.8201863	1.2973216	0.9151784	1.1779022	0.98026526
2021-11-10	United Kingdom	other	1.1317077	0.00025363616	1.4563551	0.85744065	1.3118418	0.925512	1.2145121	1.013149
2021-11-11	United Kingdom	other	1.1583046	0.00025025275	1.4992119	0.89015687	1.3465668	0.9539795	1.2396352	1.0362957
2021-11-12	United Kingdom	other	1.1774187	0.0002467662	1.5249381	0.91196346	1.3593161	0.9609242	1.2709402	1.0630006
2021-11-13	United Kingdom	other	1.1916246	0.00024498056	1.5049682	0.89804	1.3987517	1.0017184	1.2785636	1.0704577
2021-11-14	United Kingdom	other	1.2032382	0.00024569256	1.5327883	0.9113699	1.4039211	1.0011172	1.2872331	1.0781605
2021-11-15	United Kingdom	other	1.216306	0.0002476445	1.5722675	0.92800015	1.4235985	1.0069041	1.3031198	1.0897167
2021-11-16	United Kingdom	other	1.2279212	0.00025170733	1.5947568	0.91659474	1.4367664	1.0070403	1.3192704	1.0990652
2021-11-17	United Kingdom	other	1.2412596	0.00025515907	1.6219392	0.90638006	1.4647578	1.0121033	1.3259642	1.0952468
2021-11-18	United Kingdom	other	1.254955	0.0002589879	1.7020595	0.9338977	1.5168533	1.0361998	1.3500853	1.1035576
2021-11-19	United Kingdom	other	1.2720808	0.00026387937	1.7495009	0.9241537	1.5314482	1.0175647	1.3936032	1.1273408
2021-11-20	United Kingdom	other	1.2885216	0.00026910164	1.7596071	0.902661	1.5447648	0.9962459	1.4014897	1.1208038
2021-11-21	United Kingdom	other	1.3028865	0.00027470544	1.7823547	0.8881795	1.5820153	1.0009967	1.437738	1.1397636
2021-11-22	United Kingdom	other	1.3131094	0.00028413857	1.8344766	0.9060313	1.6052114	1.0047326	1.4269247	1.1151861
2021-11-23	United Kingdom	other	1.3173735	0.00029636803	1.8629156	0.90644306	1.6307573	1.01016	1.4504492	1.126834
2021-11-24	United Kingdom	other	1.3193018	0.00031016703	1.8412713	0.85272324	1.6333535	0.99468	1.4338915	1.0965906
2021-11-25	United Kingdom	other	1.3108975	0.00032339175	1.8904436	0.86113364	1.6161098	0.9479419	1.4277213	1.0795612
2021-11-26	United Kingdom	other	1.3022101	0.0003381767	1.9046816	0.82305914	1.6715862	0.9615447	1.4290718	1.0651082
2021-11-27	United Kingdom	other	1.2978153	0.00035428404	1.9513104	0.8128363	1.6578653	0.8979307	1.4200163	1.0361626
2021-11-28	United Kingdom	other	1.3001765	0.0003703864	1.9997435	0.7900977	1.7006409	0.8909258	1.4546312	1.0441558
2021-11-29	United Kingdom	other	1.2973876	0.00038327638	2.0578997	0.7605276	1.7608747	0.899964	1.4628487	1.0273023
2021-11-30	United Kingdom	other	1.2940805	0.00039727823	2.0759277	0.71315134	1.7549582	0.8574853	1.4339852	0.97257257
2021-12-01	United Kingdom	other	1.2865379	0.00040844773	2.1161082	0.6734841	1.7364657	0.8045238	1.4278884	0.9377581
2021-12-02	United Kingdom	other	1.2293859	0.0004171037	2.2682533	0.5590795	1.7544942	0.6723962	1.3317139	0.77934605
2021-10-01	USA	Delta	0.8829212	0.9892863	1.1928864	0.6400044	1.0415378	0.681183	0.9830657	0.79116154
2021-10-02	USA	Delta	0.8694559	0.98928636	1.0891187	0.6701213	1.0044569	0.7321063	0.9416756	0.7959826
2021-10-03	USA	Delta	0.8702064	0.9892866	1.0721239	0.69402975	0.9800354	0.7363725	0.927649	0.7977749
2021-10-04	USA	Delta	0.8726574	0.9893017	1.0529803	0.7176132	0.98213226	0.76547146	0.9245797	0.81128573
2021-10-05	USA	Delta	0.8753036	0.9893451	1.039626	0.7346599	0.9762062	0.7740595	0.92574096	0.8216263
2021-10-06	USA	Delta	0.87617165	0.98952484	1.0261002	0.74146986	0.9671153	0.780367	0.92171085	0.8230858
2021-10-07	USA	Delta	0.8751675	0.9897852	1.0142875	0.74320304	0.95627683	0.77883506	0.9160645	0.8227551
2021-10-08	USA	Delta	0.8703419	0.99001837	1.0097545	0.75601286	0.9502555	0.7827761	0.9124259	0.82617605
2021-10-09	USA	Delta	0.8663902	0.99016386	0.9957427	0.7517367	0.94435316	0.7863838	0.8954287	0.8124353
2021-10-10	USA	Delta	0.86411333	0.99025327	0.9888078	0.7514112	0.9405212	0.79036963	0.89920926	0.8193338
2021-10-11	USA	Delta	0.8621541	0.99029255	0.9848224	0.7573186	0.9297236	0.782477	0.89790606	0.8217534
2021-10-12	USA	Delta	0.8619645	0.99033725	0.9759968	0.7570175	0.9346386	0.7914767	0.89895415	0.82494223
2021-10-13	USA	Delta	0.8656873	0.99039733	0.9737095	0.7522998	0.93178976	0.7883265	0.9015165	0.82659805
2021-10-14	USA	Delta	0.8718128	0.99043554	0.99135756	0.76635647	0.94502103	0.7978455	0.9095474	0.83074695
2021-10-15	USA	Delta	0.8807921	0.99044824	1.0013224	0.7677425	0.9584912	0.80586594	0.9245726	0.8435616
2021-10-16	USA	Delta	0.8955704	0.99045855	1.0188338	0.77999973	0.96899545	0.8129368	0.928372	0.8465673
2021-10-17	USA	Delta	0.9118585	0.99049366	1.0402944	0.79450333	0.9847133	0.82483524	0.95030385	0.86794734
2021-10-18	USA	Delta	0.929932	0.9905006	1.06601	0.81234974	1.0039701	0.8388483	0.97215164	0.88682973
2021-10-19	USA	Delta	0.9499246	0.99054396	1.080878	0.82660544	1.034102	0.86781	0.9845967	0.8981433
2021-10-20	USA	Delta	0.9706367	0.99062717	1.1055518	0.85241634	1.0504478	0.8865851	1.012133	0.92601794
2021-10-21	USA	Delta	0.992587	0.99067634	1.119483	0.8628472	1.0785798	0.9088061	1.0307494	0.9434915
2021-10-22	USA	Delta	1.0119644	0.99075973	1.1510047	0.88486326	1.0982139	0.9224978	1.0549449	0.96436095
2021-10-23	USA	Delta	1.0309219	0.9908914	1.1736994	0.8992442	1.1204563	0.9401144	1.0830779	0.9901152
2021-10-24	USA	Delta	1.0460336	0.9910265	1.189319	0.9179276	1.1435264	0.96344733	1.0918487	0.9992892
2021-10-25	USA	Delta	1.0578997	0.9912	1.2123986	0.93805707	1.1388991	0.9604846	1.1091306	1.0146321
2021-10-26	USA	Delta	1.0686052	0.99140096	1.2080573	0.93454	1.1587737	0.9808423	1.1000774	1.0068351
2021-10-27	USA	Delta	1.0749016	0.99161696	1.2201151	0.9428841	1.1676315	0.9903494	1.1145874	1.0224378
2021-10-28	USA	Delta	1.0785488	0.99185395	1.2316343	0.95067286	1.1667672	0.9894753	1.1149595	1.024148
2021-10-29	USA	Delta	1.0800323	0.9920615	1.2235081	0.9410925	1.1734159	0.99023366	1.1163517	1.0219876
2021-10-30	USA	Delta	1.0787232	0.99225116	1.2254748	0.943007	1.174208	0.98754376	1.1157539	1.0171865
2021-10-31	USA	Delta	1.0739408	0.9924121	1.2209594	0.93318653	1.1699392	0.9840139	1.1225824	1.023951
2021-11-01	USA	Delta	1.0690285	0.9925126	1.2125753	0.92976254	1.151373	0.969324	1.1146897	1.0190355
2021-11-02	USA	Delta	1.0627708	0.99253714	1.2012597	0.9238674	1.1478376	0.96689487	1.1081382	1.0158788
2021-11-03	USA	Delta	1.0552654	0.992542	1.189407	0.92224157	1.1457112	0.96822965	1.1047362	1.0130657
2021-11-04	USA	Delta	1.0495477	0.9924921	1.1817324	0.91455925	1.1317693	0.96198916	1.09702	1.0066521
2021-11-05	USA	Delta	1.0436555	0.992388	1.1780025	0.91591054	1.1240369	0.9544032	1.0830395	0.9935945
2021-11-06	USA	Delta	1.036876	0.99218917	1.1707542	0.9076363	1.1150577	0.9384616	1.0727618	0.9820183
2021-11-07	USA	Delta	1.0304606	0.9919107	1.1807079	0.9064368	1.1312681	0.9507611	1.0601871	0.9656614
2021-11-08	USA	Delta	1.0237556	0.99159044	1.169183	0.8880565	1.108343	0.925156	1.0670683	0.9710419
2021-11-09	USA	Delta	1.0148079	0.99121535	1.1810504	0.89184165	1.1147707	0.9264238	1.0579008	0.961178
2021-11-10	USA	Delta	1.0092442	0.9907936	1.1651673	0.87686336	1.1072141	0.91484845	1.0569732	0.9588259
2021-11-11	USA	Delta	1.0033824	0.9903203	1.1515516	0.861786	1.0974822	0.9046257	1.0507895	0.9500596
2021-11-12	USA	Delta	0.997563	0.9898439	1.1513665	0.86378646	1.0961808	0.9106348	1.04556	0.94357455
2021-11-13	USA	Delta	0.9931464	0.98939204	1.1362306	0.854424	1.0841312	0.89751637	1.0359586	0.9371025
2021-11-14	USA	Delta	0.98901343	0.9890183	1.1368234	0.85037225	1.0785975	0.89067835	1.0353397	0.9356157
2021-11-15	USA	Delta	0.9848194	0.98880124	1.1427376	0.8458384	1.0810299	0.8904321	1.0295681	0.9278067
2021-11-16	USA	Delta	0.9801718	0.98886335	1.1386157	0.82999396	1.0777098	0.8830169	1.0241929	0.9204577
2021-11-17	USA	Delta	0.9798738	0.98921293	1.1439004	0.83088714	1.0790095	0.87981725	1.0367516	0.9305379
2021-11-18	USA	Delta	0.99199545	0.9897807	1.1614087	0.8450051	1.0980977	0.8942423	1.0363619	0.9297091
2021-11-19	USA	Delta	1.0109224	0.99053097	1.1715167	0.86627704	1.1090708	0.9131819	1.0677173	0.96454066
2021-11-20	USA	Delta	1.0422784	0.9913585	1.184606	0.89470625	1.1414281	0.94915044	1.0959585	0.9959132
2021-11-21	USA	Delta	1.0869755	0.9921871	1.2398844	0.93869716	1.1784942	0.98119	1.1436961	1.0367626
2021-11-22	USA	Delta	1.1420572	0.99292845	1.323786	0.98121876	1.2588704	1.0319713	1.1991814	1.0809455
2021-11-23	USA	Delta	1.205739	0.99349487	1.430093	1.0142426	1.3355348	1.0625333	1.275862	1.1333458
2021-11-24	USA	Delta	1.2721174	0.99383825	1.5481837	1.02007	1.443814	1.1010333	1.3669752	1.1882533
2021-11-25	USA	Delta	1.339962	0.9939306	1.692449	1.0055829	1.5570472	1.1139787	1.4445603	1.2195278
2021-11-26	USA	Delta	1.3957438	0.99372554	1.8849977	1.022175	1.6866522	1.135388	1.4915214	1.2064949
2021-11-27	USA	Delta	1.4376273	0.9932024	2.0240273	0.9617533	1.7699356	1.0868679	1.5695142	1.215277
2021-11-28	USA	Delta	1.4694223	0.9921901	2.1788979	0.91489196	1.8617853	1.0420562	1.6375365	1.2147298
2021-11-29	USA	Delta	1.4892962	0.9906663	2.3100681	0.81219155	1.9390285	0.96668553	1.6414347	1.1383567
2021-11-30	USA	Delta	1.5124211	0.9884639	2.5594683	0.75029445	2.0688026	0.93355435	1.7260649	1.1325543
2021-12-01	USA	Delta	1.5036905	0.98532885	2.8135843	0.62694675	2.1189888	0.7768963	1.7119228	1.0243089
2021-12-02	USA	Delta	1.459672	0.98119897	3.2041564	0.40529287	2.2618544	0.58534414	1.6150731	0.76333547
2021-10-01	USA	Omicron	0.78926945	1.1759832e-05	1.5425305	0.371391	1.1436778	0.4305438	0.90911347	0.5475678
2021-10-02	USA	Omicron	0.79146445	1.1759832e-05	1.4734771	0.32360268	1.1139222	0.40568307	0.9174361	0.5489643
2021-10-03	USA	Omicron	0.7898072	1.17589025e-05	1.4899702	0.3380422	1.1160667	0.41631183	0.92047423	0.54813945
2021-10-04	USA	Omicron	0.79144835	1.1754506e-05	1.427021	0.2783111	1.1179965	0.41511387	0.92890257	0.56094146
2021-10-05	USA	Omicron	0.79742	1.16726915e-05	1.4679468	0.33302146	1.1335984	0.43739352	0.89659935	0.5298589
2021-10-06	USA	Omicron	0.80611706	1.1515797e-05	1.4583659	0.34010762	1.180193	0.4802686	0.91904426	0.5568864
2021-10-07	USA	Omicron	0.8201449	1.1419267e-05	1.4552944	0.33721873	1.1753838	0.46915027	0.91407174	0.5497883
2021-10-08	USA	Omicron	0.83633137	1.110666e-05	1.4787768	0.35836875	1.1834362	0.47811404	0.96145296	0.5960741
2021-10-09	USA	Omicron	0.8547594	1.0901038e-05	1.4844867	0.36864898	1.1982087	0.4910554	0.9540359	0.5884561
2021-10-10	USA	Omicron	0.8726298	1.0828195e-05	1.4941262	0.3781464	1.2211062	0.5088482	0.98033977	0.61101115
2021-10-11	USA	Omicron	0.88751423	1.0764118e-05	1.5295541	0.38913065	1.2283835	0.51853865	0.97819334	0.6012761
2021-10-12	USA	Omicron	0.90500534	1.0736036e-05	1.5538601	0.4052679	1.2663046	0.54939586	1.0206572	0.6419361
2021-10-13	USA	Omicron	0.9194635	1.06784455e-05	1.5841992	0.4426039	1.2721633	0.55522156	1.0191389	0.63618875
2021-10-14	USA	Omicron	0.9360342	1.0582451e-05	1.5957689	0.4616527	1.259402	0.5313449	1.0312095	0.645981
2021-10-15	USA	Omicron	0.95858	1.060933e-05	1.6109631	0.46069857	1.2812495	0.54415745	1.0912281	0.6991865
2021-10-16	USA	Omicron	0.9789392	1.0654066e-05	1.6291525	0.47638586	1.2930084	0.5444892	1.1229488	0.72287965
2021-10-17	USA	Omicron	1.0043612	1.0630352e-05	1.6595534	0.49686098	1.357686	0.6063397	1.1260681	0.7186547
2021-10-18	USA	Omicron	1.0338093	1.08269305e-05	1.6925354	0.50234365	1.3915162	0.62845886	1.2094193	0.7964767
2021-10-19	USA	Omicron	1.0687895	1.0983469e-05	1.7680738	0.5596173	1.444756	0.6724781	1.2374403	0.82505053
2021-10-20	USA	Omicron	1.0970637	1.1175999e-05	1.8065636	0.56202066	1.4903505	0.7110356	1.2137887	0.8022327
2021-10-21	USA	Omicron	1.129107	1.134945e-05	1.8189006	0.5459655	1.5125902	0.71673524	1.2886019	0.8777248
2021-10-22	USA	Omicron	1.1641347	1.1577989e-05	1.8626839	0.58747303	1.5877075	0.7828478	1.3471035	0.9315777
2021-10-23	USA	Omicron	1.2075065	1.1789336e-05	1.9309725	0.6413604	1.6300371	0.8120414	1.3487366	0.93147147
2021-10-24	USA	Omicron	1.2548792	1.2047746e-05	2.0046628	0.69832265	1.6923528	0.8520112	1.3757178	0.9496768
2021-10-25	USA	Omicron	1.3130624	1.2295815e-05	2.1171346	0.7765182	1.7604251	0.8847875	1.4542122	1.0189664
2021-10-26	USA	Omicron	1.377882	1.2545266e-05	2.2121837	0.79847383	1.8381939	0.9208156	1.549634	1.0871459
2021-10-27	USA	Omicron	1.4439102	1.2839004e-05	2.2961094	0.79640794	1.9190075	0.9440562	1.6297652	1.136203
2021-10-28	USA	Omicron	1.5202968	1.320319e-05	2.4321477	0.81268495	2.0055313	0.9715868	1.6775141	1.1507597
2021-10-29	USA	Omicron	1.598667	1.3724641e-05	2.565945	0.8107447	2.1318061	1.016056	1.7883462	1.2262807
2021-10-30	USA	Omicron	1.6884738	1.4384164e-05	2.7312999	0.82862675	2.2610493	1.0586991	1.9197942	1.310379
2021-10-31	USA	Omicron	1.7869114	1.5164639e-05	2.918044	0.88961947	2.4346933	1.152003	2.0309606	1.3757765
2021-11-01	USA	Omicron	1.907685	1.6182745e-05	3.16928	1.0384912	2.619874	1.251246	2.1352377	1.4395074
2021-11-02	USA	Omicron	2.0339785	1.7486222e-05	3.3081818	1.0717324	2.8093138	1.3462486	2.346591	1.6032282
2021-11-03	USA	Omicron	2.1618536	1.890569e-05	3.500948	1.153091	2.9111888	1.3891904	2.506366	1.7160296
2021-11-04	USA	Omicron	2.3100784	2.0515829e-05	3.6753352	1.2163527	3.0643008	1.4957781	2.738095	1.9105761
2021-11-05	USA	Omicron	2.4767284	2.2613276e-05	3.9441092	1.3905454	3.247868	1.6323372	2.89539	2.0440912
2021-11-06	USA	Omicron	2.6428041	2.5303449e-05	4.158292	1.5567164	3.4076014	1.7401549	2.9711843	2.0983722
2021-11-07	USA	Omicron	2.8295517	2.8605426e-05	4.395041	1.6517713	3.6122544	1.8606436	3.1414802	2.2390666
2021-11-08	USA	Omicron	3.0297759	3.26658e-05	4.627553	1.7742599	4.053135	2.1836581	3.392703	2.4238856
2021-11-09	USA	Omicron	3.27247	3.7896752e-05	5.0555305	1.9353019	4.241885	2.2089517	3.640373	2.5880108
2021-11-10	USA	Omicron	3.5288959	4.466059e-05	5.4402275	2.015948	4.5876126	2.386714	3.9796093	2.8301072
2021-11-11	USA	Omicron	3.7946177	5.3167536e-05	5.8858414	2.108827	4.895999	2.485672	4.153915	2.8786626
2021-11-12	USA	Omicron	4.061605	6.407387e-05	6.3228836	2.2168849	5.2899466	2.6927772	4.419898	3.0690825
2021-11-13	USA	Omicron	4.3673778	7.8622805e-05	6.7034254	2.3142395	5.646531	2.8306818	4.747384	3.319021
2021-11-14	USA	Omicron	4.625082	9.7410535e-05	7.180031	2.5418773	6.153581	3.1985493	5.1661496	3.6499667
2021-11-15	USA	Omicron	4.900854	0.00012339407	7.4962945	2.6570475	6.4278135	3.3390925	5.540757	3.9431155
2021-11-16	USA	Omicron	5.1781335	0.0001586823	7.9139075	3.014676	6.9447494	3.72504	5.7688894	4.1043735
2021-11-17	USA	Omicron	5.443037	0.0002057465	8.176416	3.2050831	7.068922	3.7746081	6.1857414	4.465193
2021-11-18	USA	Omicron	5.708477	0.00026966364	8.471568	3.2932541	7.4213476	4.0491343	6.4490767	4.6804614
2021-11-19	USA	Omicron	5.9381638	0.00035694626	8.814767	3.4762256	7.7616916	4.289508	6.561302	4.7619476
2021-11-20	USA	Omicron	6.1942787	0.00048086117	9.2045765	3.6242125	8.05224	4.4266105	6.7993975	4.901047
2021-11-21	USA	Omicron	6.3715754	0.0006535195	9.7532215	3.8464167	8.478129	4.659413	6.958236	4.945388
2021-11-22	USA	Omicron	6.555461	0.0008937471	10.100431	3.734659	8.561494	4.525467	7.1016364	4.952577
2021-11-23	USA	Omicron	6.697352	0.001221895	10.508834	3.6475847	8.876783	4.526989	7.6079235	5.3366356
2021-11-24	USA	Omicron	6.8466825	0.001675546	11.166504	3.7204769	9.126016	4.4621153	7.742601	5.297593
2021-11-25	USA	Omicron	6.931317	0.0022887406	11.494682	3.4738486	9.309596	4.3235393	7.62427	5.0264664
2021-11-26	USA	Omicron	7.0698195	0.003116738	11.9762	3.54937	9.772781	4.4581857	7.7468038	5.0156193
2021-11-27	USA	Omicron	7.223213	0.004247374	12.307474	3.3602757	10.084484	4.4095306	7.9016037	4.9973426
2021-11-28	USA	Omicron	7.352263	0.005721921	12.908256	3.2927082	10.450687	4.3541327	8.213322	5.141299
2021-11-29	USA	Omicron	7.454217	0.007675659	13.533368	3.0019994	11.160766	4.521376	8.30312	5.0317445
2021-11-30	USA	Omicron	7.557916	0.010246657	14.304538	2.862171	11.135491	4.043993	8.606037	5.0663786
2021-12-01	USA	Omicron	7.5875483	0.01361811	15.338924	2.6894722	11.596981	3.7301793	8.362561	4.5285406
2021-12-02	USA	Omicron	7.4762454	0.018069528	16.901827	2.1247199	11.737156	2.9288054	8.736803	4.4546943
2021-10-01	USA	other	0.7571074	0.010688806	1.1269181	0.47546542	0.9504817	0.52657896	0.8365111	0.6127073
2021-10-02	USA	other	0.7714913	0.010688805	1.0768485	0.52082455	0.9286021	0.5755543	0.8284831	0.6492255
2021-10-03	USA	other	0.77893186	0.010688784	1.0644314	0.5509499	0.9438675	0.6109234	0.85609186	0.6886848
2021-10-04	USA	other	0.79144883	0.010679372	1.0379782	0.5700503	0.93168646	0.6213998	0.85980624	0.7053945
2021-10-05	USA	other	0.80609024	0.010621613	1.0353751	0.6071778	0.95017505	0.6663925	0.86621094	0.7223377
2021-10-06	USA	other	0.8189465	0.010443538	1.0298827	0.6312529	0.9525544	0.69264555	0.88378805	0.7491886
2021-10-07	USA	other	0.8307539	0.010193851	1.0461748	0.6662085	0.9437486	0.7028811	0.8819253	0.756816
2021-10-08	USA	other	0.837862	0.009955874	1.0326425	0.6759958	0.9498596	0.7228818	0.8815992	0.76538944
2021-10-09	USA	other	0.8455342	0.009818643	1.0178767	0.6806514	0.9533367	0.7374261	0.89442503	0.7832702
2021-10-10	USA	other	0.8495176	0.009725928	1.0080793	0.6847428	0.9549517	0.74392605	0.9101973	0.79985607
2021-10-11	USA	other	0.85113597	0.009689834	1.0129148	0.69206756	0.95812416	0.744432	0.8912708	0.77864206
2021-10-12	USA	other	0.85061693	0.009644182	1.0223622	0.68805707	0.9597023	0.74010503	0.9083191	0.792954
2021-10-13	USA	other	0.85036933	0.009582823	1.0512444	0.6955346	0.96300936	0.72923625	0.90048015	0.778245
2021-10-14	USA	other	0.8515409	0.0095495125	1.057074	0.6840079	0.9829591	0.7344738	0.90391415	0.7735875
2021-10-15	USA	other	0.854208	0.009532855	1.0677016	0.67668295	0.995199	0.73563075	0.9111282	0.77817917
2021-10-16	USA	other	0.856675	0.009519974	1.06971	0.6694466	0.9912792	0.72776175	0.9089446	0.77190435
2021-10-17	USA	other	0.8621428	0.009483257	1.0733763	0.6737243	0.99937254	0.7321751	0.9131222	0.7752914
2021-10-18	USA	other	0.8656	0.00947698	1.073098	0.67214483	0.9893721	0.7227461	0.92446566	0.7836355
2021-10-19	USA	other	0.8685355	0.00944165	1.081094	0.6754856	0.99382335	0.72559774	0.9204623	0.7772106
2021-10-20	USA	other	0.8705715	0.00934875	1.089609	0.67650527	1.0004554	0.72955847	0.9468121	0.80102915
2021-10-21	USA	other	0.874379	0.009307555	1.09742	0.6733246	1.0088404	0.73249	0.9248542	0.7784914
2021-10-22	USA	other	0.8774806	0.009220708	1.0935154	0.6578679	1.028111	0.74250376	0.93480307	0.78463537
2021-10-23	USA	other	0.88574606	0.009089299	1.122484	0.67959225	1.0269657	0.7351436	0.94197124	0.79035586
2021-10-24	USA	other	0.8978564	0.008946159	1.1385744	0.6798933	1.0322282	0.7356067	0.9744614	0.82267857
2021-10-25	USA	other	0.9141489	0.0087742265	1.1615466	0.68834865	1.067274	0.76274437	0.9772004	0.8233079
2021-10-26	USA	other	0.9347173	0.008581743	1.1884855	0.7014046	1.1023337	0.790985	1.0002456	0.8413756
2021-10-27	USA	other	0.96369445	0.008358441	1.2211658	0.7382686	1.1295679	0.811147	1.0325687	0.86967194
2021-10-28	USA	other	0.9962428	0.008126885	1.2632482	0.76496506	1.1521778	0.8279835	1.0632645	0.8974365
2021-10-29	USA	other	1.0368285	0.007914864	1.3145003	0.8061383	1.2181847	0.88682437	1.1290141	0.9556115
2021-10-30	USA	other	1.084028	0.0077296817	1.3553983	0.82332236	1.2445239	0.9058074	1.165739	0.9859466
2021-10-31	USA	other	1.1372156	0.0075648315	1.4320977	0.87928957	1.3200512	0.9652968	1.2048109	1.0141499
2021-11-01	USA	other	1.1935272	0.0074658263	1.5003613	0.9236178	1.3721279	0.9952605	1.2618589	1.0614228
2021-11-02	USA	other	1.2463977	0.007439789	1.5738195	0.94810075	1.4329469	1.0227246	1.3410854	1.1291412
2021-11-03	USA	other	1.2903736	0.007432633	1.649877	0.9659795	1.5090246	1.0662966	1.3818744	1.152696
2021-11-04	USA	other	1.325798	0.007475007	1.7364844	0.9937139	1.5457283	1.0578699	1.4360924	1.1884354
2021-11-05	USA	other	1.3567505	0.0075770672	1.8072888	0.9984983	1.5854483	1.0568707	1.4731374	1.2044936
2021-11-06	USA	other	1.374505	0.00778412	1.846503	0.970264	1.6336784	1.0666258	1.502588	1.2130965
2021-11-07	USA	other	1.372077	0.008041603	1.8858335	0.9601052	1.6889267	1.0860045	1.479728	1.1724026
2021-11-08	USA	other	1.3498626	0.008368644	1.8718442	0.93228084	1.659123	1.0508801	1.4513643	1.1392423
2021-11-09	USA	other	1.2975366	0.00875121	1.8012002	0.88487494	1.5791355	1.0075692	1.424078	1.1179996
2021-11-10	USA	other	1.2038351	0.0091553535	1.6385814	0.82352245	1.4392215	0.9252217	1.3081989	1.0277002
2021-11-11	USA	other	1.0737846	0.009614842	1.4149032	0.74690884	1.2856747	0.84780025	1.1683455	0.93605924
2021-11-12	USA	other	0.9184029	0.010083435	1.2350748	0.6659218	1.1104724	0.73884094	0.99701095	0.80063397
2021-11-13	USA	other	0.76568425	0.010518214	1.0669749	0.53194714	0.9431304	0.6010661	0.8432815	0.66597915
2021-11-14	USA	other	0.6333931	0.010880273	0.93195736	0.42101595	0.777453	0.45986843	0.6814563	0.5141089
2021-11-15	USA	other	0.52990246	0.011062507	0.79890084	0.33938837	0.6771865	0.38523778	0.5876062	0.43682688
2021-11-16	USA	other	0.45345858	0.0109551605	0.6864785	0.28089625	0.5760875	0.31892037	0.5013522	0.36657515
2021-11-17	USA	other	0.39570582	0.010570971	0.59762305	0.23655023	0.5193215	0.286345	0.44085655	0.320334
2021-11-18	USA	other	0.35671073	0.009897672	0.55355644	0.20486823	0.45898822	0.24152166	0.3915677	0.27855054
2021-11-19	USA	other	0.32855114	0.009053094	0.5201519	0.18435787	0.43474674	0.22281	0.36466718	0.25484866
2021-11-20	USA	other	0.30990046	0.008082826	0.5057432	0.17242578	0.4136501	0.20215775	0.34937954	0.24210735
2021-11-21	USA	other	0.29841986	0.0070551606	0.49591148	0.15774706	0.41136384	0.20064084	0.3393922	0.23326686
2021-11-22	USA	other	0.2891263	0.0060819527	0.48435318	0.14083941	0.4106946	0.19577494	0.32192615	0.21398678
2021-11-23	USA	other	0.28416672	0.0051530446	0.49158663	0.13969924	0.38914675	0.16976243	0.32133308	0.21127
2021-11-24	USA	other	0.2830935	0.0042760354	0.4936497	0.12928228	0.39532134	0.17128845	0.32437822	0.20806499
2021-11-25	USA	other	0.2799949	0.0035235332	0.5017638	0.1278311	0.3912382	0.15700167	0.3156597	0.19303371
2021-11-26	USA	other	0.27977002	0.0028560269	0.51144415	0.123742685	0.39668745	0.1515846	0.31817234	0.19128351
2021-11-27	USA	other	0.28176522	0.0022952664	0.52477574	0.1206389	0.40752065	0.1503865	0.30628493	0.17434509
2021-11-28	USA	other	0.28336543	0.00181293	0.53438747	0.11510442	0.41777954	0.14884585	0.31406754	0.17574516
2021-11-29	USA	other	0.2864719	0.0014128591	0.53960854	0.107220665	0.42466092	0.14600332	0.3134576	0.17055929
2021-11-30	USA	other	0.28828713	0.0011046287	0.56502956	0.10288088	0.430112	0.13813774	0.32061547	0.16900557
2021-12-01	USA	other	0.29083264	0.0008550163	0.5869862	0.08312815	0.43704277	0.12529592	0.32275635	0.16426498
2021-12-02	USA	other	0.29193568	0.00065559515	0.7022631	0.06658643	0.48058257	0.104432546	0.33688107	0.15037082
