date	location	variant	median_freq	freq_upper_95	freq_lower_95	freq_upper_80	freq_lower_80	freq_upper_50	freq_lower_50
2022-04-07	Australia	Delta	4.0590472e-05	0.0051344084	3.3583566e-10	0.00043057496	3.3583566e-10	4.0600626e-05	3.3583566e-10
2022-04-08	Australia	Delta	3.6918515e-05	0.006058786	1.6503642e-10	0.00045345264	1.6503642e-10	3.697715e-05	1.6503642e-10
2022-04-09	Australia	Delta	3.4535326e-05	0.0075884806	8.133816e-11	0.00047470894	8.133816e-11	3.458622e-05	8.133816e-11
2022-04-10	Australia	Delta	3.245072e-05	0.008939869	4.1835747e-11	0.00050197577	4.1835747e-11	3.2467087e-05	4.1835747e-11
2022-04-11	Australia	Delta	3.086487e-05	0.010779682	2.1842058e-11	0.00051454303	2.1842058e-11	3.088597e-05	2.1842058e-11
2022-04-12	Australia	Delta	2.8414885e-05	0.013137634	1.13247285e-11	0.00054779643	1.13247285e-11	2.8422437e-05	1.13247285e-11
2022-04-13	Australia	Delta	2.6689348e-05	0.016171576	5.806181e-12	0.0005801629	5.806181e-12	2.6762185e-05	5.806181e-12
2022-04-07	Australia	Omicron	0.9999594	1.0	0.99486554	1.0	0.9995694	1.0	0.9999594
2022-04-08	Australia	Omicron	0.99996305	1.0	0.9939412	1.0	0.9995466	1.0	0.999963
2022-04-09	Australia	Omicron	0.9999655	1.0	0.99241155	1.0	0.99952525	1.0	0.9999654
2022-04-10	Australia	Omicron	0.9999676	1.0	0.99106014	1.0	0.999498	1.0	0.9999675
2022-04-11	Australia	Omicron	0.9999691	1.0	0.9892203	1.0	0.99948543	1.0	0.9999691
2022-04-12	Australia	Omicron	0.9999716	1.0	0.98686236	1.0	0.99945223	1.0	0.99997157
2022-04-13	Australia	Omicron	0.9999733	1.0	0.9838284	1.0	0.99941987	1.0	0.9999732
2022-04-07	Australia	other	2.6555797e-13	2.8560082e-12	1.2189719e-15	9.0112455e-13	1.2189719e-15	2.657807e-13	1.7163558e-15
2022-04-08	Australia	other	2.3257142e-13	2.6988648e-12	9.232103e-16	8.009354e-13	9.232103e-16	2.332786e-13	2.1942795e-15
2022-04-09	Australia	other	2.0025627e-13	2.5404776e-12	7.009769e-16	7.2507565e-13	8.7155826e-16	2.0094237e-13	8.7155826e-16
2022-04-10	Australia	other	1.7136317e-13	2.4541192e-12	5.428494e-16	6.5382536e-13	5.428494e-16	1.7184721e-13	1.1512901e-15
2022-04-11	Australia	other	1.4990155e-13	2.3930504e-12	4.2436848e-16	5.918303e-13	4.2436848e-16	1.5007269e-13	4.2436848e-16
2022-04-12	Australia	other	1.257601e-13	2.4377716e-12	3.2148008e-16	5.4615205e-13	3.2148008e-16	1.2599454e-13	3.2991248e-16
2022-04-13	Australia	other	1.07774073e-13	2.3683865e-12	2.306808e-16	4.9536764e-13	2.306808e-16	1.0785139e-13	2.306808e-16
2022-04-07	Austria	Delta	0.00039071686	0.024211872	1.1399296e-08	0.002881103	1.1399296e-08	0.00039085723	1.1399296e-08
2022-04-08	Austria	Delta	0.00037556526	0.028790353	6.633653e-09	0.0030152581	6.633653e-09	0.00037581715	6.633653e-09
2022-04-09	Austria	Delta	0.0003521802	0.03191713	3.858343e-09	0.0031166645	3.858343e-09	0.00035261488	3.858343e-09
2022-04-10	Austria	Delta	0.00033836957	0.0364975	2.3170141e-09	0.003266314	2.3170141e-09	0.000338525	2.3170141e-09
2022-04-11	Austria	Delta	0.00032404676	0.043351203	1.4114101e-09	0.0033815235	1.4114101e-09	0.0003241629	1.4114101e-09
2022-04-12	Austria	Delta	0.00030310312	0.05028764	8.552036e-10	0.0035294404	8.552036e-10	0.00030338747	8.552036e-10
2022-04-13	Austria	Delta	0.00029327703	0.060199298	5.1253946e-10	0.003805988	5.1253946e-10	0.00029330523	5.1253946e-10
2022-04-07	Austria	Omicron	0.9996093	1.0	0.9757882	1.0	0.9971189	1.0	0.9996092
2022-04-08	Austria	Omicron	0.99962443	1.0	0.97120965	1.0	0.9969848	1.0	0.9996242
2022-04-09	Austria	Omicron	0.99964786	1.0	0.96808285	1.0	0.99688333	1.0	0.99964744
2022-04-10	Austria	Omicron	0.9996617	1.0	0.9635025	1.0	0.99673367	1.0	0.9996615
2022-04-11	Austria	Omicron	0.999676	1.0	0.95664877	1.0	0.99661845	1.0	0.99967587
2022-04-12	Austria	Omicron	0.99969685	1.0	0.94971234	1.0	0.9964705	1.0	0.9996966
2022-04-13	Austria	Omicron	0.99970675	1.0	0.93980074	1.0	0.99619406	1.0	0.99970675
2022-04-07	Austria	other	2.5307358e-12	2.1649243e-11	1.9368443e-14	7.697751e-12	1.9368443e-14	2.5387533e-12	4.8497383e-14
2022-04-08	Austria	other	2.2413735e-12	2.0555571e-11	1.596888e-14	6.9627906e-12	1.596888e-14	2.2499216e-12	4.0849092e-14
2022-04-09	Austria	other	2.0005198e-12	1.9199744e-11	1.3184035e-14	6.3135126e-12	1.3184035e-14	2.0097188e-12	3.263844e-14
2022-04-10	Austria	other	1.7632304e-12	1.8120946e-11	1.0944475e-14	5.758277e-12	1.0944475e-14	1.771055e-12	2.6892768e-14
2022-04-11	Austria	other	1.5673168e-12	1.6766817e-11	8.377953e-15	5.2016217e-12	8.377953e-15	1.5681808e-12	8.377953e-15
2022-04-12	Austria	other	1.3699085e-12	1.582014e-11	6.395275e-15	4.753368e-12	6.395275e-15	1.3747408e-12	1.6190013e-14
2022-04-13	Austria	other	1.2121609e-12	1.4764088e-11	4.900908e-15	4.3053894e-12	4.900908e-15	1.2125973e-12	6.4095902e-15
2022-04-07	Brazil	Delta	0.00084764324	0.05491021	3.6562565e-08	0.0067411424	3.6562565e-08	0.0008484127	3.6562565e-08
2022-04-08	Brazil	Delta	0.00082313956	0.06731396	2.1218586e-08	0.0073308456	2.1218586e-08	0.00082465267	2.1218586e-08
2022-04-09	Brazil	Delta	0.0008082617	0.07863355	1.2350622e-08	0.007956133	1.2350622e-08	0.0008103981	1.2350622e-08
2022-04-10	Brazil	Delta	0.0007895286	0.09220387	7.470591e-09	0.008825204	7.470591e-09	0.00079264294	7.470591e-09
2022-04-11	Brazil	Delta	0.0007676596	0.10755049	4.580201e-09	0.009490525	4.580201e-09	0.0007678599	4.580201e-09
2022-04-12	Brazil	Delta	0.0007452854	0.1258387	2.7847074e-09	0.010390124	2.7847074e-09	0.0007460445	2.7847074e-09
2022-04-13	Brazil	Delta	0.00071968883	0.14835869	1.671522e-09	0.011119852	1.671522e-09	0.0007200484	1.671522e-09
2022-04-07	Brazil	Omicron	0.9991492	0.9999995	0.9450893	0.9999995	0.99325645	0.9999995	0.99914896
2022-04-08	Brazil	Omicron	0.9991735	0.99999964	0.9326858	0.99999964	0.9926686	0.99999964	0.9991717
2022-04-09	Brazil	Omicron	0.9991914	0.99999976	0.9213625	0.99999976	0.9920427	0.99999976	0.99918926
2022-04-10	Brazil	Omicron	0.9992045	0.9999999	0.9077923	0.9999999	0.99117404	0.9999999	0.9992022
2022-04-11	Brazil	Omicron	0.99922454	0.9999999	0.8924477	0.9999999	0.9905094	0.9999999	0.9992239
2022-04-12	Brazil	Omicron	0.9992513	0.9999999	0.87415504	0.9999999	0.9896086	0.9999999	0.99924964
2022-04-13	Brazil	Omicron	0.99927723	0.99999994	0.8516365	0.99999994	0.98887956	0.99999994	0.9992767
2022-04-07	Brazil	other	5.70075e-07	6.8246286e-06	3.7672065e-09	1.9549739e-06	3.7672065e-09	5.710017e-07	3.7672065e-09
2022-04-08	Brazil	other	5.341489e-07	6.747096e-06	2.1182696e-09	1.8877703e-06	2.1182696e-09	5.348652e-07	3.2673302e-09
2022-04-09	Brazil	other	4.9986613e-07	6.6737625e-06	1.2452888e-09	1.8461955e-06	1.2452888e-09	5.0230943e-07	3.940756e-09
2022-04-10	Brazil	other	4.7226746e-07	6.7862115e-06	7.3790407e-10	1.8038837e-06	7.3790407e-10	4.7335368e-07	1.8718054e-09
2022-04-11	Brazil	other	4.4370717e-07	6.885869e-06	4.2193463e-10	1.7721628e-06	4.2193463e-10	4.447515e-07	2.4994753e-09
2022-04-12	Brazil	other	4.2007002e-07	7.064547e-06	2.3497557e-10	1.6901242e-06	2.3497557e-10	4.212837e-07	1.9244495e-09
2022-04-13	Brazil	other	3.9227336e-07	7.432869e-06	9.1116514e-10	1.6492379e-06	9.1116514e-10	3.9283216e-07	9.1116514e-10
2022-04-07	Canada	Delta	9.046833e-06	0.00021291002	1.5053114e-08	4.4476183e-05	1.5053114e-08	9.06282e-06	1.5053114e-08
2022-04-08	Canada	Delta	8.369008e-06	0.00022798254	9.9499e-09	4.4301712e-05	9.9499e-09	8.3775485e-06	9.9499e-09
2022-04-09	Canada	Delta	7.6220367e-06	0.00023957947	6.5830705e-09	4.2433254e-05	6.5830705e-09	7.6261745e-06	1.2323772e-08
2022-04-10	Canada	Delta	7.0510823e-06	0.0002535681	4.4436943e-09	4.322466e-05	4.4436943e-09	7.052313e-06	4.4436943e-09
2022-04-11	Canada	Delta	6.5506465e-06	0.00026323364	3.027956e-09	4.234922e-05	3.027956e-09	6.55298e-06	3.027956e-09
2022-04-12	Canada	Delta	6.0999196e-06	0.00027808055	2.053901e-09	4.173709e-05	2.053901e-09	6.108846e-06	2.053901e-09
2022-04-13	Canada	Delta	5.6287136e-06	0.0003029028	1.3796306e-09	4.170304e-05	1.3796306e-09	5.6289946e-06	1.3796306e-09
2022-04-07	Canada	Omicron	0.999991	1.0	0.9997871	1.0	0.99995553	1.0	0.999991
2022-04-08	Canada	Omicron	0.9999916	1.0	0.999772	1.0	0.99995565	1.0	0.9999916
2022-04-09	Canada	Omicron	0.9999924	1.0	0.9997604	1.0	0.99995756	1.0	0.9999924
2022-04-10	Canada	Omicron	0.99999297	1.0	0.9997464	1.0	0.9999568	1.0	0.99999297
2022-04-11	Canada	Omicron	0.99999344	1.0	0.9997368	1.0	0.9999577	1.0	0.99999344
2022-04-12	Canada	Omicron	0.99999386	1.0	0.9997219	1.0	0.9999582	1.0	0.99999386
2022-04-13	Canada	Omicron	0.9999944	1.0	0.9996971	1.0	0.99995834	1.0	0.99999434
2022-04-07	Canada	other	2.8082608e-10	5.748883e-09	6.411174e-13	1.2901875e-09	6.411174e-13	2.8159886e-10	1.1888044e-12
2022-04-08	Canada	other	2.5253233e-10	5.458319e-09	5.331832e-13	1.2142263e-09	5.331832e-13	2.5256608e-10	5.331832e-13
2022-04-09	Canada	other	2.2668081e-10	5.2181575e-09	4.4394566e-13	1.1276842e-09	4.4394566e-13	2.267008e-10	4.4394566e-13
2022-04-10	Canada	other	1.9937671e-10	5.0490114e-09	3.548985e-13	1.0466398e-09	3.548985e-13	1.9952406e-10	3.548985e-13
2022-04-11	Canada	other	1.7825807e-10	4.755692e-09	2.602161e-13	9.633105e-10	2.602161e-13	1.787168e-10	3.1443682e-13
2022-04-12	Canada	other	1.5896617e-10	4.7720263e-09	1.9010776e-13	9.043982e-10	2.6587814e-13	1.589839e-10	1.9010776e-13
2022-04-13	Canada	other	1.4075732e-10	4.678978e-09	1.389123e-13	8.4403756e-10	1.389123e-13	1.408839e-10	1.389123e-13
2022-04-07	Croatia	Delta	6.3606462e-06	0.001129126	4.16784e-11	8.189332e-05	4.16784e-11	6.380175e-06	4.16784e-11
2022-04-08	Croatia	Delta	5.7979814e-06	0.0011905783	2.5004653e-11	8.038181e-05	2.5004653e-11	5.8116257e-06	2.5004653e-11
2022-04-09	Croatia	Delta	5.352612e-06	0.0013216296	1.5228109e-11	7.90719e-05	1.5228109e-11	5.3602434e-06	1.5228109e-11
2022-04-10	Croatia	Delta	4.839043e-06	0.0013767518	9.327894e-12	7.688855e-05	9.327894e-12	4.851968e-06	9.327894e-12
2022-04-11	Croatia	Delta	4.431143e-06	0.0013788207	5.606708e-12	7.533777e-05	5.606708e-12	4.434993e-06	5.606708e-12
2022-04-12	Croatia	Delta	4.0707537e-06	0.0014088204	3.3483867e-12	7.3961084e-05	3.3483867e-12	4.075961e-06	3.3483867e-12
2022-04-13	Croatia	Delta	3.7388368e-06	0.0014553503	2.024994e-12	7.207403e-05	2.024994e-12	3.7486052e-06	2.024994e-12
2022-04-07	Croatia	Omicron	0.9999936	1.0	0.99887085	1.0	0.99991816	1.0	0.9999936
2022-04-08	Croatia	Omicron	0.9999942	1.0	0.9988094	1.0	0.99991965	1.0	0.9999942
2022-04-09	Croatia	Omicron	0.99999464	1.0	0.9986784	1.0	0.9999209	1.0	0.99999464
2022-04-10	Croatia	Omicron	0.9999952	1.0	0.99862325	1.0	0.9999231	1.0	0.9999952
2022-04-11	Croatia	Omicron	0.9999956	1.0	0.99862117	1.0	0.99992466	1.0	0.9999956
2022-04-12	Croatia	Omicron	0.99999595	1.0	0.9985912	1.0	0.9999261	1.0	0.99999595
2022-04-13	Croatia	Omicron	0.9999963	1.0	0.9985447	1.0	0.9999279	1.0	0.99999624
2022-04-07	Denmark	Delta	1.3312794e-08	2.0356403e-05	7.223947e-16	5.1159947e-07	7.223947e-16	1.3332898e-08	7.223947e-16
2022-04-08	Denmark	Delta	1.0266511e-08	2.581839e-05	2.34546e-16	4.842362e-07	2.34546e-16	1.0282434e-08	2.34546e-16
2022-04-09	Denmark	Delta	8.256041e-09	2.8262157e-05	7.4918536e-17	4.4802005e-07	7.4918536e-17	8.261228e-09	7.4918536e-17
2022-04-10	Denmark	Delta	6.4979506e-09	2.9982966e-05	2.4629586e-17	4.2740055e-07	2.4629586e-17	6.5051697e-09	2.4629586e-17
2022-04-11	Denmark	Delta	5.1514535e-09	3.5074034e-05	8.278475e-18	3.9235152e-07	8.278475e-18	5.168115e-09	8.278475e-18
2022-04-12	Denmark	Delta	4.135959e-09	3.7779555e-05	2.8144107e-18	3.6171593e-07	2.8144107e-18	4.140917e-09	2.8144107e-18
2022-04-13	Denmark	Delta	3.257841e-09	4.1796688e-05	9.60898e-19	3.4426932e-07	9.60898e-19	3.2645866e-09	9.60898e-19
2022-04-07	Denmark	Omicron	0.9973084	0.99952096	0.99220544	0.99933004	0.9952403	0.9989761	0.997037
2022-04-08	Denmark	Omicron	0.99745727	0.99967974	0.9913133	0.9994878	0.995058	0.99921465	0.9972336
2022-04-09	Denmark	Omicron	0.9976021	0.9997888	0.99023783	0.9996796	0.9949483	0.9995082	0.9974849
2022-04-10	Denmark	Omicron	0.9977381	0.99985355	0.9891621	0.9998441	0.9949224	0.9996382	0.9976282
2022-04-11	Denmark	Omicron	0.99786747	0.9998929	0.9880549	0.9998929	0.99474347	0.9997158	0.99774736
2022-04-12	Denmark	Omicron	0.99798965	0.999932	0.98683375	0.999932	0.9945981	0.99981844	0.99792206
2022-04-13	Denmark	Omicron	0.9981159	0.9999573	0.9849479	0.9999573	0.99435574	0.9998851	0.99806273
2022-04-07	Denmark	other	0.0026709123	0.0075713634	0.00047908572	0.0047459765	0.00069856853	0.002962942	0.0010447078
2022-04-08	Denmark	other	0.002525158	0.008482849	0.00034477195	0.004919805	0.00053171837	0.0027688944	0.0008049136
2022-04-09	Denmark	other	0.0023856484	0.009492699	0.00021117457	0.004981316	0.00030737702	0.00254486	0.0005479586
2022-04-10	Denmark	other	0.00224242	0.010231845	0.00015592473	0.0050775046	0.00025543408	0.0023578885	0.00037185338
2022-04-11	Denmark	other	0.0021065134	0.01109313	0.000106896645	0.005080582	0.00010942258	0.0021756599	0.00023153627
2022-04-12	Denmark	other	0.001983556	0.012424398	6.79737e-05	0.005256524	6.79737e-05	0.0020492757	0.00017806537
2022-04-13	Denmark	other	0.001860894	0.014108085	4.270796e-05	0.0054780953	4.9292288e-05	0.0019009173	0.00011489348
2022-04-07	France	Delta	3.404313e-05	0.0013151673	3.2985916e-09	0.00020180989	3.2985916e-09	3.405881e-05	3.750819e-08
2022-04-08	France	Delta	3.0855284e-05	0.0014391325	1.7838234e-09	0.0002024726	1.7838234e-09	3.0901272e-05	2.7031504e-08
2022-04-09	France	Delta	2.792032e-05	0.0016004182	9.649924e-10	0.00020486467	9.649924e-10	2.7937896e-05	1.8679167e-08
2022-04-10	France	Delta	2.503449e-05	0.0017581693	5.393266e-10	0.00020400062	5.393266e-10	2.5060797e-05	5.393266e-10
2022-04-11	France	Delta	2.2078799e-05	0.0019766544	3.0566102e-10	0.00020507984	3.0566102e-10	2.2086091e-05	3.0566102e-10
2022-04-12	France	Delta	1.9833442e-05	0.0022090643	1.7229454e-10	0.00020627397	1.7229454e-10	1.9841682e-05	1.7229454e-10
2022-04-13	France	Delta	1.808825e-05	0.0025429567	9.605526e-11	0.00020648765	9.605526e-11	1.8117085e-05	3.9206665e-09
2022-04-07	France	Omicron	0.99669087	0.9996486	0.98750776	0.99955314	0.99363464	0.99910563	0.9964413
2022-04-08	France	Omicron	0.9967023	0.9997695	0.98608255	0.9995409	0.9931831	0.99918705	0.9964037
2022-04-09	France	Omicron	0.9967034	0.99981356	0.98436314	0.9996733	0.99282235	0.9994299	0.99655527
2022-04-10	France	Omicron	0.99673927	0.99983805	0.98260474	0.999708	0.99239355	0.9994122	0.99647385
2022-04-11	France	Omicron	0.99678576	0.9998637	0.9808262	0.99979997	0.9919837	0.99961996	0.9966343
2022-04-12	France	Omicron	0.9968027	0.99988955	0.9784108	0.9998831	0.9913987	0.99973005	0.9967147
2022-04-13	France	Omicron	0.9968283	0.99991035	0.97533274	0.99991035	0.9907616	0.9998592	0.99680775
2022-04-07	France	other	0.003154314	0.011109033	0.0003965508	0.0058994233	0.00045411114	0.003554072	0.0010450634
2022-04-08	France	other	0.0031090553	0.012351167	0.00021609405	0.006268318	0.0003775124	0.0034087477	0.00077922345
2022-04-09	France	other	0.0030778854	0.013708729	0.0001863567	0.006617364	0.0002836871	0.003419827	0.00071108004
2022-04-10	France	other	0.0030465298	0.015105467	0.00016734471	0.0070299017	0.00022369504	0.0032096014	0.00044633308
2022-04-11	France	other	0.0030047384	0.016970841	0.00013628711	0.007420991	0.00013628711	0.0031516948	0.0003626665
2022-04-12	France	other	0.0029998403	0.018902939	0.00010846216	0.007863903	0.00010846216	0.0030622343	0.0002462792
2022-04-13	France	other	0.0029705456	0.021255188	7.805786e-05	0.008405228	8.7877896e-05	0.0030315004	0.00017087492
2022-04-07	Germany	Delta	0.0002010639	0.0018563155	1.2689651e-06	0.000593004	3.955754e-06	0.00020383454	7.499839e-06
2022-04-08	Germany	Delta	0.00018365882	0.0019889593	8.482883e-07	0.00057189143	2.7511726e-06	0.00018664011	6.3391435e-06
2022-04-09	Germany	Delta	0.00016920362	0.002130575	5.7459897e-07	0.00055740925	5.7459897e-07	0.00017139556	4.30055e-06
2022-04-10	Germany	Delta	0.00015592625	0.0022107093	3.992648e-07	0.000552883	1.2637948e-06	0.00015644525	1.5878003e-06
2022-04-11	Germany	Delta	0.00014344565	0.0023211213	2.7586108e-07	0.0005343216	2.7586108e-07	0.00014360658	8.939773e-07
2022-04-12	Germany	Delta	0.00013076422	0.0024858888	1.8873612e-07	0.0005223785	1.8873612e-07	0.0001310189	6.9253196e-07
2022-04-13	Germany	Delta	0.00012096944	0.0027208116	1.2910827e-07	0.000519207	1.2910827e-07	0.00012141343	3.9397645e-07
2022-04-07	Germany	Omicron	0.9967414	0.99952716	0.98937446	0.99923897	0.99387074	0.99876493	0.9963441
2022-04-08	Germany	Omicron	0.9967972	0.99970895	0.9885725	0.99937767	0.993738	0.99902505	0.996512
2022-04-09	Germany	Omicron	0.9968525	0.99975735	0.9873646	0.99955326	0.9936171	0.99923885	0.9966542
2022-04-10	Germany	Omicron	0.9969207	0.99977756	0.98636514	0.999612	0.9934109	0.99930584	0.996684
2022-04-11	Germany	Omicron	0.99697685	0.9998336	0.9853299	0.9996738	0.99320376	0.9995026	0.9968471
2022-04-12	Germany	Omicron	0.9970306	0.99986315	0.9839484	0.999803	0.9929427	0.9995756	0.9969127
2022-04-13	Germany	Omicron	0.99706274	0.99988604	0.98231745	0.99985534	0.99258286	0.9995902	0.9969057
2022-04-07	Germany	other	0.0029027932	0.009022071	0.00044352573	0.005345783	0.000600948	0.0033059365	0.0011201557
2022-04-08	Germany	other	0.0028457697	0.0098291	0.0003804475	0.005408958	0.0004353885	0.0030346345	0.00077188644
2022-04-09	Germany	other	0.0027961023	0.0107359495	0.00027481507	0.0056542554	0.00042729607	0.0030217627	0.00071692397
2022-04-10	Germany	other	0.0027606254	0.011612771	0.000200616	0.005797689	0.00031483808	0.0029585282	0.00060582615
2022-04-11	Germany	other	0.002711698	0.012390024	0.00016523429	0.0060541276	0.00028210177	0.0028617776	0.0004923793
2022-04-12	Germany	other	0.0026717577	0.01350661	0.00013601512	0.0063001495	0.00019597495	0.0027808782	0.00039534882
2022-04-13	Germany	other	0.002657231	0.014900556	0.00011333992	0.0065408633	0.00013350182	0.0027927035	0.00035014318
2022-04-07	India	Delta	1.22984e-05	0.0016451717	4.3214793e-11	0.0001504791	4.3214793e-11	1.2309158e-05	4.3214793e-11
2022-04-08	India	Delta	1.0583053e-05	0.0017243874	2.090087e-11	0.00014006959	2.090087e-11	1.058391e-05	2.090087e-11
2022-04-09	India	Delta	9.001431e-06	0.0018848727	1.0052709e-11	0.000132379	1.0052709e-11	9.003539e-06	1.0052709e-11
2022-04-10	India	Delta	7.791326e-06	0.0019413821	4.957993e-12	0.00012744943	4.957993e-12	7.807741e-06	4.957993e-12
2022-04-11	India	Delta	6.698142e-06	0.0020523658	2.4883834e-12	0.00012091674	2.4883834e-12	6.711708e-06	2.4883834e-12
2022-04-12	India	Delta	5.815418e-06	0.0022624938	1.2498585e-12	0.00011636508	1.2498585e-12	5.8165115e-06	1.2498585e-12
2022-04-13	India	Delta	5.004361e-06	0.0023557397	6.225659e-13	0.00011052043	6.225659e-13	5.0111566e-06	6.225659e-13
2022-04-07	India	Omicron	0.9935634	0.99954087	0.97154844	0.9992082	0.9865113	0.9984502	0.9930035
2022-04-08	India	Omicron	0.9935593	0.9997825	0.96842897	0.9993608	0.9858885	0.99857676	0.9928881
2022-04-09	India	Omicron	0.99351704	0.9997435	0.965196	0.9996677	0.9852259	0.99924535	0.99333674
2022-04-10	India	Omicron	0.99346256	0.9996401	0.9615732	0.99953943	0.98433256	0.9994054	0.9933471
2022-04-11	India	Omicron	0.9934107	0.9998017	0.95794773	0.999597	0.9832313	0.9994049	0.9932476
2022-04-12	India	Omicron	0.9934358	0.99987566	0.95364255	0.9997422	0.98213303	0.99950284	0.9932351
2022-04-13	India	Omicron	0.9933524	0.999892	0.94827116	0.999892	0.9808951	0.99964	0.9932601
2022-04-07	India	other	0.0061228927	0.025238685	0.00038339655	0.012898546	0.0007454292	0.007051433	0.0017573497
2022-04-08	India	other	0.006181632	0.028302202	0.0002903387	0.013373048	0.0006138969	0.0065810545	0.0011039345
2022-04-09	India	other	0.006209611	0.031277683	0.00025650734	0.014075576	0.0004221418	0.0064885626	0.0008766799
2022-04-10	India	other	0.0062667117	0.034302477	0.0001641923	0.01494749	0.00046055095	0.006561201	0.00077749725
2022-04-11	India	other	0.0062835217	0.03761647	0.00014309515	0.015837867	0.00030502872	0.006428184	0.00052250363
2022-04-12	India	other	0.0063305725	0.042063702	0.0001243221	0.01706853	0.0003618289	0.006471427	0.0004914126
2022-04-13	India	other	0.006339944	0.047027458	0.00010796913	0.0181169	0.00015727554	0.0064227474	0.0003159983
2022-04-07	Ireland	Delta	0.0015106397	0.049721923	2.8128014e-07	0.008702327	2.8128014e-07	0.0015121659	2.8128014e-07
2022-04-08	Ireland	Delta	0.0015081039	0.061336905	1.720026e-07	0.009382929	1.720026e-07	0.0015097812	2.1449764e-06
2022-04-09	Ireland	Delta	0.0015154949	0.0775071	1.0596664e-07	0.010431797	1.0596664e-07	0.0015166026	1.0596664e-07
2022-04-10	Ireland	Delta	0.0015426825	0.09739191	6.82031e-08	0.011546716	6.82031e-08	0.0015436662	6.82031e-08
2022-04-11	Ireland	Delta	0.0015702866	0.119499974	4.4266578e-08	0.012762865	4.4266578e-08	0.0015707031	4.4266578e-08
2022-04-12	Ireland	Delta	0.0015860284	0.14986391	2.8367225e-08	0.014272644	2.8367225e-08	0.0015875828	2.8367225e-08
2022-04-13	Ireland	Delta	0.0016316887	0.1884271	1.7980609e-08	0.016361553	1.7980609e-08	0.0016329068	1.7980609e-08
2022-04-07	Ireland	Omicron	0.9984893	0.9999997	0.95027804	0.9999997	0.99129766	0.9999997	0.9984878
2022-04-08	Ireland	Omicron	0.9984919	0.9999998	0.93866307	0.9999998	0.99061704	0.99999785	0.9984902
2022-04-09	Ireland	Omicron	0.9984845	0.9999999	0.92249286	0.9999999	0.9895682	0.9999999	0.99848336
2022-04-10	Ireland	Omicron	0.9984573	0.99999994	0.9026081	0.99999994	0.98845327	0.99999994	0.9984563
2022-04-11	Ireland	Omicron	0.9984297	0.99999994	0.88049996	0.99999994	0.98723716	0.99999994	0.9984293
2022-04-12	Ireland	Omicron	0.998414	1.0	0.85013604	1.0	0.98572725	1.0	0.99841243
2022-04-13	Ireland	Omicron	0.99836826	1.0	0.8115728	1.0	0.9836385	1.0	0.9983671
2022-04-07	Ireland	other	2.9967255e-09	2.9182043e-08	1.7748787e-11	9.489051e-09	1.7748787e-11	3.01891e-09	5.793464e-11
2022-04-08	Ireland	other	2.7060185e-09	2.968615e-08	1.3240794e-11	9.1463646e-09	1.3240794e-11	2.7068352e-09	1.3240794e-11
2022-04-09	Ireland	other	2.4622244e-09	3.0341102e-08	9.943699e-12	8.6935e-09	9.943699e-12	2.469303e-09	1.9205096e-11
2022-04-10	Ireland	other	2.2575155e-09	3.3049083e-08	7.550901e-12	8.268169e-09	7.550901e-12	2.2599487e-09	1.1482508e-11
2022-04-11	Ireland	other	2.0380853e-09	3.395576e-08	5.687755e-12	7.868041e-09	5.687755e-12	2.041475e-09	9.307947e-12
2022-04-12	Ireland	other	1.8596865e-09	3.6243275e-08	4.258338e-12	7.579511e-09	4.258338e-12	1.8600916e-09	4.258338e-12
2022-04-13	Ireland	other	1.684278e-09	3.6965428e-08	3.2053518e-12	7.289659e-09	3.2053518e-12	1.6853967e-09	3.2053518e-12
2022-04-07	Israel	Delta	4.700803e-07	0.00060193246	5.0999905e-13	1.8231003e-05	5.0999905e-13	4.714177e-07	5.0999905e-13
2022-04-08	Israel	Delta	4.313576e-07	0.00068479474	3.5538952e-13	1.8671091e-05	3.5538952e-13	4.3505864e-07	3.5538952e-13
2022-04-09	Israel	Delta	4.0927523e-07	0.00083356665	2.4351167e-13	1.9430774e-05	2.4351167e-13	4.1030873e-07	2.4351167e-13
2022-04-10	Israel	Delta	3.8383075e-07	0.0009328338	1.2096251e-13	1.9676902e-05	1.2096251e-13	3.8394876e-07	1.2096251e-13
2022-04-11	Israel	Delta	3.5356817e-07	0.0010557568	6.1919064e-14	2.050209e-05	6.1919064e-14	3.5506216e-07	6.1919064e-14
2022-04-12	Israel	Delta	3.3433344e-07	0.001166295	3.207328e-14	2.0507461e-05	3.207328e-14	3.3487314e-07	3.207328e-14
2022-04-13	Israel	Delta	3.139818e-07	0.0015148082	1.6473408e-14	2.0941457e-05	1.6473408e-14	3.152907e-07	1.6473408e-14
2022-04-07	Israel	Omicron	0.9999995	1.0	0.99939805	1.0	0.99998176	1.0	0.9999995
2022-04-08	Israel	Omicron	0.9999996	1.0	0.9993152	1.0	0.9999813	1.0	0.9999996
2022-04-09	Israel	Omicron	0.9999996	1.0	0.9991664	1.0	0.99998057	1.0	0.9999996
2022-04-10	Israel	Omicron	0.99999964	1.0	0.9990672	1.0	0.9999803	1.0	0.9999996
2022-04-11	Israel	Omicron	0.99999964	1.0	0.9989442	1.0	0.99997944	1.0	0.99999964
2022-04-12	Israel	Omicron	0.99999964	1.0	0.9988337	1.0	0.9999795	1.0	0.99999964
2022-04-13	Israel	Omicron	0.9999997	1.0	0.99848515	1.0	0.9999791	1.0	0.9999997
2022-04-07	Israel	other	9.601553e-16	2.314451e-14	1.1524539e-18	4.6759564e-15	1.1524539e-18	9.614473e-16	1.8563207e-18
2022-04-08	Israel	other	8.33871e-16	2.2373164e-14	9.402786e-19	4.2251193e-15	9.402786e-19	8.340402e-16	9.402786e-19
2022-04-09	Israel	other	7.4201166e-16	2.1300929e-14	7.6798193e-19	3.8721705e-15	7.6798193e-19	7.433488e-16	7.6798193e-19
2022-04-10	Israel	other	6.623159e-16	1.9588387e-14	6.321993e-19	3.570294e-15	6.321993e-19	6.6245965e-16	6.321993e-19
2022-04-11	Israel	other	5.9246535e-16	1.8383273e-14	5.283101e-19	3.3084633e-15	5.283101e-19	5.9264524e-16	8.43185e-19
2022-04-12	Israel	other	5.3760567e-16	1.7228208e-14	4.43401e-19	3.0945116e-15	4.43401e-19	5.384308e-16	4.43401e-19
2022-04-13	Israel	other	4.7469717e-16	1.624147e-14	3.675005e-19	2.9166457e-15	3.675005e-19	4.748286e-16	3.675005e-19
2022-04-07	Japan	Delta	0.00020887904	0.009445933	1.0816218e-08	0.0013729383	1.0816218e-08	0.00020898865	9.6000605e-08
2022-04-08	Japan	Delta	0.00020529266	0.011388103	6.3005237e-09	0.0014558852	6.3005237e-09	0.0002055918	7.94559e-08
2022-04-09	Japan	Delta	0.00019900058	0.013206304	3.6519403e-09	0.0015114838	3.6519403e-09	0.00019923237	3.6519403e-09
2022-04-10	Japan	Delta	0.00019525105	0.016620977	2.1855313e-09	0.0016037008	2.1855313e-09	0.00019587175	5.175128e-08
2022-04-11	Japan	Delta	0.00018671765	0.020421391	1.3388592e-09	0.001759768	1.3388592e-09	0.00018695358	4.102142e-08
2022-04-12	Japan	Delta	0.00018255046	0.024871625	8.181845e-10	0.0018955406	8.181845e-10	0.00018263664	8.181845e-10
2022-04-13	Japan	Delta	0.0001804578	0.031174539	4.9125126e-10	0.002061522	4.9125126e-10	0.0001806292	4.9125126e-10
2022-04-07	Japan	Omicron	0.99979115	1.0	0.9905541	1.0	0.99862707	0.9999999	0.999791
2022-04-08	Japan	Omicron	0.9997947	1.0	0.9886119	1.0	0.9985441	0.9999999	0.9997944
2022-04-09	Japan	Omicron	0.99980104	1.0	0.9867937	1.0	0.9984885	1.0	0.9998008
2022-04-10	Japan	Omicron	0.99980474	1.0	0.983379	1.0	0.9983963	0.99999994	0.99980414
2022-04-11	Japan	Omicron	0.9998133	1.0	0.9795786	1.0	0.99824023	0.99999994	0.999813
2022-04-12	Japan	Omicron	0.9998175	1.0	0.97512835	1.0	0.99810445	1.0	0.9998174
2022-04-13	Japan	Omicron	0.9998195	1.0	0.96882546	1.0	0.9979385	1.0	0.99981934
2022-04-07	Japan	other	2.4031317e-11	1.8934591e-10	2.3565804e-13	6.8976325e-11	2.3565804e-13	2.434289e-11	6.8170307e-13
2022-04-08	Japan	other	2.1344659e-11	1.8262361e-10	1.7898653e-13	6.3646e-11	2.5312933e-13	2.164564e-11	6.264027e-13
2022-04-09	Japan	other	1.8834758e-11	1.7755256e-10	1.3605391e-13	5.785978e-11	2.5339374e-13	1.8850334e-11	2.5339374e-13
2022-04-10	Japan	other	1.6750237e-11	1.750681e-10	1.0387369e-13	5.2992676e-11	1.0387369e-13	1.677902e-11	1.5405168e-13
2022-04-11	Japan	other	1.4910176e-11	1.7422287e-10	7.9481194e-14	4.8432473e-11	7.9481194e-14	1.5021805e-11	1.9944975e-13
2022-04-12	Japan	other	1.3363344e-11	1.7538063e-10	6.073018e-14	4.5816722e-11	6.073018e-14	1.3380723e-11	7.677649e-14
2022-04-13	Japan	other	1.1781803e-11	1.7610326e-10	4.6260498e-14	4.2694345e-11	4.6260498e-14	1.1828123e-11	7.777596e-14
2022-04-07	Lithuania	Delta	0.0003302272	0.012209396	1.2680037e-07	0.002089935	1.2680037e-07	0.00033072333	1.2680037e-07
2022-04-08	Lithuania	Delta	0.00032181456	0.013482392	7.910236e-08	0.0021707856	7.910236e-08	0.00032206703	7.910236e-08
2022-04-09	Lithuania	Delta	0.00031009954	0.015163912	4.967318e-08	0.0022034287	4.967318e-08	0.00031014797	4.967318e-08
2022-04-10	Lithuania	Delta	0.0003013078	0.017616367	3.223025e-08	0.0022985763	3.223025e-08	0.00030169665	3.223025e-08
2022-04-11	Lithuania	Delta	0.00029423996	0.020090947	2.1032202e-08	0.0023725997	2.1032202e-08	0.00029445966	1.1044466e-07
2022-04-12	Lithuania	Delta	0.0002878397	0.02243181	1.3593842e-08	0.0025007485	1.3593842e-08	0.00028786514	1.3593842e-08
2022-04-13	Lithuania	Delta	0.00027714885	0.025515271	8.713773e-09	0.0026035656	8.713773e-09	0.00027724338	7.672854e-08
2022-04-07	Lithuania	Omicron	0.9996698	0.9999998	0.9877906	0.9999998	0.9979101	0.9999998	0.99966925
2022-04-08	Lithuania	Omicron	0.9996782	0.99999994	0.9865176	0.99999994	0.9978292	0.99999994	0.99967796
2022-04-09	Lithuania	Omicron	0.99968994	0.99999994	0.98483604	0.99999994	0.9977966	0.99999994	0.9996899
2022-04-10	Lithuania	Omicron	0.99969864	1.0	0.98238367	1.0	0.99770147	1.0	0.9996983
2022-04-11	Lithuania	Omicron	0.9997058	1.0	0.9799091	1.0	0.9976274	0.9999999	0.99970555
2022-04-12	Lithuania	Omicron	0.99971217	1.0	0.97756815	1.0	0.9974993	1.0	0.99971217
2022-04-13	Lithuania	Omicron	0.99972284	1.0	0.97448474	1.0	0.99739647	0.99999994	0.9997227
2022-04-07	Lithuania	other	4.621571e-15	4.7428566e-14	2.242238e-17	1.4871598e-14	3.9371153e-17	4.634871e-15	5.86348e-17
2022-04-08	Lithuania	other	3.971481e-15	4.308258e-14	1.7435697e-17	1.34337985e-14	1.7435697e-17	3.999634e-15	5.51773e-17
2022-04-09	Lithuania	other	3.4045562e-15	4.0311026e-14	1.3598054e-17	1.204447e-14	2.4091721e-17	3.4450575e-15	6.483117e-17
2022-04-10	Lithuania	other	2.9575458e-15	3.7952504e-14	1.0791608e-17	1.0780742e-14	1.0791608e-17	2.9757172e-15	3.7011713e-17
2022-04-11	Lithuania	other	2.559808e-15	3.5799427e-14	8.6166e-18	9.7859444e-15	1.5068028e-17	2.5647154e-15	1.5068028e-17
2022-04-12	Lithuania	other	2.2664586e-15	3.38022e-14	6.8431908e-18	8.952208e-15	1.147404e-17	2.2727234e-15	1.9416685e-17
2022-04-13	Lithuania	other	1.9642834e-15	3.2768835e-14	5.3892695e-18	8.159031e-15	5.3892695e-18	1.9671497e-15	5.3892695e-18
2022-04-07	Netherlands	Delta	2.7132808e-06	0.00026449605	2.1735991e-10	2.7011449e-05	2.1735991e-10	2.7142828e-06	2.1735991e-10
2022-04-08	Netherlands	Delta	2.3825135e-06	0.00026755224	1.4228947e-10	2.5785881e-05	1.4228947e-10	2.3862033e-06	1.4228947e-10
2022-04-09	Netherlands	Delta	2.0919638e-06	0.00027643485	8.103782e-11	2.4654559e-05	8.103782e-11	2.0922075e-06	8.103782e-11
2022-04-10	Netherlands	Delta	1.81416e-06	0.00028249752	4.695815e-11	2.342936e-05	4.695815e-11	1.814654e-06	4.695815e-11
2022-04-11	Netherlands	Delta	1.6288893e-06	0.00030066163	2.7717238e-11	2.1848666e-05	2.7717238e-11	1.6293629e-06	2.7717238e-11
2022-04-12	Netherlands	Delta	1.439515e-06	0.00030908978	1.6413131e-11	2.0531614e-05	1.6413131e-11	1.4420065e-06	1.6413131e-11
2022-04-13	Netherlands	Delta	1.2458902e-06	0.00032480533	9.62515e-12	1.9349143e-05	9.62515e-12	1.2470889e-06	9.62515e-12
2022-04-07	Netherlands	Omicron	0.99601316	0.9999148	0.9740989	0.99986905	0.9897466	0.999653	0.9958317
2022-04-08	Netherlands	Omicron	0.99582034	0.99995357	0.9712269	0.99988514	0.98906755	0.9996633	0.9956908
2022-04-09	Netherlands	Omicron	0.9956775	0.9999429	0.96755135	0.99988985	0.9881741	0.99967647	0.9954796
2022-04-10	Netherlands	Omicron	0.9954748	0.99996144	0.96377516	0.9999286	0.9873874	0.9997724	0.9953735
2022-04-11	Netherlands	Omicron	0.9952809	0.9999647	0.95935595	0.9999647	0.98641944	0.9997812	0.99514776
2022-04-12	Netherlands	Omicron	0.9950987	0.9999679	0.95453393	0.9999679	0.9851911	0.9998929	0.9950691
2022-04-13	Netherlands	Omicron	0.9948933	0.9999617	0.949194	0.99997073	0.98381966	0.9998901	0.9948303
2022-04-07	Netherlands	other	0.003958062	0.025611803	8.5190804e-05	0.010222964	0.00015748836	0.0041716765	0.00040137974
2022-04-08	Netherlands	other	0.004112807	0.028442524	6.331772e-05	0.010839772	7.95662e-05	0.004290162	0.0003528161
2022-04-09	Netherlands	other	0.004282889	0.031591494	4.192857e-05	0.011800796	0.0001299291	0.00447863	0.00032338928
2022-04-10	Netherlands	other	0.004495468	0.035391927	3.8348888e-05	0.012546879	0.00010345715	0.0046681627	0.00031774805
2022-04-11	Netherlands	other	0.004683007	0.039842974	3.5110024e-05	0.013540483	6.8897476e-05	0.004717183	0.00012665668
2022-04-12	Netherlands	other	0.0048501277	0.044560164	3.206921e-05	0.014631473	3.206921e-05	0.0048776222	9.619162e-05
2022-04-13	Netherlands	other	0.0050519467	0.049889896	2.9218223e-05	0.016159065	8.556802e-05	0.0051004253	0.00010739271
2022-04-07	New Zealand	Delta	0.00037640712	0.014438216	4.185419e-07	0.0023703221	4.185419e-07	0.00037645688	4.185419e-07
2022-04-08	New Zealand	Delta	0.00036984135	0.016413528	2.846447e-07	0.0024874788	2.846447e-07	0.0003701097	2.846447e-07
2022-04-09	New Zealand	Delta	0.00037173083	0.018975839	1.9468635e-07	0.0026217552	1.9468635e-07	0.00037265447	1.9468635e-07
2022-04-10	New Zealand	Delta	0.0003640263	0.021773111	1.365643e-07	0.0027375894	1.365643e-07	0.00036529085	1.365643e-07
2022-04-11	New Zealand	Delta	0.00035733733	0.024287255	9.626184e-08	0.0028544492	9.626184e-08	0.00035750083	9.626184e-08
2022-04-12	New Zealand	Delta	0.00035633915	0.02718005	6.7306125e-08	0.003022855	6.7306125e-08	0.00035662958	1.9304804e-07
2022-04-13	New Zealand	Delta	0.00034814654	0.031408217	4.6682533e-08	0.00317154	4.6682533e-08	0.00034862035	4.6682533e-08
2022-04-07	New Zealand	Omicron	0.99962234	0.9999994	0.9855586	0.9999994	0.99762857	0.9999994	0.9996216
2022-04-08	New Zealand	Omicron	0.9996295	0.9999996	0.9835848	0.9999996	0.9975102	0.9999996	0.9996288
2022-04-09	New Zealand	Omicron	0.99962735	0.99999964	0.98102057	0.99999964	0.997378	0.99999964	0.99962646
2022-04-10	New Zealand	Omicron	0.99963415	0.9999998	0.9782266	0.9999998	0.9972624	0.9999998	0.99963397
2022-04-11	New Zealand	Omicron	0.9996425	0.9999998	0.97571146	0.9999998	0.997145	0.9999998	0.9996424
2022-04-12	New Zealand	Omicron	0.99964356	0.9999999	0.97281826	0.9999999	0.9969757	0.9999999	0.99964327
2022-04-13	New Zealand	Omicron	0.99965096	0.9999999	0.96859163	0.9999999	0.9968284	0.9999999	0.99965
2022-04-07	New Zealand	other	6.8381905e-07	4.4552426e-06	7.108755e-09	1.7863031e-06	1.3735978e-08	7.1713373e-07	5.5112675e-08
2022-04-08	New Zealand	other	5.585777e-07	4.0470254e-06	9.7148805e-09	1.5296079e-06	1.6467643e-08	5.623694e-07	1.7034617e-08
2022-04-09	New Zealand	other	4.749523e-07	3.6961967e-06	6.914339e-09	1.3185203e-06	1.1596563e-08	4.9744204e-07	3.8159612e-08
2022-04-10	New Zealand	other	3.9209016e-07	3.3512067e-06	4.9225206e-09	1.132737e-06	2.5511973e-09	3.937006e-07	7.957569e-09
2022-04-11	New Zealand	other	3.2923543e-07	2.9880898e-06	1.819353e-09	9.658836e-07	1.819353e-09	3.32054e-07	6.8586226e-09
2022-04-12	New Zealand	other	2.7201756e-07	2.7377585e-06	2.2940265e-09	8.4287683e-07	2.2940265e-09	2.738515e-07	5.582425e-09
2022-04-13	New Zealand	other	2.2486205e-07	2.5162317e-06	9.2057983e-10	7.2786804e-07	9.2057983e-10	2.265338e-07	4.1013717e-09
2022-04-07	Norway	Delta	4.5866366e-07	0.0005695685	1.1276323e-14	1.6349743e-05	1.1276323e-14	4.58799e-07	1.1276323e-14
2022-04-08	Norway	Delta	3.6900022e-07	0.0006303567	4.167262e-15	1.450949e-05	4.167262e-15	3.6932678e-07	4.167262e-15
2022-04-09	Norway	Delta	2.828268e-07	0.000684308	1.5110773e-15	1.3162206e-05	1.5110773e-15	2.828554e-07	1.5110773e-15
2022-04-10	Norway	Delta	2.2325894e-07	0.0007135445	5.585222e-16	1.2229343e-05	5.585222e-16	2.2342009e-07	5.585222e-16
2022-04-11	Norway	Delta	1.7461156e-07	0.00074712775	2.1149935e-16	1.0729606e-05	2.1149935e-16	1.7482988e-07	2.1149935e-16
2022-04-12	Norway	Delta	1.3789432e-07	0.0007665188	8.108926e-17	9.844752e-06	8.108926e-17	1.3809856e-07	8.108926e-17
2022-04-13	Norway	Delta	1.10786154e-07	0.00082670455	3.110669e-17	8.915892e-06	3.110669e-17	1.11369445e-07	3.110669e-17
2022-04-07	Norway	Omicron	0.9935273	0.9998496	0.96377563	0.9997342	0.98459154	0.99926287	0.9932381
2022-04-08	Norway	Omicron	0.99334216	0.9998667	0.9600048	0.99974597	0.98357606	0.9992681	0.99298054
2022-04-09	Norway	Omicron	0.9931807	0.99988157	0.9559138	0.9997736	0.98264915	0.9993325	0.9928179
2022-04-10	Norway	Omicron	0.9930018	0.99989426	0.95127803	0.99989426	0.98167604	0.9996953	0.99294436
2022-04-11	Norway	Omicron	0.9928331	0.99990594	0.9455822	0.99980557	0.9804629	0.99971706	0.9927696
2022-04-12	Norway	Omicron	0.99258953	0.9999165	0.93824524	0.9998341	0.9796177	0.9995723	0.9923699
2022-04-13	Norway	Omicron	0.9923657	0.9999256	0.9299144	0.99987113	0.9779958	0.99976563	0.99231935
2022-04-07	Norway	other	0.0062827505	0.033904	0.00022853381	0.0148907965	0.00038908797	0.006601422	0.00077606854
2022-04-08	Norway	other	0.00639096	0.03646953	3.0192352e-05	0.015556841	0.00027431827	0.006780415	0.00072402274
2022-04-09	Norway	other	0.0065567987	0.04031738	0.00011841956	0.016465344	0.00020585697	0.006639278	0.00037630723
2022-04-10	Norway	other	0.006752704	0.044503372	0.00019778343	0.017422834	0.00019778343	0.006902465	0.00043250117
2022-04-11	Norway	other	0.0069030877	0.04781528	9.40324e-05	0.018362746	0.00017461526	0.0070268936	0.00035449193
2022-04-12	Norway	other	0.0070824064	0.05336287	8.34765e-05	0.019483505	8.34765e-05	0.0071898177	0.00025715036
2022-04-13	Norway	other	0.007235662	0.05943159	1.9942813e-06	0.020742707	7.4392425e-05	0.007268851	0.00019042395
2022-04-07	Singapore	Delta	7.939493e-07	0.0003535657	2.266405e-13	2.0224144e-05	2.266405e-13	7.940019e-07	2.266405e-13
2022-04-08	Singapore	Delta	6.801595e-07	0.0003576518	1.2687949e-13	1.8565353e-05	1.2687949e-13	6.804318e-07	1.2687949e-13
2022-04-09	Singapore	Delta	5.930159e-07	0.00037090675	7.1378335e-14	1.7309629e-05	7.1378335e-14	5.935202e-07	7.1378335e-14
2022-04-10	Singapore	Delta	5.0672384e-07	0.00036590395	4.0700092e-14	1.5904176e-05	4.0700092e-14	5.0713663e-07	4.0700092e-14
2022-04-11	Singapore	Delta	4.3976567e-07	0.00036460152	2.3180568e-14	1.46917555e-05	2.3180568e-14	4.3985997e-07	2.3180568e-14
2022-04-12	Singapore	Delta	3.7929928e-07	0.0003666157	1.3133675e-14	1.36964e-05	1.3133675e-14	3.8082058e-07	1.3133675e-14
2022-04-13	Singapore	Delta	3.3070972e-07	0.00037401728	7.4342405e-15	1.287618e-05	7.4342405e-15	3.338636e-07	7.4342405e-15
2022-04-07	Singapore	Omicron	0.9999992	1.0	0.9996465	1.0	0.9999798	1.0	0.9999992
2022-04-08	Singapore	Omicron	0.9999993	1.0	0.9996424	1.0	0.9999814	1.0	0.9999993
2022-04-09	Singapore	Omicron	0.9999994	1.0	0.9996291	1.0	0.99998266	1.0	0.9999994
2022-04-10	Singapore	Omicron	0.99999946	1.0	0.99963415	1.0	0.9999841	1.0	0.99999946
2022-04-11	Singapore	Omicron	0.9999996	1.0	0.99963546	1.0	0.9999853	1.0	0.9999996
2022-04-12	Singapore	Omicron	0.99999964	1.0	0.9996334	1.0	0.9999863	1.0	0.99999964
2022-04-13	Singapore	Omicron	0.99999964	1.0	0.999626	1.0	0.99998707	1.0	0.99999964
2022-04-07	Slovakia	Delta	6.638266e-05	0.0017909736	1.0928264e-07	0.00032936689	1.0928264e-07	6.638337e-05	1.0928264e-07
2022-04-08	Slovakia	Delta	6.0884347e-05	0.0018943758	8.27748e-08	0.0003257237	8.27748e-08	6.122485e-05	8.27748e-08
2022-04-09	Slovakia	Delta	5.6928446e-05	0.0020675608	6.268356e-08	0.00031765996	6.268356e-08	5.6959194e-05	6.268356e-08
2022-04-10	Slovakia	Delta	5.3299467e-05	0.0021395993	4.5812772e-08	0.00031324135	4.5812772e-08	5.33374e-05	4.5812772e-08
2022-04-11	Slovakia	Delta	4.8458118e-05	0.0022911744	3.228505e-08	0.0003065738	3.228505e-08	4.846111e-05	3.228505e-08
2022-04-12	Slovakia	Delta	4.466839e-05	0.0023714623	2.270127e-08	0.00030003834	2.270127e-08	4.4694854e-05	2.270127e-08
2022-04-13	Slovakia	Delta	4.0288334e-05	0.0024900434	1.5917935e-08	0.00029488947	1.5917935e-08	4.0309762e-05	1.5917935e-08
2022-04-07	Slovakia	Omicron	0.9999336	0.9999999	0.99820906	0.9999999	0.9996706	0.9999999	0.9999336
2022-04-08	Slovakia	Omicron	0.9999391	0.99999994	0.99810565	0.99999994	0.99967426	0.99999994	0.9999388
2022-04-09	Slovakia	Omicron	0.9999431	0.99999994	0.99793243	0.99999994	0.99968237	0.99999994	0.999943
2022-04-10	Slovakia	Omicron	0.9999467	1.0	0.9978604	1.0	0.9996868	0.99999994	0.99994665
2022-04-11	Slovakia	Omicron	0.99995154	1.0	0.99770886	1.0	0.99969345	0.99999994	0.9999515
2022-04-12	Slovakia	Omicron	0.99995536	1.0	0.9976285	1.0	0.9997	1.0	0.9999553
2022-04-13	Slovakia	Omicron	0.9999597	1.0	0.99750996	1.0	0.99970514	1.0	0.9999597
2022-04-07	South Africa	Delta	0.0011671381	0.012827277	9.264546e-06	0.003897614	1.3937159e-05	0.0011771966	3.2663276e-05
2022-04-08	South Africa	Delta	0.0011030049	0.013754225	7.2493813e-06	0.0038440656	1.1459526e-05	0.0011150124	2.3221233e-05
2022-04-09	South Africa	Delta	0.0010477977	0.014330696	5.6758427e-06	0.0037786246	5.6758427e-06	0.0010485859	7.4725e-06
2022-04-10	South Africa	Delta	0.0009911493	0.014947474	4.5028987e-06	0.0037726506	4.5028987e-06	0.001007099	2.6735943e-05
2022-04-11	South Africa	Delta	0.00093154854	0.015898582	3.6223582e-06	0.0037734879	3.6223582e-06	0.0009334178	3.6223582e-06
2022-04-12	South Africa	Delta	0.0008873851	0.01693569	2.9091166e-06	0.0037834765	2.9091166e-06	0.0008885113	2.9091166e-06
2022-04-13	South Africa	Delta	0.00084591843	0.017930066	2.1832516e-06	0.0038020858	2.1832516e-06	0.00084774155	4.7993985e-06
2022-04-07	South Africa	Omicron	0.9954833	0.99987155	0.9739883	0.9998054	0.9886915	0.9993996	0.9952123
2022-04-08	South Africa	Omicron	0.9955886	0.999933	0.9723634	0.99983764	0.98865867	0.999581	0.995447
2022-04-09	South Africa	Omicron	0.99569654	0.9999428	0.97023743	0.99985284	0.9884886	0.99973345	0.9956503
2022-04-10	South Africa	Omicron	0.9958086	0.99995035	0.9683179	0.9998536	0.98835456	0.999631	0.99560404
2022-04-11	South Africa	Omicron	0.99593437	0.9999563	0.9659727	0.9998756	0.98818946	0.9998001	0.9958781
2022-04-12	South Africa	Omicron	0.99603164	0.9999617	0.96260655	0.9999617	0.9881233	0.99981904	0.9959505
2022-04-13	South Africa	Omicron	0.9961084	0.999967	0.9594067	0.9999114	0.9877125	0.99987483	0.9960697
2022-04-07	South Africa	other	0.002668018	0.016497461	4.215619e-05	0.0067517273	9.343877e-05	0.0027568045	0.00024449595
2022-04-08	South Africa	other	0.0025765677	0.017548546	3.4892273e-05	0.0067721843	9.1682865e-05	0.0026635034	0.0002034424
2022-04-09	South Africa	other	0.002519372	0.01842221	2.8997643e-05	0.0068072593	8.6069595e-05	0.0025905268	0.00017552337
2022-04-10	South Africa	other	0.0024585917	0.019902615	2.425406e-05	0.006825134	4.1477815e-05	0.002510835	0.00015001143
2022-04-11	South Africa	other	0.0023887358	0.02091328	2.023069e-05	0.0068801916	4.010842e-05	0.0023996714	6.380907e-05
2022-04-12	South Africa	other	0.0023288592	0.021893412	1.6834401e-05	0.006982849	3.8119484e-05	0.002365433	8.284264e-05
2022-04-13	South Africa	other	0.0022710485	0.023163248	1.4025992e-05	0.0071998714	3.0178693e-05	0.0022924754	5.948671e-05
2022-04-07	South Korea	Delta	1.34944e-06	0.0006347315	2.668722e-12	2.9480818e-05	2.668722e-12	1.3497619e-06	2.668722e-12
2022-04-08	South Korea	Delta	1.1533682e-06	0.0007115926	1.4724905e-12	2.8314525e-05	1.4724905e-12	1.1549365e-06	1.4724905e-12
2022-04-09	South Korea	Delta	1.0322306e-06	0.0007287851	8.235993e-13	2.711123e-05	8.235993e-13	1.03335e-06	8.235993e-13
2022-04-10	South Korea	Delta	9.0838023e-07	0.00081445405	4.6801647e-13	2.6468624e-05	4.6801647e-13	9.088389e-07	4.6801647e-13
2022-04-11	South Korea	Delta	7.9521203e-07	0.0008837046	2.6306661e-13	2.5575975e-05	2.6306661e-13	7.9549113e-07	2.6306661e-13
2022-04-12	South Korea	Delta	6.9569535e-07	0.0009460199	1.4665473e-13	2.4106079e-05	1.4665473e-13	6.958423e-07	1.4665473e-13
2022-04-13	South Korea	Delta	6.239394e-07	0.00107992	8.214642e-14	2.3923805e-05	8.214642e-14	6.240262e-07	8.214642e-14
2022-04-07	South Korea	Omicron	0.9999986	1.0	0.99936527	1.0	0.9999705	1.0	0.9999986
2022-04-08	South Korea	Omicron	0.9999988	1.0	0.9992884	1.0	0.9999717	1.0	0.9999988
2022-04-09	South Korea	Omicron	0.999999	1.0	0.9992712	1.0	0.9999729	1.0	0.999999
2022-04-10	South Korea	Omicron	0.9999991	1.0	0.99918556	1.0	0.99997354	1.0	0.9999991
2022-04-11	South Korea	Omicron	0.9999992	1.0	0.9991163	1.0	0.9999744	1.0	0.9999992
2022-04-12	South Korea	Omicron	0.9999993	1.0	0.99905396	1.0	0.9999759	1.0	0.9999993
2022-04-13	South Korea	Omicron	0.9999994	1.0	0.99892	1.0	0.9999761	1.0	0.9999994
2022-04-07	Switzerland	Delta	0.000109725224	0.010666428	1.4117072e-08	0.0011975665	1.4117072e-08	0.00010975014	1.4117072e-08
2022-04-08	Switzerland	Delta	0.000110365814	0.014437521	8.341515e-09	0.0013912346	8.341515e-09	0.000110453635	8.341515e-09
2022-04-09	Switzerland	Delta	0.00011195885	0.019024221	4.911242e-09	0.0015942263	4.911242e-09	0.00011200366	4.911242e-09
2022-04-10	Switzerland	Delta	0.00011656896	0.025133451	2.9563314e-09	0.0018377177	2.9563314e-09	0.00011658233	2.9563314e-09
2022-04-11	Switzerland	Delta	0.000116860974	0.033035886	1.8071117e-09	0.0021790059	1.8071117e-09	0.00011711746	1.8071117e-09
2022-04-12	Switzerland	Delta	0.000117884985	0.046014972	1.103755e-09	0.0025235033	1.103755e-09	0.000118154094	1.103755e-09
2022-04-13	Switzerland	Delta	0.00011860016	0.06503334	6.1775574e-10	0.0029900882	6.1775574e-10	0.00011875846	6.1775574e-10
2022-04-07	Switzerland	Omicron	0.9998903	1.0	0.98933357	1.0	0.9988024	1.0	0.99989027
2022-04-08	Switzerland	Omicron	0.9998896	1.0	0.98556244	1.0	0.99860877	1.0	0.99988955
2022-04-09	Switzerland	Omicron	0.99988806	1.0	0.98097575	1.0	0.9984058	1.0	0.999888
2022-04-10	Switzerland	Omicron	0.9998834	1.0	0.97486657	1.0	0.99816227	1.0	0.9998834
2022-04-11	Switzerland	Omicron	0.9998831	1.0	0.9669641	1.0	0.997821	1.0	0.9998829
2022-04-12	Switzerland	Omicron	0.9998821	1.0	0.9539851	1.0	0.9974765	1.0	0.99988186
2022-04-13	Switzerland	Omicron	0.9998814	1.0	0.9349667	1.0	0.99700993	1.0	0.99988127
2022-04-07	Switzerland	other	8.38049e-15	7.592413e-14	7.541998e-17	2.4620464e-14	7.541998e-17	8.474045e-15	3.090464e-16
2022-04-08	Switzerland	other	8.1323904e-15	8.096699e-14	5.960914e-17	2.5066293e-14	5.960914e-17	8.283655e-15	3.0101807e-16
2022-04-09	Switzerland	other	7.861997e-15	8.984266e-14	4.254454e-17	2.6064673e-14	5.643972e-17	8.105192e-15	3.368224e-16
2022-04-10	Switzerland	other	7.5201635e-15	9.8688046e-14	3.097385e-17	2.6557315e-14	4.4183833e-17	7.569197e-15	1.2125304e-16
2022-04-11	Switzerland	other	7.300072e-15	1.0552812e-13	2.2412644e-17	2.7599517e-14	3.2937564e-17	7.3003635e-15	2.2412644e-17
2022-04-12	Switzerland	other	7.059015e-15	1.1449995e-13	1.6083673e-17	2.880156e-14	1.6083673e-17	7.0603076e-15	1.6083673e-17
2022-04-13	Switzerland	other	6.921686e-15	1.2529986e-13	1.15654755e-17	2.963625e-14	1.7559372e-17	6.9235728e-15	1.15654755e-17
2022-04-07	United Kingdom	Delta	2.1771517e-05	0.0004210327	4.2031918e-08	9.349974e-05	6.8101485e-08	2.1903556e-05	1.680329e-07
2022-04-08	United Kingdom	Delta	2.030821e-05	0.00052368274	2.2556653e-08	9.837449e-05	2.2556653e-08	2.0321186e-05	2.2556653e-08
2022-04-09	United Kingdom	Delta	1.8843246e-05	0.00063677295	1.1961444e-08	0.00010213123	1.1961444e-08	1.8844741e-05	1.1961444e-08
2022-04-10	United Kingdom	Delta	1.7536255e-05	0.00075441983	6.5638273e-09	0.00010830199	6.5638273e-09	1.7544487e-05	6.5638273e-09
2022-04-11	United Kingdom	Delta	1.6130058e-05	0.0009016774	3.719974e-09	0.00011500169	3.719974e-09	1.6130103e-05	3.719974e-09
2022-04-12	United Kingdom	Delta	1.5076411e-05	0.0010755652	2.1166329e-09	0.000122046404	2.1166329e-09	1.5083991e-05	2.1166329e-09
2022-04-13	United Kingdom	Delta	1.4052963e-05	0.0012621799	1.1847453e-09	0.00012823308	1.1847453e-09	1.4057116e-05	1.1847453e-09
2022-04-07	United Kingdom	Omicron	0.99210143	0.99800074	0.980835	0.9972658	0.98700994	0.99581337	0.9908344
2022-04-08	United Kingdom	Omicron	0.991634	0.9983	0.97680074	0.9978535	0.9856137	0.99633974	0.9905748
2022-04-09	United Kingdom	Omicron	0.9912332	0.998656	0.9720322	0.9982638	0.9838715	0.9970085	0.99047494
2022-04-10	United Kingdom	Omicron	0.9908489	0.9987682	0.9670206	0.9984772	0.9821173	0.9976193	0.99032426
2022-04-11	United Kingdom	Omicron	0.9904313	0.99916553	0.9616944	0.99867684	0.9801024	0.99781066	0.98977804
2022-04-12	United Kingdom	Omicron	0.989961	0.99942607	0.9550447	0.99877095	0.97751945	0.9980627	0.98932576
2022-04-13	United Kingdom	Omicron	0.98951554	0.9993961	0.9461958	0.999339	0.9751756	0.99824834	0.98873895
2022-04-07	United Kingdom	other	0.007847546	0.018836012	0.0018337733	0.012694267	0.0026703163	0.008850028	0.003938844
2022-04-08	United Kingdom	other	0.00829819	0.022475544	0.0015144525	0.014318588	0.0024188347	0.009433722	0.0037320787
2022-04-09	United Kingdom	other	0.008668454	0.02703756	0.0013447776	0.015920077	0.0018945646	0.009728109	0.0032714435
2022-04-10	United Kingdom	other	0.009074939	0.03170935	0.00096520747	0.017484417	0.0015141245	0.009617556	0.0023855371
2022-04-11	United Kingdom	other	0.009478176	0.036931608	0.00082923094	0.019451419	0.0013170204	0.010063127	0.0021663008
2022-04-12	United Kingdom	other	0.009947442	0.04351839	0.00076200604	0.021720404	0.0010928485	0.010563906	0.0019458857
2022-04-13	United Kingdom	other	0.0103594065	0.051678043	0.00060030865	0.02409179	0.0006112774	0.010617022	0.0013510116
2022-04-07	USA	Delta	0.00015083898	0.003269723	1.9817442e-07	0.0007014637	1.9817442e-07	0.00015091199	3.855761e-07
2022-04-08	USA	Delta	0.00013233675	0.0038591137	9.495675e-08	0.00071832025	9.495675e-08	0.00013242915	9.495675e-08
2022-04-09	USA	Delta	0.00011564391	0.004605255	4.597586e-08	0.00072173134	4.597586e-08	0.00011564861	1.2150812e-07
2022-04-10	USA	Delta	0.00010183435	0.0054825596	2.3356199e-08	0.00073785585	2.3356199e-08	0.00010191782	1.10713536e-07
2022-04-11	USA	Delta	8.943706e-05	0.0061229276	1.1965444e-08	0.00074722146	1.1965444e-08	8.951153e-05	1.1965444e-08
2022-04-12	USA	Delta	7.820584e-05	0.0072440887	6.0649086e-09	0.00076941104	6.0649086e-09	7.830127e-05	6.0649086e-09
2022-04-13	USA	Delta	7.092823e-05	0.0084778275	3.0479554e-09	0.00079100823	3.0479554e-09	7.123395e-05	3.0479554e-09
2022-04-07	USA	Omicron	0.9994571	0.9999751	0.9957493	0.99996424	0.9985611	0.99991643	0.9994275
2022-04-08	USA	Omicron	0.99950916	0.99998194	0.9950073	0.99998194	0.9985543	0.9999562	0.9994953
2022-04-09	USA	Omicron	0.99955004	0.99998903	0.99421716	0.99998903	0.9984816	0.99996966	0.9995399
2022-04-10	USA	Omicron	0.9995957	0.9999931	0.99342775	0.9999931	0.9984463	0.99998105	0.9995845
2022-04-11	USA	Omicron	0.99962765	0.9999957	0.9921001	0.9999957	0.9984099	0.99998885	0.9996228
2022-04-12	USA	Omicron	0.99966276	0.99999547	0.9909065	0.99999547	0.9983458	0.99999547	0.9996623
2022-04-13	USA	Omicron	0.9996899	0.99999833	0.98935246	0.9999968	0.9982686	0.9999968	0.9996889
2022-04-07	USA	other	0.00028610363	0.0014159175	2.2833956e-05	0.0006418098	2.2833956e-05	0.00030434332	5.211715e-05
2022-04-08	USA	other	0.00025523762	0.001504967	1.5663189e-05	0.0006284098	1.5663189e-05	0.00026635823	3.00481e-05
2022-04-09	USA	other	0.0002271763	0.0015397548	6.188308e-06	0.0006177021	1.2405828e-05	0.00022856372	1.2977477e-05
2022-04-10	USA	other	0.00020188434	0.0015871683	4.054548e-06	0.0005976302	6.0805455e-06	0.00020360267	8.74605e-06
2022-04-11	USA	other	0.0001792344	0.0016691161	2.5650484e-06	0.00057894835	5.091234e-06	0.00017968111	4.170581e-06
2022-04-12	USA	other	0.00015829425	0.0017828676	1.6220949e-06	0.000562042	2.8539057e-06	0.0001587647	2.8539057e-06
2022-04-13	USA	other	0.00014437512	0.0019042884	1.0521939e-06	0.0005687871	1.8764925e-06	0.00014450443	1.8764925e-06
