date	location	variant	median_I_smooth_forecast	I_smooth_forecast_upper_95	I_smooth_forecast_lower_95	I_smooth_forecast_upper_80	I_smooth_forecast_lower_80	I_smooth_forecast_upper_50	I_smooth_forecast_lower_50	median_freq
2022-10-30	Australia	Omicron 21L	47.048294	80.71411	26.610432	66.44496	32.56433	56.52931	38.701176	0.011408974
2022-10-31	Australia	Omicron 21L	46.882355	82.00863	26.00693	67.21088	31.873522	56.83577	38.322617	0.010923947
2022-11-01	Australia	Omicron 21L	46.615288	83.961525	25.397594	68.15617	31.172724	57.282852	37.978054	0.010411265
2022-11-02	Australia	Omicron 21L	46.413776	85.723495	24.770283	69.31537	30.683249	57.432335	37.477097	0.009895944
2022-11-03	Australia	Omicron 21L	46.23293	87.08664	24.045122	70.1422	30.093851	57.887283	37.1299	0.00938637
2022-11-04	Australia	Omicron 21L	46.041367	88.91784	23.397757	70.935905	29.649258	58.075012	36.68898	0.008900242
2022-11-05	Australia	Omicron 21L	45.86925	90.78748	22.840483	71.64709	29.088797	58.473724	36.14849	0.008403894
2022-10-30	Australia	Omicron 22A	98.30059	144.99367	66.8938	127.37329	76.99291	113.11027	86.02904	0.023877677
2022-10-31	Australia	Omicron 22A	97.56292	146.12057	64.94764	127.96488	75.0367	112.72775	84.550835	0.022653602
2022-11-01	Australia	Omicron 22A	96.49118	147.74173	62.57321	128.20857	73.117615	112.42083	82.90167	0.021456879
2022-11-02	Australia	Omicron 22A	95.445786	150.0064	60.51791	129.02042	71.31502	112.00435	81.15645	0.020261373
2022-11-03	Australia	Omicron 22A	94.301834	153.26921	58.604813	129.88225	69.295166	111.76309	79.59785	0.019074855
2022-11-04	Australia	Omicron 22A	93.176834	155.58325	56.933163	130.90547	67.476295	111.38702	78.0863	0.01792099
2022-11-05	Australia	Omicron 22A	92.08233	158.01114	55.020153	131.58109	65.66033	111.28839	76.8087	0.016806427
2022-10-30	Australia	Omicron 22B	1848.796	2646.632	1309.3911	2326.2942	1472.2833	2076.418	1633.1779	0.44972074
2022-10-31	Australia	Omicron 22B	1846.492	2704.0657	1277.0112	2347.0386	1448.5472	2089.7822	1619.9451	0.43015778
2022-11-01	Australia	Omicron 22B	1837.5681	2759.7068	1245.9008	2375.9194	1424.1191	2106.6821	1605.7488	0.4105816
2022-11-02	Australia	Omicron 22B	1833.552	2815.8354	1211.5966	2412.8914	1400.1232	2123.4155	1587.6918	0.39137483
2022-11-03	Australia	Omicron 22B	1827.4834	2877.8152	1178.5367	2455.309	1379.591	2138.7068	1570.4829	0.3717929
2022-11-04	Australia	Omicron 22B	1823.2898	2956.1272	1148.0546	2491.9536	1354.0903	2153.2913	1553.5988	0.352426
2022-11-05	Australia	Omicron 22B	1821.3477	3020.177	1114.1681	2527.244	1325.3396	2166.795	1534.3666	0.33302194
2022-10-30	Australia	Omicron 22C	0.24112806	0.5204613	0.110816	0.40566745	0.14434804	0.31460294	0.18806718	5.885741e-05
2022-10-31	Australia	Omicron 22C	0.22943798	0.4998992	0.10335746	0.39026144	0.13637254	0.30099967	0.17827821	5.3738957e-05
2022-11-01	Australia	Omicron 22C	0.2177633	0.4828719	0.096755214	0.37704113	0.12854351	0.2898851	0.16865107	4.8812995e-05
2022-11-02	Australia	Omicron 22C	0.20730436	0.47045538	0.090252355	0.36313605	0.121249445	0.2776274	0.15919876	4.42601e-05
2022-11-03	Australia	Omicron 22C	0.19752534	0.45442903	0.08475068	0.34868857	0.114135005	0.2652582	0.15082176	4.009197e-05
2022-11-04	Australia	Omicron 22C	0.18743527	0.44220394	0.07981235	0.33486658	0.10762261	0.25372124	0.14239433	3.6185855e-05
2022-11-05	Australia	Omicron 22C	0.17825866	0.4317058	0.07412893	0.32350427	0.10144796	0.24266168	0.13467377	3.2673117e-05
2022-10-30	Australia	Omicron 22D	400.10123	595.0438	269.70514	517.1956	312.9147	457.7423	350.02472	0.09748193
2022-10-31	Australia	Omicron 22D	412.4054	625.03577	272.64346	539.5981	317.2795	474.8499	357.31848	0.09627031
2022-11-01	Australia	Omicron 22D	423.81665	659.0636	275.69232	564.14166	321.61823	492.52957	366.02753	0.09488031
2022-11-02	Australia	Omicron 22D	436.00195	696.29846	277.7778	590.299	326.8892	511.0126	373.1294	0.09324764
2022-11-03	Australia	Omicron 22D	449.14124	734.58014	278.224	617.7398	331.0216	529.9166	381.2241	0.091471724
2022-11-04	Australia	Omicron 22D	462.40033	776.7228	280.99448	647.911	334.18478	552.1012	389.5277	0.08941992
2022-11-05	Australia	Omicron 22D	475.16614	824.39624	281.50525	676.4901	337.97617	572.57544	397.11655	0.08723302
2022-10-30	Australia	Omicron BA.2.75.2	118.95232	195.53502	71.920044	165.29585	85.11883	141.56305	99.92983	0.028932758
2022-10-31	Australia	Omicron BA.2.75.2	123.21762	207.05624	73.13853	173.3696	86.815704	147.03854	102.68419	0.028696533
2022-11-01	Australia	Omicron BA.2.75.2	127.33246	219.31212	73.96911	181.0951	88.48967	152.73515	105.34662	0.028375838
2022-11-02	Australia	Omicron BA.2.75.2	131.63762	231.92387	74.58448	189.82031	90.27093	158.9783	107.85341	0.027969267
2022-11-03	Australia	Omicron BA.2.75.2	136.36938	244.7204	75.29885	199.49368	91.92683	165.65811	110.65148	0.027523752
2022-11-04	Australia	Omicron BA.2.75.2	141.14662	257.78952	76.06892	209.79921	93.216125	172.97028	113.17462	0.026990332
2022-11-05	Australia	Omicron BA.2.75.2	145.67776	271.97818	76.27532	220.79585	94.83501	180.33253	116.17422	0.026460933
2022-10-30	Australia	Omicron BQ.1	996.5956	1589.8656	610.7377	1356.9503	725.2706	1169.3221	837.4162	0.24186125
2022-10-31	Australia	Omicron BQ.1	1098.0184	1787.1329	658.35364	1515.6158	782.93506	1301.4626	915.0808	0.25557062
2022-11-01	Australia	Omicron BQ.1	1209.6033	2012.8079	709.0066	1698.6887	846.87836	1449.7386	999.2901	0.26898935
2022-11-02	Australia	Omicron BQ.1	1331.7926	2280.6394	763.3228	1912.7914	915.0845	1609.0974	1092.0994	0.2829011
2022-11-03	Australia	Omicron BQ.1	1466.3365	2592.1807	815.71936	2149.9355	991.02435	1786.6139	1190.3264	0.29659998
2022-11-04	Australia	Omicron BQ.1	1613.7632	2939.9697	868.09094	2403.0894	1068.2673	1982.685	1296.565	0.31043833
2022-11-05	Australia	Omicron BQ.1	1773.3214	3317.663	936.3916	2688.8215	1151.596	2205.1992	1410.8047	0.32366025
2022-10-30	Australia	Omicron XBB	574.5234	1093.2487	303.0612	878.1334	379.69254	712.8734	465.75214	0.14069498
2022-10-31	Australia	Omicron XBB	637.0773	1247.6781	325.54422	989.57513	413.51163	797.4488	509.12878	0.14921516
2022-11-01	Australia	Omicron XBB	706.22003	1408.1307	350.80923	1119.0278	447.18042	892.6676	557.19543	0.15793255
2022-11-02	Australia	Omicron XBB	781.66406	1610.088	377.98508	1257.6879	485.9429	998.499	609.3709	0.16664276
2022-11-03	Australia	Omicron XBB	863.6874	1838.7617	406.60074	1420.2704	527.433	1117.4779	667.20776	0.17538269
2022-11-04	Australia	Omicron XBB	955.89026	2095.6287	436.08884	1604.8188	573.1086	1247.5304	730.0158	0.18455616
2022-11-05	Australia	Omicron XBB	1054.9756	2381.3	466.78888	1813.6404	620.73615	1394.6855	797.31415	0.19359706
2022-10-30	Australia	other	2.7803535	6.167748	1.2434274	4.6985826	1.602711	3.6713552	2.0830653	0.0006743629
2022-10-31	Australia	other	2.7629626	6.1942773	1.224256	4.728864	1.5791358	3.6810985	2.067524	0.0006433547
2022-11-01	Australia	other	2.7467585	6.2535005	1.2026316	4.7806754	1.5666714	3.694814	2.049527	0.0006125731
2022-11-02	Australia	other	2.7371645	6.3289847	1.1786618	4.7956095	1.5442322	3.7042437	2.020579	0.00058371667
2022-11-03	Australia	other	2.7257447	6.4875956	1.1471194	4.8463883	1.5239539	3.7120295	2.0017517	0.00055393495
2022-11-04	Australia	other	2.7209558	6.601141	1.1232578	4.8900704	1.508423	3.7271376	1.9800942	0.00052311836
2022-11-05	Australia	other	2.7110267	6.7254558	1.1012841	4.9300537	1.4901217	3.746011	1.9547863	0.0004944706
2022-10-30	Belgium	Omicron 21L	0.023250371	0.05295759	0.010602279	0.039185178	0.013748223	0.03084704	0.01751528	2.1567841e-05
2022-10-31	Belgium	Omicron 21L	0.01993694	0.04680296	0.008874152	0.03409413	0.011630416	0.026719607	0.0149231	1.9596257e-05
2022-11-01	Belgium	Omicron 21L	0.017125137	0.040809102	0.007567797	0.029742476	0.009829853	0.02308691	0.0127486605	1.7774042e-05
2022-11-02	Belgium	Omicron 21L	0.014678124	0.035785995	0.006425822	0.025910327	0.00834555	0.01999831	0.010860968	1.6093893e-05
2022-11-03	Belgium	Omicron 21L	0.0126195345	0.03130347	0.0054092617	0.0226207	0.007073888	0.017402474	0.009238992	1.4544306e-05
2022-11-04	Belgium	Omicron 21L	0.010882373	0.02725934	0.004533224	0.019650673	0.005975693	0.015002441	0.007862153	1.314898e-05
2022-11-05	Belgium	Omicron 21L	0.00931601	0.023797315	0.003799856	0.017217157	0.005083594	0.013008861	0.006708023	1.182744e-05
2022-10-30	Belgium	Omicron 22A	33.38629	48.48714	22.868963	43.018215	26.036003	37.80534	29.342815	0.03094541
2022-10-31	Belgium	Omicron 22A	30.404194	45.707123	20.175106	40.00158	23.18952	34.889137	26.429562	0.029810185
2022-11-01	Belgium	Omicron 22A	27.633026	42.670704	17.808773	37.21029	20.70502	32.28141	23.830404	0.028667664
2022-11-02	Belgium	Omicron 22A	25.136026	40.046238	15.7150955	34.661736	18.485184	29.74392	21.428204	0.027516693
2022-11-03	Belgium	Omicron 22A	22.94207	37.74762	13.848687	32.41045	16.534832	27.41571	19.269348	0.026348334
2022-11-04	Belgium	Omicron 22A	20.934855	35.54438	12.148765	30.232292	14.7118845	25.343014	17.320234	0.025200563
2022-11-05	Belgium	Omicron 22A	19.015278	33.741367	10.611815	28.083055	13.12707	23.402376	15.573595	0.02408418
2022-10-30	Belgium	Omicron 22B	487.3672	667.15234	357.7719	598.5491	397.39658	545.26746	437.97385	0.45290405
2022-10-31	Belgium	Omicron 22B	441.0781	625.64087	312.804	557.7042	353.69077	500.28275	392.73822	0.4344406
2022-11-01	Belgium	Omicron 22B	401.19965	588.0981	274.79007	519.8547	313.27402	459.42416	352.4992	0.41614604
2022-11-02	Belgium	Omicron 22B	364.32886	552.9782	239.88806	484.97714	278.34106	422.16046	316.2031	0.3978011
2022-11-03	Belgium	Omicron 22B	331.57855	518.98047	210.10481	451.31537	247.35886	388.7611	283.05124	0.37971783
2022-11-04	Belgium	Omicron 22B	300.87988	489.2609	183.40523	420.75528	219.1464	357.25803	253.6742	0.36197838
2022-11-05	Belgium	Omicron 22B	273.09622	459.76892	159.9569	391.40433	193.99619	328.3637	227.3062	0.3443613
2022-10-30	Belgium	Omicron 22C	0.06734641	0.17169814	0.0254992	0.12476165	0.036509592	0.09253624	0.04882584	6.204542e-05
2022-10-31	Belgium	Omicron 22C	0.05884975	0.15087779	0.022066625	0.11025003	0.031518828	0.081774846	0.042439647	5.7420642e-05
2022-11-01	Belgium	Omicron 22C	0.051527765	0.13564722	0.018860828	0.09752754	0.027286138	0.071976505	0.036863267	5.3167e-05
2022-11-02	Belgium	Omicron 22C	0.045071647	0.12249367	0.016300859	0.086697765	0.023477156	0.06345887	0.032064684	4.897811e-05
2022-11-03	Belgium	Omicron 22C	0.039413914	0.11030131	0.013991273	0.07720931	0.020199245	0.056010984	0.027892716	4.5040964e-05
2022-11-04	Belgium	Omicron 22C	0.0344394	0.09890901	0.011978997	0.068472035	0.017385656	0.049519747	0.024251778	4.132309e-05
2022-11-05	Belgium	Omicron 22C	0.03013246	0.08939025	0.01017637	0.060925066	0.014876659	0.043850888	0.020986363	3.786561e-05
2022-10-30	Belgium	Omicron 22D	36.724747	60.07313	22.55618	51.09013	26.812574	43.62152	30.781734	0.03418731
2022-10-31	Belgium	Omicron 22D	34.504913	57.797386	20.66327	48.894676	24.540428	41.209747	28.510447	0.03388638
2022-11-01	Belgium	Omicron 22D	32.29021	55.91596	18.793554	46.91691	22.621063	39.035667	26.456633	0.03352174
2022-11-02	Belgium	Omicron 22D	30.279285	54.146255	17.091223	44.83963	20.765768	37.047756	24.550568	0.033132758
2022-11-03	Belgium	Omicron 22D	28.418152	52.069813	15.557475	42.97684	19.082329	35.205513	22.787058	0.032694064
2022-11-04	Belgium	Omicron 22D	26.667679	50.790962	14.227089	41.254684	17.396551	33.408833	21.13182	0.032176435
2022-11-05	Belgium	Omicron 22D	25.049833	49.479557	12.7543	39.639736	15.94019	31.776459	19.520504	0.0315931
2022-10-30	Belgium	Omicron BA.2.75.2	5.132848	11.566449	2.271055	8.796204	3.0055695	6.8378873	3.8967612	0.0047897343
2022-10-31	Belgium	Omicron BA.2.75.2	4.7716255	11.047278	2.0439034	8.266236	2.7478654	6.407085	3.5757775	0.004689074
2022-11-01	Belgium	Omicron BA.2.75.2	4.4296227	10.501053	1.8306713	7.7787538	2.5150375	5.997101	3.274982	0.004590827
2022-11-02	Belgium	Omicron BA.2.75.2	4.1002903	10.05202	1.6510007	7.325764	2.2851317	5.6283307	3.002265	0.0044741044
2022-11-03	Belgium	Omicron BA.2.75.2	3.7962778	9.594622	1.4943162	6.9295406	2.0801084	5.268341	2.7565687	0.004357323
2022-11-04	Belgium	Omicron BA.2.75.2	3.522432	9.159445	1.336807	6.5526214	1.8923262	4.952292	2.5319862	0.0042361636
2022-11-05	Belgium	Omicron BA.2.75.2	3.2709095	8.767284	1.1975026	6.2302775	1.7017474	4.6477723	2.314865	0.0041187336
2022-10-30	Belgium	Omicron BQ.1	502.74774	702.224	351.25742	623.88745	397.7516	563.3567	446.44882	0.46569163
2022-10-31	Belgium	Omicron BQ.1	496.8638	720.5374	334.4003	628.9428	383.81067	563.06067	434.81583	0.4855215
2022-11-01	Belgium	Omicron BQ.1	489.63684	736.50134	319.1568	635.0704	371.01114	562.29816	424.68512	0.5056385
2022-11-02	Belgium	Omicron BQ.1	482.82574	752.0306	305.12363	640.11505	357.95197	562.0951	414.07413	0.5254823
2022-11-03	Belgium	Omicron BQ.1	475.84796	769.00244	290.0504	645.7799	344.8762	561.5353	402.6775	0.5452627
2022-11-04	Belgium	Omicron BQ.1	469.7959	786.50574	274.79544	654.63416	332.18903	561.0062	393.63904	0.56480324
2022-11-05	Belgium	Omicron BQ.1	462.93246	805.842	262.10745	661.99524	320.066	561.4511	383.87714	0.584175
2022-10-30	Belgium	Omicron XBB	6.1232243	29.32434	1.3401662	16.538534	2.183835	10.443317	3.5347567	0.0056862
2022-10-31	Belgium	Omicron XBB	5.7417164	28.54896	1.1894151	16.056479	1.9568986	9.957834	3.2344527	0.005625735
2022-11-01	Belgium	Omicron XBB	5.357438	27.577988	1.0466981	15.49726	1.7506462	9.48339	2.9448204	0.0055564772
2022-11-02	Belgium	Omicron XBB	5.0037947	27.211126	0.92132753	15.000766	1.5706991	9.018927	2.6822584	0.0054609673
2022-11-03	Belgium	Omicron XBB	4.6790924	26.954172	0.8106524	14.507753	1.4054425	8.560915	2.4659383	0.0053673955
2022-11-04	Belgium	Omicron XBB	4.361946	26.566221	0.71025985	14.011136	1.2675664	8.10309	2.2508178	0.0052677733
2022-11-05	Belgium	Omicron XBB	4.0389028	26.349113	0.62206215	13.561223	1.1365591	7.6677547	2.0560002	0.005155419
2022-10-30	Belgium	other	2.3411374	4.6599402	1.2187707	3.6455984	1.522575	2.9407258	1.8496685	0.0021622863
2022-10-31	Belgium	other	2.1302297	4.3319235	1.0851165	3.3860366	1.3700154	2.6956239	1.6766747	0.0020846764
2022-11-01	Belgium	other	1.9387903	4.0358796	0.9699779	3.1317787	1.226219	2.4651155	1.5124086	0.0020018923
2022-11-02	Belgium	other	1.7616363	3.7349656	0.8717663	2.8921797	1.0918324	2.259625	1.3738282	0.0019191605
2022-11-03	Belgium	other	1.6057928	3.4982638	0.7685273	2.6799028	0.975489	2.0825775	1.2428478	0.0018381736
2022-11-04	Belgium	other	1.4597678	3.274791	0.6760099	2.4906666	0.8698627	1.9109842	1.1209354	0.0017617308
2022-11-05	Belgium	other	1.3300467	3.0775893	0.6008519	2.3198528	0.7784729	1.7533233	1.0071725	0.0016830214
2022-10-30	Canada	Omicron 21L	2.519455	5.2770314	1.1569729	4.080846	1.5095749	3.235406	1.9327235	0.0007712166
2022-10-31	Canada	Omicron 21L	2.4583623	5.2367444	1.1122724	4.017964	1.4512427	3.1766973	1.8708403	0.0007421101
2022-11-01	Canada	Omicron 21L	2.390666	5.167505	1.0648916	3.954207	1.4045125	3.1190908	1.8109261	0.000713275
2022-11-02	Canada	Omicron 21L	2.3352633	5.0923934	1.0256348	3.8924162	1.3558325	3.0548341	1.7599895	0.00068481837
2022-11-03	Canada	Omicron 21L	2.2805974	5.027802	0.9908831	3.8078237	1.3084154	3.0008678	1.7078019	0.0006573196
2022-11-04	Canada	Omicron 21L	2.2223516	4.9736767	0.95239526	3.759648	1.2636274	2.9446154	1.6518883	0.00062940875
2022-11-05	Canada	Omicron 21L	2.1656096	4.916952	0.9134227	3.7087905	1.2218225	2.8777642	1.6015146	0.00060224877
2022-10-30	Canada	Omicron 22A	213.0573	289.48325	155.29541	260.5518	172.473	236.03925	191.1672	0.06549636
2022-10-31	Canada	Omicron 22A	212.73671	292.33878	153.62697	262.00708	171.00816	236.98195	189.71773	0.06446238
2022-11-01	Canada	Omicron 22A	212.39336	295.60132	151.18477	264.04382	169.6079	237.93262	188.52373	0.06341098
2022-11-02	Canada	Omicron 22A	212.00693	298.3303	149.24661	265.8381	167.9933	238.16086	187.40814	0.06231422
2022-11-03	Canada	Omicron 22A	211.39392	301.2347	146.84096	267.83307	166.19493	238.57486	186.16249	0.06116067
2022-11-04	Canada	Omicron 22A	211.02939	304.63437	144.57852	270.34778	164.41791	239.56491	184.90202	0.059947677
2022-11-05	Canada	Omicron 22A	210.16637	307.49414	142.07167	272.2969	162.58203	240.2941	183.31674	0.05872985
2022-10-30	Canada	Omicron 22B	2281.0027	2988.5513	1738.229	2719.4705	1903.022	2499.2466	2066.3374	0.7012217
2022-10-31	Canada	Omicron 22B	2276.003	3020.0195	1712.2339	2737.7644	1882.9126	2503.9114	2050.0686	0.6900948
2022-11-01	Canada	Omicron 22B	2268.1177	3055.2026	1689.2798	2758.462	1860.9215	2514.4167	2036.53	0.67879045
2022-11-02	Canada	Omicron 22B	2263.3872	3091.541	1661.9224	2779.987	1844.8364	2523.636	2025.6909	0.66694975
2022-11-03	Canada	Omicron 22B	2258.5903	3128.5835	1636.9161	2794.2983	1827.3015	2529.7432	2007.7925	0.654594
2022-11-04	Canada	Omicron 22B	2251.123	3179.4097	1605.7499	2811.9897	1804.2349	2537.5864	1993.916	0.64174217
2022-11-05	Canada	Omicron 22B	2249.3677	3221.421	1580.3718	2834.3315	1782.2087	2543.413	1976.9235	0.6284847
2022-10-30	Canada	Omicron 22C	0.16624542	0.28316736	0.09959109	0.23460804	0.11842124	0.20033437	0.13881354	5.098286e-05
2022-10-31	Canada	Omicron 22C	0.1556233	0.26790258	0.092503294	0.22116148	0.110034004	0.1881798	0.12935607	4.70532e-05
2022-11-01	Canada	Omicron 22C	0.1457943	0.2542355	0.085523136	0.20870772	0.102323234	0.17603585	0.120281026	4.34076e-05
2022-11-02	Canada	Omicron 22C	0.1364888	0.2407535	0.0792915	0.19619553	0.09533096	0.1656513	0.11217323	4.0011793e-05
2022-11-03	Canada	Omicron 22C	0.12774326	0.22849017	0.07299376	0.18554933	0.08868497	0.15585995	0.104552336	3.6854115e-05
2022-11-04	Canada	Omicron 22C	0.11941904	0.21691898	0.06747958	0.1749691	0.08240909	0.146411	0.09731737	3.3868324e-05
2022-11-05	Canada	Omicron 22C	0.11174788	0.2058127	0.062341638	0.16542137	0.07627769	0.1375749	0.090537995	3.1087515e-05
2022-10-30	Canada	Omicron 22D	53.457733	80.33843	36.330353	69.57548	41.49178	61.51262	46.956596	0.016546026
2022-10-31	Canada	Omicron 22D	54.250343	82.71576	36.336323	71.03142	41.582592	62.56163	47.359154	0.016546108
2022-11-01	Canada	Omicron 22D	55.023064	85.11587	36.422672	72.67172	41.83134	63.735046	47.89787	0.016530335
2022-11-02	Canada	Omicron 22D	55.832916	87.41234	36.444134	74.390976	42.053936	64.99161	48.295788	0.016515143
2022-11-03	Canada	Omicron 22D	56.604057	89.40184	36.441708	75.921005	42.222103	66.07594	48.689453	0.016463675
2022-11-04	Canada	Omicron 22D	57.458046	91.9496	36.40358	77.74488	42.40751	67.33147	49.14609	0.016411858
2022-11-05	Canada	Omicron 22D	58.239136	94.60868	36.355553	79.42656	42.57106	68.65638	49.578213	0.01633386
2022-10-30	Canada	Omicron BA.2.75.2	14.598162	28.328213	7.5998607	22.50438	9.259543	18.190388	11.460029	0.004478748
2022-10-31	Canada	Omicron BA.2.75.2	14.738093	28.83589	7.5437546	22.97319	9.237346	18.415194	11.518806	0.0044559976
2022-11-01	Canada	Omicron BA.2.75.2	14.867352	29.549715	7.4898806	23.365656	9.242574	18.713104	11.55934	0.0044295224
2022-11-02	Canada	Omicron BA.2.75.2	15.001923	30.161543	7.475107	23.789316	9.223079	18.985134	11.601006	0.004399322
2022-11-03	Canada	Omicron BA.2.75.2	15.166204	30.91794	7.446849	24.223684	9.25154	19.24015	11.622091	0.004361906
2022-11-04	Canada	Omicron BA.2.75.2	15.317415	31.729689	7.426139	24.607555	9.22709	19.549904	11.644402	0.0043225586
2022-11-05	Canada	Omicron BA.2.75.2	15.448628	32.732677	7.353988	25.09471	9.216146	19.847591	11.706229	0.004276548
2022-10-30	Canada	Omicron BQ.1	670.452	966.4288	463.67358	846.6138	524.0845	762.5792	592.18774	0.2066392
2022-10-31	Canada	Omicron BQ.1	720.28796	1053.4213	489.43207	916.49036	557.70593	822.5773	632.0442	0.21888217
2022-11-01	Canada	Omicron BQ.1	772.16187	1148.2887	517.00165	992.5426	593.14087	886.60547	674.8798	0.23148122
2022-11-02	Canada	Omicron BQ.1	827.27075	1250.6083	545.5366	1079.4001	629.7423	955.07513	720.01514	0.24438676
2022-11-03	Canada	Omicron BQ.1	888.6598	1357.4103	576.72906	1171.8851	668.14233	1029.3629	768.60956	0.25783348
2022-11-04	Canada	Omicron BQ.1	952.29175	1476.3788	608.557	1274.1509	710.1793	1109.3983	820.58093	0.2717504
2022-11-05	Canada	Omicron BQ.1	1022.32324	1606.4495	641.91205	1381.8989	753.64484	1196.2026	872.56287	0.2861976
2022-10-30	Canada	Omicron XBB	8.723255	29.406536	2.6123981	19.286098	4.0376396	13.3255415	5.9575214	0.0027270203
2022-10-31	Canada	Omicron XBB	8.9439125	31.00436	2.60317	20.277596	4.0483775	13.82081	6.066032	0.0027583214
2022-11-01	Canada	Omicron XBB	9.181105	32.884125	2.6122708	21.309212	4.0698223	14.343948	6.186145	0.0027878692
2022-11-02	Canada	Omicron XBB	9.409384	34.341396	2.6125183	22.190365	4.116562	14.913376	6.28387	0.0028178678
2022-11-03	Canada	Omicron XBB	9.652489	36.360806	2.6107848	23.207788	4.152604	15.503834	6.3960843	0.0028441935
2022-11-04	Canada	Omicron XBB	9.941429	38.39654	2.6013248	24.292898	4.184262	16.104801	6.4903564	0.002868446
2022-11-05	Canada	Omicron XBB	10.228657	40.13325	2.60732	25.467855	4.2003307	16.646925	6.578658	0.002887349
2022-10-30	Canada	other	1.9442936	3.5533311	1.0523161	2.9055347	1.2805159	2.4215865	1.5636991	0.0006007686
2022-10-31	Canada	other	1.9107168	3.5289419	1.025919	2.866192	1.2482086	2.3829613	1.5293275	0.0005812114
2022-11-01	Canada	other	1.8749754	3.4964483	0.9995254	2.8382654	1.2164178	2.3504872	1.4947278	0.0005618056
2022-11-02	Canada	other	1.8381927	3.4796271	0.9723343	2.8097303	1.1821563	2.3171427	1.461355	0.00054258294
2022-11-03	Canada	other	1.8024228	3.4360297	0.9423219	2.7751412	1.1525668	2.2856607	1.4314156	0.0005233785
2022-11-04	Canada	other	1.767603	3.404571	0.9091254	2.7411118	1.1205277	2.2565737	1.400233	0.00050475716
2022-11-05	Canada	other	1.735901	3.3637064	0.88070196	2.7177598	1.091803	2.2170184	1.3697627	0.0004856733
2022-10-30	Denmark	Omicron 21L	2.119788	3.8519974	1.1743985	3.1298072	1.4438543	2.5966716	1.7182609	0.0025712522
2022-10-31	Denmark	Omicron 21L	2.0111659	3.7528	1.0911118	3.0021238	1.3534986	2.4781747	1.6200898	0.0025009704
2022-11-01	Denmark	Omicron 21L	1.9092724	3.6278758	1.011602	2.884165	1.2674294	2.368166	1.5340915	0.002430439
2022-11-02	Denmark	Omicron 21L	1.8127897	3.490533	0.94213986	2.7674613	1.1894166	2.2529628	1.445638	0.0023604839
2022-11-03	Denmark	Omicron 21L	1.7152977	3.3831408	0.87944543	2.6662705	1.1141886	2.1574495	1.3622701	0.002290064
2022-11-04	Denmark	Omicron 21L	1.6267335	3.282281	0.81622356	2.5712092	1.0391077	2.0588927	1.2827398	0.0022124022
2022-11-05	Denmark	Omicron 21L	1.5413868	3.1902792	0.7581177	2.4848003	0.9730952	1.9726675	1.2092335	0.0021373103
2022-10-30	Denmark	Omicron 22A	15.994548	20.474905	12.519388	18.921755	13.621034	17.473232	14.710241	0.01950236
2022-10-31	Denmark	Omicron 22A	15.010618	19.672565	11.46287	18.037304	12.622407	16.524197	13.696537	0.018772114
2022-11-01	Denmark	Omicron 22A	14.092072	18.928259	10.500454	17.198093	11.674048	15.667759	12.751921	0.018054442
2022-11-02	Denmark	Omicron 22A	13.227029	18.216492	9.599071	16.425432	10.785092	14.85393	11.886651	0.017331507
2022-11-03	Denmark	Omicron 22A	12.417519	17.519207	8.791625	15.665786	9.995156	14.081297	11.0747385	0.0166324
2022-11-04	Denmark	Omicron 22A	11.638704	16.953465	8.042785	14.972385	9.210723	13.342595	10.314291	0.015935905
2022-11-05	Denmark	Omicron 22A	10.919257	16.338043	7.3603673	14.339502	8.500762	12.638072	9.5842085	0.0152264815
2022-10-30	Denmark	Omicron 22B	516.8528	625.67444	427.99048	587.4431	454.95404	552.2189	484.4381	0.62913954
2022-10-31	Denmark	Omicron 22B	489.1701	608.74084	393.7078	566.9359	424.23105	528.03564	454.5573	0.611671
2022-11-01	Denmark	Omicron 22B	464.06787	592.7283	363.7909	547.82635	395.41907	505.4918	426.09885	0.59400594
2022-11-02	Denmark	Omicron 22B	439.63867	576.5437	336.0984	529.156	367.7696	483.69678	400.26163	0.57573724
2022-11-03	Denmark	Omicron 22B	416.1532	561.8015	308.1398	511.49127	342.90198	462.9911	375.70087	0.5569695
2022-11-04	Denmark	Omicron 22B	393.74738	548.55817	283.4711	494.03696	318.75894	443.41827	352.29846	0.538095
2022-11-05	Denmark	Omicron 22B	372.7719	534.51483	260.83334	477.95135	296.68164	424.242	330.6982	0.518988
2022-10-30	Denmark	Omicron 22C	0.007723215	0.013973642	0.004168564	0.011279133	0.005233868	0.009441507	0.006288089	9.356389e-06
2022-10-31	Denmark	Omicron 22C	0.0068132603	0.012508263	0.0036502213	0.010124947	0.004609102	0.008430142	0.005550538	8.530846e-06
2022-11-01	Denmark	Omicron 22C	0.006040632	0.011257156	0.0032032924	0.009048691	0.004050143	0.007518884	0.004900638	7.756216e-06
2022-11-02	Denmark	Omicron 22C	0.0053706327	0.01015087	0.0028112815	0.0081033455	0.0035583794	0.006719903	0.004320952	7.03721e-06
2022-11-03	Denmark	Omicron 22C	0.0047654742	0.009183527	0.00246063	0.0072628353	0.00311845	0.005992865	0.0038094234	6.3804423e-06
2022-11-04	Denmark	Omicron 22C	0.004228443	0.008319351	0.0021385925	0.0065435884	0.0027258336	0.005324794	0.0033592754	5.7661314e-06
2022-11-05	Denmark	Omicron 22C	0.003760368	0.0075048516	0.0018591569	0.0058785086	0.0023876869	0.004765678	0.0029627895	5.205502e-06
2022-10-30	Denmark	Omicron 22D	23.429445	31.979597	17.232492	28.651472	19.237785	25.939304	20.99354	0.028542902
2022-10-31	Denmark	Omicron 22D	22.868816	32.011326	16.362356	28.469141	18.528948	25.565557	20.315329	0.028620329
2022-11-01	Denmark	Omicron 22D	22.360996	31.769812	15.74776	28.322762	17.81215	25.17622	19.69791	0.028648995
2022-11-02	Denmark	Omicron 22D	21.870167	31.82601	15.006207	28.174557	17.13588	24.859653	19.06393	0.028620742
2022-11-03	Denmark	Omicron 22D	21.30651	31.86223	14.380078	27.905315	16.43849	24.52615	18.477997	0.02855362
2022-11-04	Denmark	Omicron 22D	20.815823	31.923855	13.681703	27.79151	15.772752	24.229805	17.889278	0.02843795
2022-11-05	Denmark	Omicron 22D	20.293907	31.986609	13.028806	27.630877	15.161922	23.923038	17.351568	0.02827071
2022-10-30	Denmark	Omicron BA.2.75.2	6.4204707	11.05551	3.7456443	9.170484	4.4907537	7.769458	5.333863	0.007838812
2022-10-31	Denmark	Omicron BA.2.75.2	6.291931	10.976094	3.5807714	9.115954	4.346195	7.652048	5.19139	0.007868828
2022-11-01	Denmark	Omicron BA.2.75.2	6.180934	11.042479	3.428815	9.0469265	4.2018957	7.5512304	5.032956	0.0079036355
2022-11-02	Denmark	Omicron BA.2.75.2	6.051381	11.085321	3.2780726	8.965412	4.037039	7.4403534	4.888191	0.007907261
2022-11-03	Denmark	Omicron BA.2.75.2	5.9160695	11.130065	3.133539	8.867052	3.8816683	7.3616433	4.7437944	0.00789292
2022-11-04	Denmark	Omicron BA.2.75.2	5.7920175	11.143574	2.9799895	8.808791	3.7252731	7.2674265	4.5967083	0.00787114
2022-11-05	Denmark	Omicron BA.2.75.2	5.664072	11.109236	2.8581364	8.790517	3.5904293	7.172291	4.4553995	0.007839652
2022-10-30	Denmark	Omicron BQ.1	245.4484	313.19943	190.83809	287.08664	208.1898	266.48157	225.88982	0.29834914
2022-10-31	Denmark	Omicron BQ.1	253.03285	330.3025	191.52005	300.92218	211.17058	277.62408	231.25871	0.3157536
2022-11-01	Denmark	Omicron BQ.1	261.0351	349.74982	191.97913	315.73114	213.90881	288.7821	236.35875	0.33382234
2022-11-02	Denmark	Omicron BQ.1	269.4512	369.92764	193.03162	331.5541	217.39458	300.66656	241.8689	0.35231018
2022-11-03	Denmark	Omicron BQ.1	277.38568	393.3203	194.02911	348.04483	220.90709	313.59692	247.17786	0.37120885
2022-11-04	Denmark	Omicron BQ.1	285.99615	416.66992	194.32805	366.40817	224.27802	326.45428	252.77556	0.39034283
2022-11-05	Denmark	Omicron BQ.1	295.43024	443.11893	194.36174	384.84952	226.6286	340.7845	257.95233	0.40982524
2022-10-30	Denmark	Omicron XBB	8.337745	21.919647	3.1607144	15.530223	4.3541765	11.730986	5.9088087	0.010126453
2022-10-31	Denmark	Omicron XBB	8.465604	22.977177	3.080178	16.168472	4.2820306	12.102156	5.904443	0.010569336
2022-11-01	Denmark	Omicron XBB	8.58441	24.33622	3.0046012	16.782429	4.2302547	12.396728	5.9058523	0.01098416
2022-11-02	Denmark	Omicron XBB	8.715719	25.733025	2.9447327	17.526459	4.180179	12.748185	5.8964176	0.011397496
2022-11-03	Denmark	Omicron XBB	8.869087	27.099236	2.8517334	18.327621	4.112878	13.053166	5.885796	0.011807065
2022-11-04	Denmark	Omicron XBB	8.99124	28.596106	2.7715938	19.047684	4.066526	13.4141245	5.879691	0.012211513
2022-11-05	Denmark	Omicron XBB	9.093452	30.226479	2.6832778	19.820034	3.9976923	13.844599	5.89009	0.012615871
2022-10-30	Denmark	other	1.078435	1.7069764	0.69774425	1.4630108	0.8037289	1.2649713	0.92249	0.0013084769
2022-10-31	Denmark	other	1.016068	1.646857	0.64541185	1.3953233	0.7492094	1.1977639	0.8656045	0.0012676049
2022-11-01	Denmark	other	0.95693445	1.5750502	0.5966952	1.3313683	0.6989316	1.1356382	0.8100513	0.0012240419
2022-11-02	Denmark	other	0.9039177	1.5165163	0.5519257	1.2710687	0.64763784	1.0772874	0.7602956	0.001181127
2022-11-03	Denmark	other	0.8526912	1.4644821	0.50768226	1.2149926	0.60165405	1.0217596	0.70919514	0.0011372729
2022-11-04	Denmark	other	0.80269504	1.4074367	0.46742153	1.1622179	0.56047136	0.96931785	0.6644061	0.001091986
2022-11-05	Denmark	other	0.7546618	1.3563706	0.4320369	1.1123209	0.52121276	0.9192239	0.62373865	0.0010494429
2022-10-30	France	Omicron 21L	4.522059	9.551371	2.121926	7.4950247	2.7238092	5.9555793	3.4658961	9.2059665e-05
2022-10-31	France	Omicron 21L	4.049856	8.822114	1.8440346	6.8373218	2.4018679	5.3755007	3.0812502	8.224966e-05
2022-11-01	France	Omicron 21L	3.6281576	8.162087	1.6036127	6.2332573	2.1053772	4.842769	2.730826	7.339663e-05
2022-11-02	France	Omicron 21L	3.24301	7.554544	1.3798598	5.667027	1.8509039	4.3879437	2.4331145	6.541797e-05
2022-11-03	France	Omicron 21L	2.908053	6.9993825	1.2073617	5.1664147	1.6218784	3.9707353	2.1570797	5.8205518e-05
2022-11-04	France	Omicron 21L	2.5944805	6.5306935	1.0436765	4.7241893	1.4279088	3.5868526	1.9025592	5.1768824e-05
2022-11-05	France	Omicron 21L	2.316983	6.0944176	0.8987636	4.331272	1.2522694	3.2540786	1.6849029	4.5978224e-05
2022-10-30	France	Omicron 22A	857.81586	1467.5085	504.773	1207.9995	595.24066	1027.1677	714.362	0.017500643
2022-10-31	France	Omicron 22A	802.3419	1416.0258	456.5684	1153.879	544.5227	974.1897	658.9523	0.016377237
2022-11-01	France	Omicron 22A	748.00757	1370.1277	410.58075	1107.3711	499.30774	924.59546	608.46136	0.015309773
2022-11-02	France	Omicron 22A	701.0107	1328.7347	371.46884	1063.1993	456.54605	876.23334	562.30035	0.014273642
2022-11-03	France	Omicron 22A	655.9788	1284.7458	333.4161	1018.1854	415.87698	831.3773	519.0987	0.013307809
2022-11-04	France	Omicron 22A	614.0598	1242.2694	301.39685	979.2062	380.77606	790.56744	479.5954	0.012377536
2022-11-05	France	Omicron 22A	575.4011	1207.663	271.0812	942.7422	346.72464	751.73267	442.4472	0.011506034
2022-10-30	France	Omicron 22B	11624.23	19218.94	7248.5137	15979.756	8431.788	13790.316	9857.246	0.23814401
2022-10-31	France	Omicron 22B	10902.362	18638.717	6574.435	15381.464	7676.0938	13103.447	9096.831	0.22306266
2022-11-01	France	Omicron 22B	10211.873	18244.738	5912.3867	14779.9795	7002.711	12413.855	8404.669	0.20857263
2022-11-02	France	Omicron 22B	9598.994	17705.87	5322.4233	14204.723	6399.5625	11760.131	7746.82	0.19471675
2022-11-03	France	Omicron 22B	8981.495	17307.691	4779.4014	13646.766	5870.801	11179.118	7163.1455	0.18151647
2022-11-04	France	Omicron 22B	8424.75	16780.734	4328.0015	13099.799	5352.418	10613.406	6599.373	0.16904873
2022-11-05	France	Omicron 22B	7871.4824	16366.324	3891.636	12608.322	4865.6577	10086.475	6099.2954	0.15727285
2022-10-30	France	Omicron 22C	1.1293111	3.0590482	0.42446688	2.1488783	0.5911885	1.5911608	0.81173104	2.304807e-05
2022-10-31	France	Omicron 22C	1.0125755	2.8148	0.36633444	1.9728636	0.522008	1.4378783	0.7238045	2.0644526e-05
2022-11-01	France	Omicron 22C	0.908228	2.5607042	0.31979	1.7857977	0.45982006	1.2982848	0.64378333	1.8388542e-05
2022-11-02	France	Omicron 22C	0.81179756	2.3563526	0.27866298	1.626521	0.40168655	1.1672359	0.5719551	1.6429572e-05
2022-11-03	France	Omicron 22C	0.7252811	2.1918423	0.24205197	1.4854884	0.35505727	1.0568151	0.50758994	1.4616715e-05
2022-11-04	France	Omicron 22C	0.64984816	2.0196524	0.21431106	1.354162	0.31219178	0.95604306	0.45058423	1.299022e-05
2022-11-05	France	Omicron 22C	0.58156896	1.8576285	0.18477884	1.2418358	0.2734048	0.86660844	0.40032232	1.1529355e-05
2022-10-30	France	Omicron 22D	770.9267	1541.5978	389.26132	1218.9071	492.57162	985.03894	608.0965	0.015943356
2022-10-31	France	Omicron 22D	748.8922	1549.9036	367.31912	1202.2622	468.42633	965.8939	584.2081	0.01549663
2022-11-01	France	Omicron 22D	727.8575	1561.5796	347.02396	1200.6428	446.31232	948.0945	558.7799	0.015049657
2022-11-02	France	Omicron 22D	709.03125	1573.075	324.6698	1196.0415	426.19763	932.2425	537.8404	0.014555507
2022-11-03	France	Omicron 22D	688.2145	1587.0164	307.50183	1189.5382	404.43747	916.30396	516.4879	0.014077832
2022-11-04	France	Omicron 22D	670.38074	1581.7074	288.93765	1180.5535	383.30414	900.17194	496.02057	0.013595712
2022-11-05	France	Omicron 22D	649.84955	1606.4991	268.58987	1177.3563	362.14288	886.7713	474.32584	0.013116673
2022-10-30	France	Omicron BA.2.75.2	45.49546	191.10065	11.269547	113.758545	18.65053	74.46387	28.576954	0.00095275417
2022-10-31	France	Omicron BA.2.75.2	42.872925	185.99086	10.20765	109.921616	17.080456	70.44189	26.354885	0.0008973738
2022-11-01	France	Omicron BA.2.75.2	40.205902	178.79398	9.265985	105.88888	15.616894	67.23587	24.538223	0.0008419575
2022-11-02	France	Omicron BA.2.75.2	37.829956	172.7318	8.467796	101.23192	14.364698	64.02156	22.799746	0.00078697514
2022-11-03	France	Omicron BA.2.75.2	35.759163	167.58983	7.6824512	98.283516	13.22078	61.294533	21.02493	0.0007351446
2022-11-04	France	Omicron BA.2.75.2	33.727745	162.31973	6.992394	94.89974	12.070819	58.2179	19.586164	0.00068636006
2022-11-05	France	Omicron BA.2.75.2	31.68084	159.4072	6.3183465	90.86547	10.976717	55.729797	18.068678	0.00064051093
2022-10-30	France	Omicron BQ.1	35150.863	56565.062	21801.299	48056.914	25669.057	41602.312	29720.508	0.7198405
2022-10-31	France	Omicron BQ.1	35996.703	60073.84	21571.008	50435.258	25679.223	43122.695	29940.73	0.73657537
2022-11-01	France	Omicron BQ.1	36904.086	63831.156	21240.979	52907.39	25698.838	44826.918	30225.277	0.7526486
2022-11-02	France	Omicron BQ.1	37808.402	67878.07	20917.0	55691.215	25708.863	46534.414	30592.873	0.7679677
2022-11-03	France	Omicron BQ.1	38650.723	72396.02	20622.74	58473.906	25642.64	48324.82	30894.32	0.78266954
2022-11-04	France	Omicron BQ.1	39563.688	77395.56	20273.686	61238.805	25590.64	50348.895	31124.81	0.79665065
2022-11-05	France	Omicron BQ.1	40448.656	81814.55	20027.19	64420.58	25473.623	52345.023	31493.504	0.80976117
2022-10-30	France	Omicron XBB	170.42691	1312.851	22.488808	634.6548	45.446342	345.53885	83.82399	0.0035008697
2022-10-31	France	Omicron XBB	168.5487	1400.6453	21.076113	663.4645	42.5917	349.06824	80.69072	0.0034579057
2022-11-01	France	Omicron XBB	166.70375	1482.2605	19.456572	687.62054	40.38549	353.3941	78.28174	0.0034372876
2022-11-02	France	Omicron XBB	165.22285	1581.6262	17.988703	713.90155	38.09885	359.87646	75.75527	0.003400469
2022-11-03	France	Omicron XBB	163.78796	1672.0596	16.524218	738.3317	35.864204	362.1148	73.27917	0.003347855
2022-11-04	France	Omicron XBB	162.65674	1798.4069	15.485444	767.2089	33.86246	369.76205	70.56074	0.00332205
2022-11-05	France	Omicron XBB	161.20262	1912.5132	14.3414345	795.0492	31.698565	373.45615	68.033104	0.0032827277
2022-10-30	France	other	61.773064	130.00612	30.0527	99.81721	38.50964	79.55083	47.810364	0.0012594984
2022-10-31	France	other	57.322155	125.17389	27.099253	94.88832	34.98229	74.57593	44.002617	0.0011693437
2022-11-01	France	other	53.21647	120.35277	24.455956	89.768	31.950047	69.99996	40.455856	0.0010841954
2022-11-02	France	other	49.22413	115.33254	22.003485	84.93834	28.847313	65.60975	37.186123	0.0010055908
2022-11-03	France	other	45.66996	111.16177	19.893007	80.87438	26.299004	61.66544	34.332047	0.000930257
2022-11-04	France	other	42.457428	108.52671	17.960438	76.50808	23.886892	57.87359	31.57779	0.0008591969
2022-11-05	France	other	39.48489	104.7052	16.224062	72.435875	21.718039	54.463223	28.919287	0.0007925356
2022-10-30	Germany	Omicron 21L	228.45609	439.6717	116.69221	353.4843	147.26083	285.45917	181.66434	0.0022257061
2022-10-31	Germany	Omicron 21L	229.64456	448.31686	115.0211	357.31784	145.96129	288.1994	181.31512	0.0021745092
2022-11-01	Germany	Omicron 21L	229.53877	458.2123	113.426994	362.38226	144.55222	291.8757	180.71985	0.002118149
2022-11-02	Germany	Omicron 21L	230.25015	465.99875	111.76394	367.8347	142.94124	294.42126	180.12839	0.0020640274
2022-11-03	Germany	Omicron 21L	230.55104	476.39203	109.51947	373.9961	142.11601	295.7356	179.50873	0.002006557
2022-11-04	Germany	Omicron 21L	231.6651	487.73428	108.52476	379.81287	140.92326	298.60623	178.50085	0.0019444692
2022-11-05	Germany	Omicron 21L	232.6881	498.6164	107.15636	386.58997	139.72212	301.4938	177.50241	0.0018869854
2022-10-30	Germany	Omicron 22A	1247.1729	1993.8114	766.47424	1727.088	914.362	1479.8579	1064.6736	0.012260626
2022-10-31	Germany	Omicron 22A	1242.2998	2022.1117	752.5755	1743.608	903.85596	1483.9618	1056.7957	0.011913365
2022-11-01	Germany	Omicron 22A	1239.5286	2048.0269	737.78265	1749.9252	892.2962	1492.4281	1049.519	0.011553045
2022-11-02	Germany	Omicron 22A	1237.4639	2071.64	724.7033	1763.5471	883.0705	1499.8357	1041.8075	0.011187437
2022-11-03	Germany	Omicron 22A	1237.2639	2104.7156	708.32056	1778.3987	875.7057	1507.9547	1032.8645	0.010820007
2022-11-04	Germany	Omicron 22A	1236.5223	2136.1204	695.4111	1793.9861	863.18994	1513.0319	1024.4824	0.010455737
2022-11-05	Germany	Omicron 22A	1236.0607	2176.911	682.3572	1810.923	852.9345	1518.5901	1018.00934	0.010094884
2022-10-30	Germany	Omicron 22B	76613.53	121765.05	48445.965	103608.266	56420.836	89446.125	65520.484	0.74942195
2022-10-31	Germany	Omicron 22B	77235.95	124612.41	48233.035	105747.195	56376.094	90761.5	65689.04	0.73579025
2022-11-01	Germany	Omicron 22B	78060.484	127882.28	48033.883	107667.64	56236.395	92351.664	66003.65	0.7217846
2022-11-02	Germany	Omicron 22B	78751.81	130920.5	47563.35	110049.96	56186.266	93779.82	66017.234	0.7072619
2022-11-03	Germany	Omicron 22B	79215.36	133904.61	47187.04	111781.73	56112.16	95152.34	66185.555	0.69210374
2022-11-04	Germany	Omicron 22B	79927.55	137523.55	47073.227	114409.836	56106.31	96911.64	66505.41	0.6763811
2022-11-05	Germany	Omicron 22B	80679.16	141191.52	46956.55	116805.61	56032.62	98507.13	66685.48	0.6600206
2022-10-30	Germany	Omicron 22C	3.3109798	6.298507	1.6801044	5.0139847	2.1338716	4.1457396	2.6260376	3.2143944e-05
2022-10-31	Germany	Omicron 22C	3.1721172	6.131955	1.5987195	4.8409615	2.0245788	3.9858994	2.5017948	2.993779e-05
2022-11-01	Germany	Omicron 22C	3.034592	5.953028	1.5175147	4.691391	1.9172106	3.8358357	2.3843598	2.7874617e-05
2022-11-02	Germany	Omicron 22C	2.9072156	5.7805142	1.4272987	4.544918	1.823801	3.695783	2.2741797	2.5909798e-05
2022-11-03	Germany	Omicron 22C	2.7876353	5.603282	1.3527775	4.3934956	1.7316357	3.554729	2.173354	2.4069963e-05
2022-11-04	Germany	Omicron 22C	2.6685457	5.414864	1.2746	4.2492557	1.644942	3.4147177	2.0728765	2.234035e-05
2022-11-05	Germany	Omicron 22C	2.557434	5.3071384	1.2068602	4.1089263	1.5505085	3.2880235	1.9775736	2.0689477e-05
2022-10-30	Germany	Omicron 22D	2943.3193	4900.002	1782.1082	4127.812	2074.5671	3493.5425	2457.043	0.028825112
2022-10-31	Germany	Omicron 22D	3089.0083	5221.639	1841.0854	4369.7437	2156.3	3685.2373	2570.3274	0.029443823
2022-11-01	Germany	Omicron 22D	3239.103	5556.999	1908.4015	4627.41	2245.9294	3892.421	2683.3062	0.030056883
2022-11-02	Germany	Omicron 22D	3396.1616	5981.1167	1967.0651	4915.764	2335.425	4111.074	2798.8943	0.030609194
2022-11-03	Germany	Omicron 22D	3567.4797	6399.2837	2030.2904	5214.32	2424.073	4332.839	2923.6963	0.03114786
2022-11-04	Germany	Omicron 22D	3743.708	6862.0127	2101.2124	5540.404	2518.9443	4570.6733	3053.8442	0.031696588
2022-11-05	Germany	Omicron 22D	3931.267	7327.345	2163.345	5887.534	2613.4497	4823.26	3185.7715	0.03216554
2022-10-30	Germany	Omicron BA.2.75.2	300.11176	623.35406	148.15489	486.62595	188.51178	383.70847	234.98674	0.0029539207
2022-10-31	Germany	Omicron BA.2.75.2	310.68146	655.53046	150.91586	508.90308	192.58801	399.15906	241.87024	0.0029731207
2022-11-01	Germany	Omicron BA.2.75.2	320.94214	684.62213	153.08449	530.94794	197.3631	414.8982	248.2879	0.0029884526
2022-11-02	Germany	Omicron BA.2.75.2	332.95724	720.0449	155.25465	558.58057	200.57832	430.83307	255.27863	0.0030038743
2022-11-03	Germany	Omicron BA.2.75.2	344.89618	757.24524	157.54749	586.1141	205.20404	447.86066	262.22415	0.0030118688
2022-11-04	Germany	Omicron BA.2.75.2	357.1737	801.5661	159.32513	615.7299	208.94417	467.25076	269.15784	0.0030135058
2022-11-05	Germany	Omicron BA.2.75.2	368.85657	839.1565	161.96474	644.889	212.40364	484.9271	276.2469	0.0030153985
2022-10-30	Germany	Omicron BQ.1	20071.281	33141.414	12277.268	27878.283	14394.448	24000.021	16988.316	0.19708544
2022-10-31	Germany	Omicron BQ.1	22001.11	36701.836	13278.035	30936.71	15595.552	26458.861	18545.875	0.21006581
2022-11-01	Germany	Omicron BQ.1	24126.594	40984.246	14200.263	34206.594	16924.57	29212.809	20186.818	0.22377154
2022-11-02	Germany	Omicron BQ.1	26422.8	45751.09	15238.261	38019.92	18376.186	32129.537	21955.574	0.23795284
2022-11-03	Germany	Omicron BQ.1	28976.754	50957.945	16427.043	42323.074	19943.11	35463.14	23905.652	0.2526837
2022-11-04	Germany	Omicron BQ.1	31793.578	56745.375	17731.25	46929.902	21558.602	39069.477	26007.148	0.26821578
2022-11-05	Germany	Omicron BQ.1	34863.043	63193.547	18993.404	52001.527	23309.229	42931.977	28257.277	0.28399843
2022-10-30	Germany	Omicron XBB	420.94772	1314.5634	131.73997	878.18	200.14615	624.8259	283.98734	0.00412781
2022-10-31	Germany	Omicron XBB	449.82452	1450.145	135.75	964.2038	209.11066	679.7155	299.30505	0.004309755
2022-11-01	Germany	Omicron XBB	481.9613	1607.7751	139.34781	1057.0876	218.92891	734.18005	317.49057	0.004479841
2022-11-02	Germany	Omicron XBB	516.7438	1775.3922	142.70284	1158.6729	228.54219	796.30206	335.41412	0.004659865
2022-11-03	Germany	Omicron XBB	551.3374	1960.2811	146.91518	1268.8773	238.70021	858.7501	354.1352	0.0048415763
2022-11-04	Germany	Omicron XBB	591.2764	2168.9023	152.94897	1391.2046	249.44351	930.1515	374.07416	0.005019592
2022-11-05	Germany	Omicron XBB	634.5282	2403.9207	157.09853	1524.2753	260.65668	1004.65344	395.05383	0.0051963096
2022-10-30	Germany	other	203.87903	351.5799	118.10787	292.7672	142.52977	245.0962	167.99034	0.0019884151
2022-10-31	Germany	other	204.86223	356.34845	116.55459	295.37228	141.72029	246.96204	167.56036	0.0019391597
2022-11-01	Germany	other	204.71948	363.96133	114.38951	298.52908	140.53603	249.0598	167.0444	0.0018880153
2022-11-02	Germany	other	205.1947	369.3371	113.34911	302.05652	139.21812	250.80286	166.27167	0.0018364139
2022-11-03	Germany	other	205.76727	376.03543	112.09956	305.65594	138.433	252.48883	166.03966	0.0017846875
2022-11-04	Germany	other	205.95908	384.2517	110.32784	309.63376	137.34193	254.47864	165.75288	0.0017320665
2022-11-05	Germany	other	206.66547	392.50916	108.88438	313.53107	136.45345	257.222	165.34239	0.0016786848
2022-10-30	India	Omicron 21L	0.035178997	0.06447902	0.019590573	0.051655468	0.02426108	0.04292634	0.0287301	2.6719295e-05
2022-10-31	India	Omicron 21L	0.0290423	0.054343548	0.015902262	0.04318801	0.01987051	0.035685085	0.023567103	2.265823e-05
2022-11-01	India	Omicron 21L	0.023933671	0.04566936	0.012923162	0.036118414	0.016186822	0.02964101	0.019334758	1.9187548e-05
2022-11-02	India	Omicron 21L	0.019715656	0.038442973	0.010472017	0.030100735	0.013229246	0.024617376	0.015872382	1.6224172e-05
2022-11-03	India	Omicron 21L	0.016296785	0.032250024	0.008438595	0.025165197	0.01081378	0.020490665	0.013028484	1.3719233e-05
2022-11-04	India	Omicron 21L	0.013421704	0.02731083	0.0067731924	0.02110042	0.008858076	0.017038427	0.010667966	1.1587941e-05
2022-11-05	India	Omicron 21L	0.011069762	0.022871109	0.005506669	0.017637728	0.0072314395	0.014155197	0.008745998	9.79844e-06
2022-10-30	India	Omicron 22A	0.00087357813	0.004009401	0.0001907944	0.0024421967	0.00032214317	0.0015326511	0.0005221509	6.5599835e-07
2022-10-31	India	Omicron 22A	0.00072408456	0.0033391078	0.00015542313	0.0020436519	0.00026432204	0.0012804971	0.00042927352	5.568198e-07
2022-11-01	India	Omicron 22A	0.0005980721	0.0027990972	0.0001270986	0.0017119702	0.00021571844	0.0010652627	0.00035303758	4.7351432e-07
2022-11-02	India	Omicron 22A	0.0004951608	0.0023628457	0.00010359956	0.0014290647	0.00017540214	0.0008864978	0.0002913949	4.0217665e-07
2022-11-03	India	Omicron 22A	0.0004088022	0.0019936434	8.464258e-05	0.0011923504	0.00014375149	0.0007366822	0.00024100656	3.4167402e-07
2022-11-04	India	Omicron 22A	0.0003383024	0.0016968352	6.868177e-05	0.0009980204	0.00011779119	0.00061435223	0.00019763928	2.898051e-07
2022-11-05	India	Omicron 22A	0.00027983508	0.001432155	5.5775632e-05	0.00083849975	9.61164e-05	0.00051068893	0.00016217922	2.459663e-07
2022-10-30	India	Omicron 22B	0.6829984	1.1286943	0.4081957	0.96177936	0.48650396	0.8143526	0.570313	0.00051766227
2022-10-31	India	Omicron 22B	0.58118236	0.9770173	0.3428317	0.8295704	0.40913463	0.6981639	0.48249686	0.0004530953
2022-11-01	India	Omicron 22B	0.49542153	0.8494578	0.2867656	0.7167893	0.34610215	0.59725106	0.40844598	0.00039620948
2022-11-02	India	Omicron 22B	0.42178416	0.7347352	0.23884262	0.61738354	0.29193828	0.5124039	0.3457929	0.00034654437
2022-11-03	India	Omicron 22B	0.35899568	0.64129454	0.20047949	0.53186136	0.24600676	0.439765	0.29271337	0.0003026747
2022-11-04	India	Omicron 22B	0.30638814	0.5573531	0.16691183	0.46043432	0.20769234	0.3777758	0.24776451	0.0002643341
2022-11-05	India	Omicron 22B	0.2614215	0.48414525	0.13981451	0.39828727	0.17436679	0.32428148	0.2094882	0.00023099573
2022-10-30	India	Omicron 22C	1.1177851e-06	1.3176671e-05	8.522618e-08	5.486427e-06	2.0800621e-07	2.568784e-06	4.7172e-07	8.4183016e-10
2022-10-31	India	Omicron 22C	8.8373434e-07	1.0740201e-05	6.45454e-08	4.3877103e-06	1.6261309e-07	2.0339019e-06	3.6765908e-07	6.819284e-10
2022-11-01	India	Omicron 22C	6.950311e-07	8.75602e-06	4.933161e-08	3.4941243e-06	1.264187e-07	1.6151574e-06	2.8772956e-07	5.506579e-10
2022-11-02	India	Omicron 22C	5.4591845e-07	7.017779e-06	3.7818378e-08	2.7895203e-06	9.9056805e-08	1.2801117e-06	2.2386382e-07	4.4434093e-10
2022-11-03	India	Omicron 22C	4.2920504e-07	5.6529643e-06	2.9280491e-08	2.2387449e-06	7.698003e-08	1.0149228e-06	1.7487247e-07	3.5805064e-10
2022-11-04	India	Omicron 22C	3.3779088e-07	4.5864604e-06	2.2631992e-08	1.794599e-06	6.010721e-08	8.1049484e-07	1.3712085e-07	2.8901678e-10
2022-11-05	India	Omicron 22C	2.6652066e-07	3.6913113e-06	1.7638962e-08	1.4431307e-06	4.6757297e-08	6.4519736e-07	1.0772395e-07	2.331053e-10
2022-10-30	India	Omicron 22D	69.802345	107.142	45.553265	91.643135	53.004932	80.25967	60.28577	0.052883767
2022-10-31	India	Omicron 22D	62.002693	96.48756	39.64293	82.32595	46.5812	71.74643	53.05909	0.04818604
2022-11-01	India	Omicron 22D	54.954376	87.45013	34.241623	74.2663	40.82393	64.07649	46.724808	0.04389142
2022-11-02	India	Omicron 22D	48.70336	79.382324	29.851532	67.087845	35.555656	57.313526	41.09047	0.03991856
2022-11-03	India	Omicron 22D	43.239216	72.335434	25.901186	60.326744	31.03571	51.286205	36.285988	0.036309034
2022-11-04	India	Omicron 22D	38.334328	66.053955	22.437708	54.425816	27.11068	45.850105	31.914871	0.03299065
2022-11-05	India	Omicron 22D	33.977657	60.09479	19.538998	49.224457	23.62492	40.993507	28.09116	0.029964268
2022-10-30	India	Omicron BA.2.75.2	88.333916	134.74623	56.465794	117.45533	65.79332	102.39735	75.125084	0.06672328
2022-10-31	India	Omicron BA.2.75.2	81.20119	126.6008	51.05535	109.34298	59.715435	94.75408	68.73743	0.06302743
2022-11-01	India	Omicron BA.2.75.2	74.54941	119.69301	45.820694	102.0346	54.316616	87.549255	62.739403	0.059482127
2022-11-02	India	Omicron BA.2.75.2	68.422676	112.124985	41.370945	95.0305	49.252613	81.44523	57.264297	0.05614601
2022-11-03	India	Omicron BA.2.75.2	63.074135	105.48973	37.29748	88.64228	44.644978	75.52262	52.36702	0.05294858
2022-11-04	India	Omicron BA.2.75.2	58.04994	99.14979	33.522423	82.83399	40.43993	70.08321	47.82614	0.049950775
2022-11-05	India	Omicron BA.2.75.2	53.29361	93.97697	30.137794	77.23617	36.687973	64.92029	43.61878	0.047083378
2022-10-30	India	Omicron BQ.1	0.38374835	21.471006	0.012500942	5.218534	0.035114482	1.4332922	0.105887584	0.0002912817
2022-10-31	India	Omicron BQ.1	0.3219334	21.085333	0.008874291	4.793131	0.026484655	1.2558964	0.08347331	0.00025052563
2022-11-01	India	Omicron BQ.1	0.26810557	20.842535	0.006447385	4.412376	0.019815639	1.1158936	0.065816976	0.00021417116
2022-11-02	India	Omicron BQ.1	0.22302929	20.598097	0.004735857	4.112144	0.015035139	0.9870001	0.05302813	0.00018224618
2022-11-03	India	Omicron BQ.1	0.1853506	20.131538	0.0033682382	3.756928	0.01139646	0.8643017	0.042025767	0.00015607639
2022-11-04	India	Omicron BQ.1	0.15416946	19.369205	0.0024809567	3.5031006	0.0085717775	0.76681274	0.03289482	0.00013323319
2022-11-05	India	Omicron BQ.1	0.12852015	18.818243	0.0018026903	3.2004783	0.006578671	0.68279374	0.026053451	0.000113444185
2022-10-30	India	Omicron XBB	1157.0582	1375.3176	968.73834	1293.4675	1032.3768	1228.8949	1089.1537	0.8767555
2022-10-31	India	Omicron XBB	1136.3323	1385.544	936.6063	1289.8558	1002.7285	1216.2554	1062.1101	0.88530946
2022-11-01	India	Omicron XBB	1117.8337	1392.56	906.06274	1287.0298	971.51746	1204.0552	1036.0342	0.8933208
2022-11-02	India	Omicron XBB	1100.563	1397.0339	874.4537	1281.2734	942.73694	1192.1805	1011.0742	0.90081596
2022-11-03	India	Omicron XBB	1082.0664	1407.419	838.8524	1279.7107	914.56433	1181.6466	985.1605	0.90778935
2022-11-04	India	Omicron XBB	1064.428	1419.928	807.24915	1277.8782	883.3794	1170.1366	961.98865	0.9143703
2022-11-05	India	Omicron XBB	1047.8489	1442.2767	774.49274	1276.521	854.13367	1160.9298	938.79016	0.9204745
2022-10-30	India	other	0.39913782	0.8945275	0.17876492	0.6864421	0.22873895	0.53127193	0.2991749	0.0003040404
2022-10-31	India	other	0.35125566	0.8043097	0.15553252	0.61490816	0.19992407	0.47034663	0.2620793	0.00027480832
2022-11-01	India	other	0.30875456	0.72172165	0.13472784	0.54661065	0.1743049	0.41746476	0.2292577	0.00024845888
2022-11-02	India	other	0.27191	0.64518654	0.11679374	0.48811483	0.15226011	0.3691628	0.20064218	0.00022447691
2022-11-03	India	other	0.23822783	0.5784634	0.100870766	0.4359055	0.13290529	0.32629073	0.1756515	0.00020275787
2022-11-04	India	other	0.21080172	0.51941735	0.087095186	0.38763508	0.11560489	0.2890789	0.15345822	0.0001831864
2022-11-05	India	other	0.18624148	0.46726516	0.07513553	0.34669793	0.100884266	0.25630188	0.13391854	0.00016531059
2022-10-30	Israel	Omicron 21L	1.2265278	2.832947	0.5168753	2.1238961	0.69130164	1.6449504	0.91402406	0.0014187975
2022-10-31	Israel	Omicron 21L	1.1961939	2.8112295	0.49688143	2.1050131	0.66720307	1.6158185	0.88618964	0.0013426447
2022-11-01	Israel	Omicron 21L	1.1690593	2.7944665	0.47735906	2.0866106	0.64099884	1.5883857	0.856406	0.0012683221
2022-11-02	Israel	Omicron 21L	1.1402526	2.7838683	0.46147716	2.0627506	0.6180333	1.559805	0.82906747	0.0011979102
2022-11-03	Israel	Omicron 21L	1.1140118	2.7783015	0.44310218	2.034748	0.5957917	1.5348377	0.8052879	0.001127045
2022-11-04	Israel	Omicron 21L	1.0877064	2.7741551	0.4264831	2.016918	0.5743023	1.5075217	0.7776415	0.0010593908
2022-11-05	Israel	Omicron 21L	1.062866	2.7786853	0.4091202	1.9921677	0.5529573	1.4854671	0.75467765	0.0009929594
2022-10-30	Israel	Omicron 22A	6.094839	8.417089	4.439505	7.537583	4.9438663	6.8545055	5.4698644	0.007080084
2022-10-31	Israel	Omicron 22A	5.877613	8.292095	4.2217207	7.362054	4.7208066	6.652632	5.2475233	0.0066317813
2022-11-01	Israel	Omicron 22A	5.6687126	8.171426	3.9949794	7.1900063	4.5054536	6.4454575	5.011221	0.0061951745
2022-11-02	Israel	Omicron 22A	5.4625554	8.035587	3.7827284	7.0302534	4.301079	6.2534695	4.807689	0.0057809763
2022-11-03	Israel	Omicron 22A	5.2760773	7.9299006	3.5777962	6.8763103	4.102512	6.078528	4.605583	0.0053808335
2022-11-04	Israel	Omicron 22A	5.095722	7.8554416	3.3708546	6.731799	3.9055142	5.9063544	4.41273	0.004996503
2022-11-05	Israel	Omicron 22A	4.9189253	7.7822742	3.1780145	6.56535	3.7064488	5.7389174	4.2222805	0.004634407
2022-10-30	Israel	Omicron 22B	392.9789	499.00336	308.63266	461.15176	336.62897	427.53384	361.84387	0.4565714
2022-10-31	Israel	Omicron 22B	386.70535	502.33957	297.08127	460.89856	326.2938	425.02728	352.70093	0.4362242
2022-11-01	Israel	Omicron 22B	380.95862	507.83484	286.23935	460.36658	316.53937	422.307	344.33038	0.41597533
2022-11-02	Israel	Omicron 22B	375.3629	512.5391	275.34772	459.3945	307.0759	419.61853	336.49615	0.3959111
2022-11-03	Israel	Omicron 22B	370.32202	516.3914	265.86807	459.57486	297.42645	416.48425	328.9297	0.3760057
2022-11-04	Israel	Omicron 22B	364.90118	521.7678	256.22278	460.84802	287.86343	413.01743	320.5535	0.3564813
2022-11-05	Israel	Omicron 22B	359.24533	526.6724	246.17192	460.3786	278.49457	410.45428	312.65146	0.33715785
2022-10-30	Israel	Omicron 22C	0.0032979723	0.006861309	0.001590883	0.0053563225	0.0020138735	0.0042326134	0.0025689749	3.844049e-06
2022-10-31	Israel	Omicron 22C	0.0030202004	0.006398016	0.0014564213	0.0049556424	0.0018401336	0.0039047203	0.0023434015	3.4222912e-06
2022-11-01	Israel	Omicron 22C	0.002773136	0.005984262	0.0013172898	0.004568433	0.0016867891	0.0035999145	0.0021389984	3.0380306e-06
2022-11-02	Israel	Omicron 22C	0.0025405022	0.00556902	0.0012032569	0.0042141816	0.0015343651	0.0033220577	0.0019513345	2.694987e-06
2022-11-03	Israel	Omicron 22C	0.0023276682	0.0051838574	0.0010913362	0.003900137	0.001390063	0.0030639532	0.0017840043	2.3800999e-06
2022-11-04	Israel	Omicron 22C	0.0021318712	0.004863299	0.0009863109	0.0035975447	0.0012668225	0.002824606	0.00162912	2.1055953e-06
2022-11-05	Israel	Omicron 22C	0.0019560074	0.0045294273	0.0008938117	0.0033446006	0.0011502659	0.0026024824	0.0014825867	1.8538467e-06
2022-10-30	Israel	Omicron 22D	57.68595	81.16647	40.782578	73.11981	45.88218	65.231834	51.172382	0.06704434
2022-10-31	Israel	Omicron 22D	59.040375	84.457825	41.15917	75.97077	46.467903	67.483505	52.1551	0.06676298
2022-11-01	Israel	Omicron 22D	60.543312	88.27507	41.12587	78.95692	47.03432	69.72047	53.019146	0.06640005
2022-11-02	Israel	Omicron 22D	62.080193	92.65268	41.296753	82.122345	47.58491	72.1111	54.096157	0.0659222
2022-11-03	Israel	Omicron 22D	63.65695	97.403046	41.612316	85.47336	48.121754	74.594986	55.041878	0.065221265
2022-11-04	Israel	Omicron 22D	65.41104	102.50879	41.973785	88.96279	48.665176	77.199814	55.97541	0.06444296
2022-11-05	Israel	Omicron 22D	67.17967	107.48681	42.16235	92.645584	49.089985	80.14217	56.98212	0.06355152
2022-10-30	Israel	Omicron BA.2.75.2	8.661682	17.755009	4.2476788	13.86943	5.331802	11.188581	6.772787	0.010077972
2022-10-31	Israel	Omicron BA.2.75.2	8.78963	18.279383	4.215449	14.296226	5.359177	11.4351425	6.8319664	0.009910338
2022-11-01	Israel	Omicron BA.2.75.2	8.931309	18.97717	4.156144	14.679537	5.3869486	11.671052	6.8835316	0.0097365845
2022-11-02	Israel	Omicron BA.2.75.2	9.074432	19.66553	4.109272	15.095618	5.3887286	11.930103	6.9383683	0.009542303
2022-11-03	Israel	Omicron BA.2.75.2	9.204032	20.417593	4.053528	15.586173	5.3464074	12.204733	6.9882717	0.009324301
2022-11-04	Israel	Omicron BA.2.75.2	9.37018	21.065306	4.01938	15.997101	5.320625	12.496935	7.0458107	0.009101599
2022-11-05	Israel	Omicron BA.2.75.2	9.495787	22.124584	3.9996362	16.460476	5.329243	12.7607	7.0769305	0.008880777
2022-10-30	Israel	Omicron BQ.1	362.3997	497.87698	265.21216	445.40314	295.64844	403.53125	324.72308	0.42208666
2022-10-31	Israel	Omicron BQ.1	390.64166	547.5945	280.1907	486.63126	314.78738	439.05328	347.89923	0.44189486
2022-11-01	Israel	Omicron BQ.1	421.6242	603.15436	295.65967	532.423	334.87347	478.30316	372.64902	0.461589
2022-11-02	Israel	Omicron BQ.1	454.76422	666.09424	313.52176	582.6654	355.8569	520.07526	399.1129	0.4814091
2022-11-03	Israel	Omicron BQ.1	491.1501	734.1741	331.55692	638.9195	378.05276	565.8302	426.54297	0.5010795
2022-11-04	Israel	Omicron BQ.1	530.2394	813.8823	347.18585	701.4982	401.55978	615.6351	455.13257	0.5203613
2022-11-05	Israel	Omicron BQ.1	572.23706	900.1951	364.71127	769.1673	426.134	668.6186	487.2602	0.53965044
2022-10-30	Israel	Omicron XBB	25.781464	70.34746	9.622748	50.317642	13.525728	36.592518	18.56522	0.030109279
2022-10-31	Israel	Omicron XBB	27.599537	78.38164	9.964885	54.963104	14.173714	39.5589	19.69982	0.03127769
2022-11-01	Israel	Omicron XBB	29.545082	87.71952	10.254782	59.89445	14.897338	42.716232	20.784256	0.032429077
2022-11-02	Israel	Omicron XBB	31.64087	97.23165	10.545074	65.6007	15.630553	46.289158	21.97976	0.03359454
2022-11-03	Israel	Omicron XBB	33.889736	107.56221	10.917116	72.27658	16.30453	50.017204	23.255272	0.03460399
2022-11-04	Israel	Omicron XBB	36.225	119.16438	11.205922	79.45566	17.048847	54.31218	24.565685	0.035603277
2022-11-05	Israel	Omicron XBB	38.691833	133.06056	11.48604	87.38811	17.772636	58.872673	25.9372	0.036653955
2022-10-30	Israel	other	0.29018372	0.6414604	0.13439845	0.48784336	0.17076674	0.38734403	0.21974866	0.00033632893
2022-10-31	Israel	other	0.2812118	0.62931114	0.12868348	0.47802407	0.16504177	0.37748235	0.21212214	0.00031683955
2022-11-01	Israel	other	0.27213684	0.61943513	0.122558236	0.46771967	0.15915857	0.36860955	0.20465764	0.00029773876
2022-11-02	Israel	other	0.2644959	0.60902435	0.11706334	0.4593607	0.15296985	0.3570441	0.19776271	0.0002789019
2022-11-03	Israel	other	0.256581	0.5991635	0.11211343	0.45169538	0.14676641	0.34886456	0.19111778	0.00026082766
2022-11-04	Israel	other	0.2487732	0.5920928	0.10699023	0.44376877	0.14085177	0.34011644	0.18513934	0.00024340802
2022-11-05	Israel	other	0.24116164	0.58280426	0.101330645	0.43583864	0.13453786	0.3332882	0.17844817	0.0002271895
2022-10-30	Netherlands	Omicron 21L	0.29202807	0.6977572	0.123698324	0.53067744	0.16310407	0.39377475	0.21505235	8.9175664e-05
2022-10-31	Netherlands	Omicron 21L	0.27986747	0.67850167	0.116050586	0.5117536	0.15424536	0.38075018	0.20433423	8.302866e-05
2022-11-01	Netherlands	Omicron 21L	0.26795247	0.65923476	0.10977059	0.4943678	0.14709847	0.36804578	0.19436596	7.7305376e-05
2022-11-02	Netherlands	Omicron 21L	0.25608477	0.63969153	0.10325719	0.47747323	0.13870262	0.35349676	0.18480663	7.1822134e-05
2022-11-03	Netherlands	Omicron 21L	0.24520677	0.6258803	0.096607156	0.4652061	0.13120806	0.3418857	0.17582738	6.6818495e-05
2022-11-04	Netherlands	Omicron 21L	0.23455098	0.611228	0.09022873	0.44923997	0.12444856	0.3303117	0.16682205	6.20287e-05
2022-11-05	Netherlands	Omicron 21L	0.22547051	0.59605014	0.08423954	0.4356128	0.118379615	0.31919497	0.1585709	5.7481426e-05
2022-10-30	Netherlands	Omicron 22A	148.3978	245.32202	89.31172	206.41672	106.719444	175.87015	124.635635	0.045543127
2022-10-31	Netherlands	Omicron 22A	149.17807	252.69911	88.11014	210.5286	105.91214	178.31712	124.30272	0.044531036
2022-11-01	Netherlands	Omicron 22A	149.9975	260.92593	86.757545	214.51202	105.1743	180.9996	123.89163	0.04348705
2022-11-02	Netherlands	Omicron 22A	150.64322	268.62698	85.31082	218.49686	104.42277	183.78442	123.69364	0.04245609
2022-11-03	Netherlands	Omicron 22A	151.42648	275.66473	84.022415	223.10176	103.234795	186.02133	123.30406	0.041397154
2022-11-04	Netherlands	Omicron 22A	152.33263	284.07693	82.31713	227.6134	102.22226	188.68004	122.76816	0.040325943
2022-11-05	Netherlands	Omicron 22A	152.95392	293.0489	80.42926	232.81337	101.30621	191.06699	122.4048	0.03924662
2022-10-30	Netherlands	Omicron 22B	2025.1266	3243.9214	1284.5778	2743.265	1496.3528	2363.234	1722.0356	0.6202719
2022-10-31	Netherlands	Omicron 22B	2034.6052	3327.538	1259.45	2800.8257	1482.8953	2391.29	1714.8074	0.6065252
2022-11-01	Netherlands	Omicron 22B	2043.7153	3415.3623	1241.6199	2867.99	1464.9698	2420.4019	1707.45	0.592597
2022-11-02	Netherlands	Omicron 22B	2052.7014	3490.0408	1215.7572	2913.3357	1447.7031	2447.6416	1701.0945	0.57815975
2022-11-03	Netherlands	Omicron 22B	2062.1582	3574.834	1191.5315	2969.451	1428.5876	2476.114	1693.5791	0.56363165
2022-11-04	Netherlands	Omicron 22B	2073.6782	3690.397	1165.5674	3029.7312	1413.2384	2509.5024	1684.6377	0.54916805
2022-11-05	Netherlands	Omicron 22B	2083.0044	3816.2505	1143.8591	3095.815	1397.3439	2542.6912	1680.1735	0.53431356
2022-10-30	Netherlands	Omicron 22C	0.0738254	0.22850859	0.02410821	0.15380691	0.035856273	0.10675975	0.049701825	2.2256261e-05
2022-10-31	Netherlands	Omicron 22C	0.07026836	0.22287376	0.022640971	0.14751504	0.03371208	0.1020762	0.047330346	2.0626867e-05
2022-11-01	Netherlands	Omicron 22C	0.06681509	0.21615869	0.021339359	0.14189214	0.032010403	0.09794741	0.044862002	1.9101906e-05
2022-11-02	Netherlands	Omicron 22C	0.06376882	0.2085751	0.019867534	0.1363069	0.030087981	0.09375653	0.042561878	1.7630673e-05
2022-11-03	Netherlands	Omicron 22C	0.060791302	0.2012502	0.018392028	0.13074452	0.02841605	0.08972344	0.04021509	1.6294507e-05
2022-11-04	Netherlands	Omicron 22C	0.057762824	0.19582607	0.017188245	0.12667023	0.026759012	0.085933894	0.038299896	1.503639e-05
2022-11-05	Netherlands	Omicron 22C	0.055026367	0.18873027	0.015973115	0.122435585	0.025068652	0.082726814	0.036304433	1.3883674e-05
2022-10-30	Netherlands	Omicron 22D	123.35104	237.58409	65.31607	190.27246	80.78343	154.28596	98.71748	0.038062207
2022-10-31	Netherlands	Omicron 22D	128.54669	251.5158	66.455765	200.42696	83.01399	161.80939	101.99745	0.038566254
2022-11-01	Netherlands	Omicron 22D	134.18253	266.86063	67.5737	212.0191	85.26328	170.46234	105.130226	0.039009638
2022-11-02	Netherlands	Omicron 22D	139.81676	285.25583	69.10146	224.63655	87.493546	178.86497	108.64721	0.039476655
2022-11-03	Netherlands	Omicron 22D	145.72638	303.2596	69.81501	238.25467	89.78828	187.71873	112.17346	0.03987013
2022-11-04	Netherlands	Omicron 22D	152.09634	324.6025	70.75736	252.48932	92.06428	197.30154	115.73798	0.040292256
2022-11-05	Netherlands	Omicron 22D	158.55984	346.0562	71.99659	267.64502	94.345634	207.39981	119.829285	0.040643416
2022-10-30	Netherlands	Omicron BA.2.75.2	21.120497	56.417545	7.9675035	40.037785	11.300818	29.460876	15.362688	0.006553334
2022-10-31	Netherlands	Omicron BA.2.75.2	21.602673	58.52014	7.9081497	41.781246	11.394536	30.357092	15.589806	0.006525366
2022-11-01	Netherlands	Omicron BA.2.75.2	22.096798	60.65624	8.007617	43.32947	11.443577	31.404522	15.859983	0.006495648
2022-11-02	Netherlands	Omicron BA.2.75.2	22.726522	63.32151	8.007695	45.20282	11.5694685	32.341618	16.075361	0.0064631896
2022-11-03	Netherlands	Omicron BA.2.75.2	23.279987	66.3291	7.9545794	47.028877	11.626389	33.37176	16.381405	0.0064043794
2022-11-04	Netherlands	Omicron BA.2.75.2	23.857662	69.45251	7.9629416	48.94638	11.677273	34.406315	16.581888	0.006368092
2022-11-05	Netherlands	Omicron BA.2.75.2	24.449322	72.80649	7.958979	51.27193	11.744843	35.610508	16.825785	0.0063099517
2022-10-30	Netherlands	Omicron BQ.1	850.0242	1491.3022	482.8354	1215.8519	580.55286	1034.8258	697.83484	0.26000842
2022-10-31	Netherlands	Omicron BQ.1	912.7231	1640.6332	503.96954	1322.6768	615.19147	1120.0618	743.949	0.27203095
2022-11-01	Netherlands	Omicron BQ.1	979.0233	1802.4631	526.98126	1443.7563	650.70917	1215.6052	792.2717	0.28434062
2022-11-02	Netherlands	Omicron BQ.1	1053.5884	1992.4408	552.5098	1576.7861	688.13983	1318.2839	844.33276	0.29673386
2022-11-03	Netherlands	Omicron BQ.1	1132.1482	2179.1245	577.7743	1719.6199	728.65283	1430.1991	899.53235	0.3094205
2022-11-04	Netherlands	Omicron BQ.1	1218.7455	2410.7588	604.0679	1884.8912	770.5241	1551.3181	958.0082	0.32228822
2022-11-05	Netherlands	Omicron BQ.1	1311.3217	2649.4248	635.6077	2058.0342	814.70526	1682.7346	1023.6824	0.3356362
2022-10-30	Netherlands	Omicron XBB	48.975525	389.7885	6.320913	182.02821	12.578456	98.81778	23.463024	0.015030125
2022-10-31	Netherlands	Omicron XBB	53.142605	448.2593	6.3886533	207.78142	13.090968	110.3691	24.823963	0.015968058
2022-11-01	Netherlands	Omicron XBB	58.11062	520.8831	6.4616785	237.46616	13.577663	123.231026	26.34354	0.016974173
2022-11-02	Netherlands	Omicron XBB	63.46504	619.24396	6.5842896	271.24457	14.1374655	137.77069	28.02447	0.017988006
2022-11-03	Netherlands	Omicron XBB	68.98217	728.85614	6.7720194	311.63037	14.7704	154.40053	29.968689	0.019064147
2022-11-04	Netherlands	Omicron XBB	75.480286	863.02905	6.8685064	356.84436	15.249788	172.89398	31.933487	0.020207997
2022-11-05	Netherlands	Omicron XBB	82.31436	1005.5394	6.9603853	412.3712	15.843148	193.32889	33.98341	0.02132615
2022-10-30	Netherlands	other	7.5791893	17.107304	3.4452372	12.819542	4.551619	10.119095	5.743787	0.002326779
2022-10-31	Netherlands	other	7.6297746	17.60057	3.3984087	13.095842	4.5217986	10.206451	5.744458	0.0022764117
2022-11-01	Netherlands	other	7.674398	18.003126	3.3626032	13.411841	4.4913545	10.307525	5.746578	0.0022264668
2022-11-02	Netherlands	other	7.7433147	18.350935	3.306337	13.695728	4.459834	10.4710865	5.7501493	0.002174803
2022-11-03	Netherlands	other	7.814711	18.795862	3.2616465	14.029614	4.4328103	10.631369	5.729884	0.0021253282
2022-11-04	Netherlands	other	7.874409	19.494106	3.2113614	14.355604	4.4003377	10.782834	5.7189107	0.0020727012
2022-11-05	Netherlands	other	7.9272532	20.12607	3.14151	14.669291	4.3783855	10.9574795	5.7151766	0.0020174074
2022-10-30	Singapore	Omicron 21L	2.6474805	5.064654	1.3842304	4.0573196	1.7655158	3.3124294	2.1172585	0.00062170404
2022-10-31	Singapore	Omicron 21L	2.1037192	4.1545215	1.0702168	3.280113	1.3920721	2.6626172	1.6699533	0.000540811
2022-11-01	Singapore	Omicron 21L	1.6749758	3.3801444	0.83470595	2.6544154	1.09145	2.138164	1.3157194	0.000468954
2022-11-02	Singapore	Omicron 21L	1.3330799	2.7839193	0.64628667	2.1575174	0.8534908	1.7253759	1.0450846	0.00040717726
2022-11-03	Singapore	Omicron 21L	1.0634174	2.3008342	0.50145745	1.7495172	0.6708016	1.3880734	0.8270914	0.0003535449
2022-11-04	Singapore	Omicron 21L	0.8459135	1.8910216	0.3891928	1.4122314	0.5267174	1.1196092	0.65357953	0.00030664913
2022-11-05	Singapore	Omicron 21L	0.6730753	1.562955	0.30105132	1.1479723	0.41065842	0.9016477	0.5144383	0.00026588287
2022-10-30	Singapore	Omicron 22A	0.22688638	0.60623777	0.08316337	0.43443465	0.117521085	0.32413787	0.16298085	5.33958e-05
2022-10-31	Singapore	Omicron 22A	0.17985581	0.48749194	0.06455908	0.3476541	0.09226047	0.25752044	0.12764448	4.620001e-05
2022-11-01	Singapore	Omicron 22A	0.1427148	0.3951739	0.05019602	0.2793012	0.072726876	0.20561539	0.10068702	3.9962368e-05
2022-11-02	Singapore	Omicron 22A	0.11322053	0.32071167	0.039221637	0.22480276	0.056852143	0.16373461	0.07954403	3.455763e-05
2022-11-03	Singapore	Omicron 22A	0.08977912	0.25913814	0.030685121	0.18133414	0.044608343	0.13022065	0.06273377	2.9855957e-05
2022-11-04	Singapore	Omicron 22A	0.07131219	0.2123144	0.023964584	0.1460627	0.0350904	0.10432814	0.049383797	2.5788026e-05
2022-11-05	Singapore	Omicron 22A	0.05657689	0.17230701	0.01862297	0.1174691	0.027382795	0.08350392	0.038991652	2.2238579e-05
2022-10-30	Singapore	Omicron 22B	64.6635	110.826164	36.74116	91.74987	45.48658	77.67787	53.181995	0.015113113
2022-10-31	Singapore	Omicron 22B	52.459198	93.030876	29.045923	75.57653	36.43521	63.536716	42.781834	0.013397418
2022-11-01	Singapore	Omicron 22B	42.70058	77.92408	22.985758	62.235363	29.138254	52.067024	34.473564	0.01188323
2022-11-02	Singapore	Omicron 22B	34.77749	65.269165	18.238232	51.538574	23.292355	42.840572	27.711632	0.010530323
2022-11-03	Singapore	Omicron 22B	28.296581	54.56443	14.496602	42.76722	18.547327	35.0737	22.331642	0.009320293
2022-11-04	Singapore	Omicron 22B	23.038948	45.768314	11.472487	35.397694	14.80692	28.902872	18.010162	0.008240211
2022-11-05	Singapore	Omicron 22B	18.713955	38.380554	9.084576	29.34729	11.738136	23.795181	14.516173	0.0072900006
2022-10-30	Singapore	Omicron 22C	0.1591981	0.4498185	0.05523723	0.319525	0.08061009	0.2287364	0.113588	3.7392034e-05
2022-10-31	Singapore	Omicron 22C	0.12564388	0.36086297	0.042715985	0.25457814	0.063054025	0.18085957	0.08870998	3.2266507e-05
2022-11-01	Singapore	Omicron 22C	0.099351205	0.28946126	0.03336609	0.20441274	0.049390584	0.14348996	0.06956323	2.7789269e-05
2022-11-02	Singapore	Omicron 22C	0.07880304	0.2331217	0.025945447	0.16318607	0.038704097	0.11438696	0.054626998	2.3915632e-05
2022-11-03	Singapore	Omicron 22C	0.062289976	0.19047737	0.02014779	0.13105462	0.030266587	0.09143072	0.043051835	2.0609037e-05
2022-11-04	Singapore	Omicron 22C	0.0491364	0.15579452	0.01560718	0.105448216	0.023823347	0.0728168	0.03374877	1.773022e-05
2022-11-05	Singapore	Omicron 22C	0.03863062	0.12717916	0.012028541	0.084796906	0.018673912	0.05809431	0.02650664	1.5295536e-05
2022-10-30	Singapore	Omicron 22D	141.39548	235.77974	84.31634	198.7442	102.045876	168.16898	119.10797	0.03301292
2022-10-31	Singapore	Omicron 22D	118.41877	203.12794	69.01107	169.24063	83.876816	142.361	98.798454	0.030274052
2022-11-01	Singapore	Omicron 22D	99.37224	174.88573	56.31529	144.61299	69.19732	120.56851	82.129654	0.027673867
2022-11-02	Singapore	Omicron 22D	83.47212	151.42393	46.04924	123.82841	57.082928	102.33003	68.46059	0.025304627
2022-11-03	Singapore	Omicron 22D	70.13866	130.62383	37.840298	105.413734	46.980206	87.04707	56.885506	0.023118107
2022-11-04	Singapore	Omicron 22D	58.761375	112.06123	30.597412	90.67706	38.71031	74.06026	47.243114	0.021135438
2022-11-05	Singapore	Omicron 22D	49.34936	97.10309	25.187376	77.59176	31.669533	62.79834	39.25253	0.019297704
2022-10-30	Singapore	Omicron BA.2.75.2	18.314323	38.812965	8.460371	30.369997	10.907593	23.808962	13.894403	0.004259522
2022-10-31	Singapore	Omicron BA.2.75.2	15.286985	33.187366	6.883151	25.685486	8.973666	19.86911	11.426992	0.0038768346
2022-11-01	Singapore	Omicron BA.2.75.2	12.7640705	28.493319	5.581343	21.833126	7.384141	16.797596	9.465668	0.0035230373
2022-11-02	Singapore	Omicron BA.2.75.2	10.659319	24.286533	4.5360355	18.519451	6.067208	14.155302	7.824696	0.003195025
2022-11-03	Singapore	Omicron BA.2.75.2	8.898283	20.715399	3.6691427	15.721262	4.954793	11.899411	6.490342	0.0029018265
2022-11-04	Singapore	Omicron BA.2.75.2	7.447213	17.694723	3.0065005	13.321247	4.0715194	10.058987	5.358474	0.00263297
2022-11-05	Singapore	Omicron BA.2.75.2	6.2267714	15.193554	2.4128358	11.335573	3.3368824	8.481718	4.4383574	0.0023858654
2022-10-30	Singapore	Omicron BQ.1	84.94214	472.42017	15.797342	268.5797	27.767778	149.74615	46.66389	0.020071736
2022-10-31	Singapore	Omicron BQ.1	78.01684	463.40836	13.675826	256.90823	24.27829	140.05069	41.435513	0.019990217
2022-11-01	Singapore	Omicron BQ.1	71.76274	457.7926	11.863645	247.0573	21.25729	131.3288	37.143463	0.020009764
2022-11-02	Singapore	Omicron BQ.1	66.043045	451.26474	10.214788	236.23346	18.74174	123.9801	33.143715	0.019975122
2022-11-03	Singapore	Omicron BQ.1	60.68476	444.54364	8.697703	226.35509	16.499731	115.76554	29.522907	0.020025186
2022-11-04	Singapore	Omicron BQ.1	55.830215	436.10468	7.459879	216.98201	14.527345	108.52473	26.519169	0.02006944
2022-11-05	Singapore	Omicron BQ.1	51.044792	431.29272	6.347415	206.8605	12.8318815	101.13187	23.643414	0.02008156
2022-10-30	Singapore	Omicron XBB	3910.4463	4869.8926	3148.6968	4519.317	3403.3442	4218.49	3619.038	0.9222605
2022-10-31	Singapore	Omicron XBB	3598.1143	4642.5054	2805.4878	4252.599	3065.3655	3925.757	3295.9878	0.9276058
2022-11-01	Singapore	Omicron XBB	3314.6245	4416.475	2505.4773	3998.6318	2764.508	3654.28	2999.2314	0.9320357
2022-11-02	Singapore	Omicron XBB	3062.0583	4214.831	2247.0647	3758.403	2492.973	3408.246	2739.1113	0.9361793
2022-11-03	Singapore	Omicron XBB	2819.8228	4011.2651	2010.4172	3546.581	2246.7334	3173.649	2496.641	0.9403436
2022-11-04	Singapore	Omicron XBB	2598.913	3833.2532	1798.0939	3343.5623	2028.1643	2960.04	2278.3782	0.9436394
2022-11-05	Singapore	Omicron XBB	2392.3132	3664.8118	1608.1702	3146.5674	1825.8297	2760.9172	2077.3298	0.9471235
2022-10-30	Singapore	other	1.8928034	5.217567	0.7355407	3.7281377	0.9836999	2.750515	1.3754888	0.00044764424
2022-10-31	Singapore	other	1.576958	4.4510694	0.59672844	3.125257	0.8105959	2.3036041	1.1327978	0.00040535012
2022-11-01	Singapore	other	1.3148699	3.8031323	0.48026	2.6484308	0.66708404	1.9268528	0.93680143	0.0003679754
2022-11-02	Singapore	other	1.0994267	3.2721894	0.3930739	2.241773	0.5514535	1.6197157	0.77381766	0.0003345568
2022-11-03	Singapore	other	0.9189524	2.7970815	0.32402822	1.8890915	0.4560902	1.3565559	0.64257795	0.00030380161
2022-11-04	Singapore	other	0.7650765	2.3904793	0.2645308	1.6006426	0.3736441	1.1408976	0.5307514	0.00027576732
2022-11-05	Singapore	other	0.6365169	2.0334342	0.21556684	1.3610815	0.30849588	0.9617897	0.43890318	0.00024993732
2022-10-30	United Kingdom	Omicron 21L	2.3325644	4.4916263	1.212304	3.5473018	1.552479	2.9221697	1.8637724	0.00044087745
2022-10-31	United Kingdom	Omicron 21L	2.1302547	4.1893554	1.0866432	3.2739522	1.4047601	2.693106	1.6871393	0.00041231065
2022-11-01	United Kingdom	Omicron 21L	1.9467902	3.9152021	0.9760393	3.036556	1.2674696	2.469095	1.5290406	0.00038524275
2022-11-02	United Kingdom	Omicron 21L	1.7809293	3.6408095	0.8753614	2.8203084	1.1432492	2.2724483	1.388953	0.00035938347
2022-11-03	United Kingdom	Omicron 21L	1.6266406	3.398047	0.7810122	2.6137269	1.0277452	2.0914464	1.2592316	0.0003349004
2022-11-04	United Kingdom	Omicron 21L	1.4852717	3.1651337	0.69304657	2.4279432	0.9248688	1.9278942	1.1412506	0.00031175266
2022-11-05	United Kingdom	Omicron 21L	1.356825	2.965856	0.6164365	2.2549543	0.8292229	1.7740998	1.0349368	0.00028921216
2022-10-30	United Kingdom	Omicron 22A	115.924614	149.19366	89.06528	137.5094	97.91278	126.116455	105.65839	0.021901328
2022-10-31	United Kingdom	Omicron 22A	106.94415	140.97858	79.95789	129.01155	88.881165	117.57448	96.57902	0.020707686
2022-11-01	United Kingdom	Omicron 22A	98.50183	133.80734	71.59615	121.24003	80.671936	109.30353	88.36185	0.019544039
2022-11-02	United Kingdom	Omicron 22A	90.5677	126.482506	64.27799	113.565926	73.232475	101.8674	80.88671	0.01842446
2022-11-03	United Kingdom	Omicron 22A	83.46932	119.88035	57.853195	106.692894	66.29304	94.89216	73.785645	0.017340146
2022-11-04	United Kingdom	Omicron 22A	76.979904	114.093735	51.911076	100.28113	59.832504	88.38247	67.28596	0.016283775
2022-11-05	United Kingdom	Omicron 22A	70.907394	108.18248	46.472237	94.32567	54.227726	82.3823	61.434814	0.015278218
2022-10-30	United Kingdom	Omicron 22B	2025.5759	2520.235	1639.007	2342.285	1752.7129	2183.0828	1879.7788	0.3843754
2022-10-31	United Kingdom	Omicron 22B	1886.7273	2405.3718	1483.6187	2224.7769	1604.163	2053.2268	1733.9863	0.3668048
2022-11-01	United Kingdom	Omicron 22B	1758.2622	2300.91	1343.0348	2115.408	1468.4128	1930.1356	1597.4485	0.34953704
2022-11-02	United Kingdom	Omicron 22B	1635.8229	2202.0706	1214.2809	2006.1329	1345.845	1816.3926	1471.8943	0.33261204
2022-11-03	United Kingdom	Omicron 22B	1525.8906	2112.02	1098.64	1901.3961	1231.0109	1709.0122	1357.1105	0.31593168
2022-11-04	United Kingdom	Omicron 22B	1419.3914	2026.94	993.20764	1808.407	1124.1095	1608.8416	1250.1212	0.29963693
2022-11-05	United Kingdom	Omicron 22B	1320.8584	1943.2603	895.5648	1721.7128	1027.5195	1513.39	1151.0282	0.28378862
2022-10-30	United Kingdom	Omicron 22C	0.03484744	0.06023347	0.02050741	0.04898945	0.02476209	0.041913442	0.029157469	6.598485e-06
2022-10-31	United Kingdom	Omicron 22C	0.030364413	0.053226408	0.017634457	0.043284338	0.021380423	0.03693264	0.025307117	5.9068216e-06
2022-11-01	United Kingdom	Omicron 22C	0.026546065	0.04732474	0.01519485	0.03827864	0.018467883	0.03249514	0.021966936	5.287388e-06
2022-11-02	United Kingdom	Omicron 22C	0.023275234	0.0420291	0.013019487	0.033962432	0.01594593	0.02861268	0.019088462	4.7213716e-06
2022-11-03	United Kingdom	Omicron 22C	0.020367805	0.03751572	0.011187914	0.030101469	0.0137904575	0.025132786	0.016582113	4.208813e-06
2022-11-04	United Kingdom	Omicron 22C	0.017851757	0.03340812	0.009623942	0.026762422	0.011926166	0.022092462	0.014368689	3.7461705e-06
2022-11-05	United Kingdom	Omicron 22C	0.015626233	0.029698486	0.008252217	0.023843722	0.010244147	0.019474152	0.012467541	3.3314695e-06
2022-10-30	United Kingdom	Omicron 22D	334.46423	438.4384	257.02393	403.03824	282.64832	368.7984	305.22617	0.06374783
2022-10-31	United Kingdom	Omicron 22D	324.47507	439.2499	242.34653	398.7896	270.19485	361.4178	294.13055	0.06346829
2022-11-01	United Kingdom	Omicron 22D	315.0786	439.20505	229.17696	394.81976	257.19867	354.09744	282.59476	0.063038796
2022-11-02	United Kingdom	Omicron 22D	305.61572	436.6013	216.0889	390.23532	245.4174	346.865	271.47827	0.06253253
2022-11-03	United Kingdom	Omicron 22D	296.6719	435.1142	204.12355	385.91232	234.35793	339.9665	260.98077	0.061896637
2022-11-04	United Kingdom	Omicron 22D	287.94128	435.1421	192.43742	381.93054	222.91866	333.7387	250.95403	0.061200373
2022-11-05	United Kingdom	Omicron 22D	279.80536	435.37073	180.80199	379.71924	212.64182	327.50873	241.09322	0.06045783
2022-10-30	United Kingdom	Omicron BA.2.75.2	108.73877	152.91908	76.480316	136.33015	85.50019	122.79398	95.72342	0.020543799
2022-10-31	United Kingdom	Omicron BA.2.75.2	105.786644	151.78694	72.76842	135.02205	82.02725	120.6187	92.512405	0.020528415
2022-11-01	United Kingdom	Omicron BA.2.75.2	102.95987	150.81438	69.30253	133.64359	78.77691	118.80796	89.38907	0.020459369
2022-11-02	United Kingdom	Omicron BA.2.75.2	100.29953	150.57983	65.58874	132.33498	75.605385	116.84212	86.46261	0.020370036
2022-11-03	United Kingdom	Omicron BA.2.75.2	97.67166	151.0888	61.963985	130.87639	72.386925	114.84617	83.49794	0.020258218
2022-11-04	United Kingdom	Omicron BA.2.75.2	95.32716	151.90631	58.937088	130.0365	69.11743	112.98898	80.65403	0.020114457
2022-11-05	United Kingdom	Omicron BA.2.75.2	92.87616	152.69687	55.60168	129.01024	66.430695	110.99322	77.91489	0.019924073
2022-10-30	United Kingdom	Omicron BQ.1	2603.3623	3263.5293	2062.4807	3022.5012	2246.5876	2819.943	2406.5176	0.4938786
2022-10-31	United Kingdom	Omicron BQ.1	2630.3276	3398.8396	2027.2921	3114.3362	2230.3474	2882.1592	2415.2769	0.5121314
2022-11-01	United Kingdom	Omicron BQ.1	2659.5503	3540.2336	1990.961	3223.0579	2216.4766	2952.282	2422.963	0.53021646
2022-11-02	United Kingdom	Omicron BQ.1	2691.2495	3676.2883	1954.6719	3326.8716	2201.1597	3017.553	2427.585	0.5481228
2022-11-03	United Kingdom	Omicron BQ.1	2725.6997	3826.354	1917.7251	3436.665	2182.9854	3084.9656	2432.6228	0.56582475
2022-11-04	United Kingdom	Omicron BQ.1	2758.2942	3997.2778	1881.9814	3552.9585	2159.797	3158.8325	2434.9304	0.58315766
2022-11-05	United Kingdom	Omicron BQ.1	2787.4028	4175.0117	1837.3129	3674.8894	2143.1394	3223.856	2441.9473	0.60024333
2022-10-30	United Kingdom	Omicron XBB	66.64853	169.9652	26.237215	121.23124	35.541477	92.28468	47.78025	0.012646472
2022-10-31	United Kingdom	Omicron XBB	68.224014	179.27255	25.895227	126.65739	35.278717	95.25848	47.934288	0.01320534
2022-11-01	United Kingdom	Omicron XBB	69.2368	188.5101	25.470505	132.58002	34.987152	97.95998	48.06885	0.013753268
2022-11-02	United Kingdom	Omicron XBB	70.756256	199.41118	24.875652	138.20477	34.487892	101.501816	48.566288	0.014314353
2022-11-03	United Kingdom	Omicron XBB	71.95412	210.0044	24.339157	144.51076	34.350044	104.62125	48.665363	0.014891285
2022-11-04	United Kingdom	Omicron XBB	72.88803	223.917	23.673355	151.12537	33.89498	108.064865	48.78271	0.015457746
2022-11-05	United Kingdom	Omicron XBB	74.24666	239.39043	22.980633	158.6797	33.60886	111.5761	49.000713	0.015980586
2022-10-30	United Kingdom	other	1.7444654	2.9561803	1.0412797	2.4756987	1.2338139	2.0914183	1.4510539	0.00032851764
2022-10-31	United Kingdom	other	1.5996995	2.765256	0.93929696	2.2984903	1.12557	1.9314327	1.326658	0.00030931403
2022-11-01	United Kingdom	other	1.4713768	2.6033213	0.8504935	2.1374633	1.0244329	1.7923822	1.2157272	0.00029105184
2022-11-02	United Kingdom	other	1.3529654	2.4295154	0.77025104	1.9926105	0.93276155	1.6569371	1.1091549	0.0002733852
2022-11-03	United Kingdom	other	1.2427428	2.2770278	0.69350195	1.8614033	0.8444021	1.5300926	1.0121157	0.00025665798
2022-11-04	United Kingdom	other	1.1414149	2.1408226	0.6222218	1.7374665	0.76495993	1.4203168	0.92306584	0.00024036557
2022-11-05	United Kingdom	other	1.0519054	2.0239096	0.5583158	1.6212413	0.694168	1.3158532	0.8453642	0.0002248316
2022-10-30	USA	Omicron 21L	227.0245	350.99698	146.97432	305.07858	171.0365	265.3719	196.88286	0.0058172327
2022-10-31	USA	Omicron 21L	228.56955	359.21207	146.11491	309.86588	170.47345	268.28867	197.028	0.0057466384
2022-11-01	USA	Omicron 21L	230.20549	366.72058	145.40363	314.7995	170.04147	270.78278	196.96027	0.0056765797
2022-11-02	USA	Omicron 21L	231.87	377.0281	144.3955	320.33777	169.33679	273.7602	196.69194	0.0055863652
2022-11-03	USA	Omicron 21L	234.01756	384.96774	143.8937	325.03107	168.79216	276.617	197.66257	0.00548543
2022-11-04	USA	Omicron 21L	235.6961	395.31146	142.57358	329.8529	167.82225	279.80963	198.68755	0.005382681
2022-11-05	USA	Omicron 21L	237.15762	404.975	141.25462	335.37482	167.29668	282.4162	198.98291	0.0052638566
2022-10-30	USA	Omicron 22A	2311.6987	2800.4172	1897.5994	2630.9622	2035.9049	2474.7046	2160.2932	0.058980662
2022-10-31	USA	Omicron 22A	2245.539	2745.6123	1824.774	2575.069	1966.556	2414.1724	2090.6743	0.056298256
2022-11-01	USA	Omicron 22A	2181.1155	2700.43	1747.6719	2519.4126	1897.6515	2354.198	2022.1187	0.053620644
2022-11-02	USA	Omicron 22A	2115.7148	2654.5369	1676.7748	2464.1104	1827.7161	2297.5269	1956.8948	0.05096595
2022-11-03	USA	Omicron 22A	2054.0154	2615.5496	1612.8806	2411.8555	1760.8353	2239.6436	1893.4268	0.048336323
2022-11-04	USA	Omicron 22A	1993.0984	2572.1829	1551.1775	2359.0535	1696.4613	2184.5095	1830.5297	0.04574065
2022-11-05	USA	Omicron 22A	1933.9031	2532.5774	1485.8109	2313.113	1634.3447	2129.5298	1771.4299	0.043186143
2022-10-30	USA	Omicron 22B	19078.309	23138.465	15749.751	21594.672	16870.146	20333.83	17915.932	0.4871381
2022-10-31	USA	Omicron 22B	18652.822	22960.465	15210.617	21283.307	16357.334	19954.418	17388.822	0.46766025
2022-11-01	USA	Omicron 22B	18223.797	22757.375	14684.17	20964.992	15860.183	19593.574	16916.217	0.4481237
2022-11-02	USA	Omicron 22B	17822.117	22593.0	14167.088	20654.25	15364.27	19237.676	16471.193	0.42838472
2022-11-03	USA	Omicron 22B	17424.676	22438.9	13653.176	20339.572	14888.929	18897.855	16006.715	0.4086412
2022-11-04	USA	Omicron 22B	17014.48	22248.514	13181.539	20044.824	14429.849	18561.26	15559.902	0.3889766
2022-11-05	USA	Omicron 22B	16609.2	22013.902	12679.334	19783.904	13971.866	18198.844	15116.736	0.36945575
2022-10-30	USA	Omicron 22C	1.1860273	1.6293924	0.85410774	1.4722497	0.9641404	1.3249831	1.0616618	3.0324281e-05
2022-10-31	USA	Omicron 22C	1.0775512	1.4963014	0.77263886	1.345346	0.8706121	1.207529	0.96106625	2.7081898e-05
2022-11-01	USA	Omicron 22C	0.9793935	1.3747917	0.6967437	1.232038	0.7861716	1.0997605	0.86975765	2.4111472e-05
2022-11-02	USA	Omicron 22C	0.89030814	1.2612855	0.6258775	1.1311419	0.7098525	1.001982	0.78704095	2.1447426e-05
2022-11-03	USA	Omicron 22C	0.80790544	1.1597492	0.5652503	1.0338293	0.6409448	0.9137612	0.7131325	1.903251e-05
2022-11-04	USA	Omicron 22C	0.73431313	1.06428	0.50594693	0.943796	0.576965	0.83437026	0.64519083	1.6844668e-05
2022-11-05	USA	Omicron 22C	0.66678613	0.97760886	0.45531604	0.865851	0.5205584	0.76162595	0.58416814	1.488065e-05
2022-10-30	USA	Omicron 22D	1049.4283	1311.507	835.01624	1213.7969	905.7369	1133.8896	969.9983	0.026748281
2022-10-31	USA	Omicron 22D	1061.069	1340.0983	833.20105	1235.7922	910.01904	1150.6344	977.1421	0.026575115
2022-11-01	USA	Omicron 22D	1072.7349	1371.6976	832.9354	1259.3094	913.0141	1167.0774	985.11084	0.026348662
2022-11-02	USA	Omicron 22D	1083.473	1401.333	831.2459	1281.0524	918.0005	1184.06	991.7128	0.026075346
2022-11-03	USA	Omicron 22D	1094.5177	1436.8999	828.9072	1304.982	921.2247	1202.8862	998.2597	0.025730483
2022-11-04	USA	Omicron 22D	1105.7678	1473.6384	827.8024	1328.5905	923.6436	1221.6794	1005.9694	0.025328701
2022-11-05	USA	Omicron 22D	1117.3362	1504.1017	825.21747	1354.416	925.81213	1241.6838	1012.19525	0.024882384
2022-10-30	USA	Omicron BA.2.75.2	251.20654	346.79593	181.37196	311.0561	201.61943	281.77502	224.31693	0.0064133415
2022-10-31	USA	Omicron BA.2.75.2	254.06036	353.95023	181.33386	315.46497	203.00978	285.88974	226.2078	0.0063779783
2022-11-01	USA	Omicron BA.2.75.2	257.0376	361.12857	180.95107	322.34592	203.72906	290.41885	228.28139	0.006324083
2022-11-02	USA	Omicron BA.2.75.2	260.27792	369.15106	180.41484	328.8331	204.92345	295.58475	230.28427	0.006263271
2022-11-03	USA	Omicron BA.2.75.2	263.5376	378.53952	180.74301	335.4759	206.0304	300.62827	231.90979	0.006191665
2022-11-04	USA	Omicron BA.2.75.2	266.99747	386.64987	180.76779	342.0957	206.77837	305.15256	233.73187	0.0061008055
2022-11-05	USA	Omicron BA.2.75.2	269.6065	396.88672	180.1519	348.43622	207.6267	309.85303	235.2763	0.005998876
2022-10-30	USA	Omicron BQ.1	15546.035	18977.846	12704.308	17709.117	13576.553	16595.488	14527.092	0.39578658
2022-10-31	USA	Omicron BQ.1	16679.291	20588.176	13469.731	19138.068	14429.487	17852.707	15502.633	0.41703117
2022-11-01	USA	Omicron BQ.1	17870.955	22315.744	14287.567	20643.613	15357.769	19232.518	16545.453	0.4384545
2022-11-02	USA	Omicron BQ.1	19150.012	24197.848	15154.705	22327.086	16342.631	20718.957	17674.13	0.46004593
2022-11-03	USA	Omicron BQ.1	20522.441	26295.717	16042.372	24140.875	17383.627	22322.164	18873.273	0.48167828
2022-11-04	USA	Omicron BQ.1	21995.246	28569.283	17003.232	26097.162	18486.96	24060.9	20144.58	0.50314087
2022-11-05	USA	Omicron BQ.1	23567.633	31040.857	17967.436	28202.139	19646.873	25925.477	21502.58	0.52453446
2022-10-30	USA	Omicron XBB	682.47797	1171.493	397.68127	975.0185	482.24384	825.39923	573.77563	0.017503086
2022-10-31	USA	Omicron XBB	736.31445	1288.58	421.2621	1065.5076	514.1777	895.8592	614.9189	0.018552985
2022-11-01	USA	Omicron XBB	796.47815	1414.7274	445.5453	1166.1405	548.2333	973.8769	658.13715	0.019598596
2022-11-02	USA	Omicron XBB	856.8115	1558.3202	473.5184	1273.93	584.1808	1056.9896	705.3873	0.02069021
2022-11-03	USA	Omicron XBB	924.6151	1710.4908	500.5407	1394.6826	621.7568	1147.3724	753.47186	0.021803383
2022-11-04	USA	Omicron XBB	998.1958	1888.2632	530.32764	1525.6527	661.71	1243.371	806.6566	0.022948524
2022-11-05	USA	Omicron XBB	1074.5735	2081.7944	560.7249	1665.0354	703.5803	1349.4596	864.47845	0.024033215
2022-10-30	USA	other	20.983622	27.997309	15.384038	25.516954	17.155924	23.279533	18.891636	0.0005356334
2022-10-31	USA	other	20.235157	27.3499	14.709773	24.762768	16.488255	22.549072	18.191364	0.00050812576
2022-11-01	USA	other	19.516434	26.754786	14.098207	24.118868	15.829527	21.855543	17.490267	0.00048141653
2022-11-02	USA	other	18.863708	26.113165	13.49	23.42217	15.208847	21.155338	16.857868	0.0004548687
2022-11-03	USA	other	18.235817	25.511805	12.927384	22.775084	14.576861	20.503471	16.246197	0.00042887713
2022-11-04	USA	other	17.589222	24.971745	12.356228	22.180489	13.983865	19.877356	15.645865	0.00040373165
2022-11-05	USA	other	17.00037	24.315182	11.767501	21.556845	13.422681	19.263868	15.033706	0.00037932492
