location	variant	date	sequences
USA	24A	2024-05-22	174
USA	24A	2024-05-23	142
USA	24A	2024-05-24	121
USA	24A	2024-05-25	86
USA	24A	2024-05-26	92
USA	24A	2024-05-27	93
USA	24A	2024-05-28	145
USA	24A	2024-05-29	141
USA	24A	2024-05-30	126
USA	24A	2024-05-31	140
USA	24A	2024-06-01	75
USA	24A	2024-06-02	80
USA	24A	2024-06-03	141
USA	24A	2024-06-04	145
USA	24A	2024-06-05	172
USA	24A	2024-06-06	153
USA	24A	2024-06-07	120
USA	24A	2024-06-08	78
USA	24A	2024-06-09	102
USA	24A	2024-06-10	193
USA	24A	2024-06-11	139
USA	24A	2024-06-12	165
USA	24A	2024-06-13	151
USA	24A	2024-06-14	146
USA	24A	2024-06-15	78
USA	24A	2024-06-16	87
USA	24A	2024-06-17	154
USA	24A	2024-06-18	177
USA	24A	2024-06-19	172
USA	24A	2024-06-20	176
USA	24A	2024-06-21	191
USA	24A	2024-06-22	107
USA	24A	2024-06-23	100
USA	24A	2024-06-24	167
USA	24A	2024-06-25	197
USA	24A	2024-06-26	186
USA	24A	2024-06-27	168
USA	24A	2024-06-28	167
USA	24A	2024-06-29	103
USA	24A	2024-06-30	116
USA	24A	2024-07-01	194
USA	24A	2024-07-02	128
USA	24A	2024-07-03	165
USA	24A	2024-07-04	83
USA	24A	2024-07-05	169
USA	24A	2024-07-06	109
USA	24A	2024-07-07	127
USA	24A	2024-07-08	224
USA	24A	2024-07-09	205
USA	24A	2024-07-10	198
USA	24A	2024-07-11	167
USA	24A	2024-07-12	192
USA	24A	2024-07-13	107
USA	24A	2024-07-14	154
USA	24A	2024-07-15	232
USA	24A	2024-07-16	177
USA	24A	2024-07-17	182
USA	24A	2024-07-18	215
USA	24A	2024-07-19	130
USA	24A	2024-07-20	150
USA	24A	2024-07-21	156
USA	24A	2024-07-22	253
USA	24A	2024-07-23	235
USA	24A	2024-07-24	201
USA	24A	2024-07-25	164
USA	24A	2024-07-26	164
USA	24A	2024-07-27	120
USA	24A	2024-07-28	142
USA	24A	2024-07-29	302
USA	24A	2024-07-30	226
USA	24A	2024-07-31	211
USA	24A	2024-08-01	192
USA	24A	2024-08-02	177
USA	24A	2024-08-03	99
USA	24A	2024-08-04	154
USA	24A	2024-08-05	256
USA	24A	2024-08-06	211
USA	24A	2024-08-07	185
USA	24A	2024-08-08	155
USA	24A	2024-08-09	160
USA	24A	2024-08-10	109
USA	24A	2024-08-11	130
USA	24A	2024-08-12	204
USA	24A	2024-08-13	166
USA	24A	2024-08-14	153
USA	24A	2024-08-15	151
USA	24A	2024-08-16	144
USA	24A	2024-08-17	94
USA	24A	2024-08-18	110
USA	24A	2024-08-19	162
USA	24A	2024-08-20	167
USA	24A	2024-08-21	169
USA	24A	2024-08-22	151
USA	24A	2024-08-23	144
USA	24A	2024-08-24	119
USA	24A	2024-08-25	97
USA	24A	2024-08-26	186
USA	24A	2024-08-27	180
USA	24A	2024-08-28	131
USA	24A	2024-08-29	136
USA	24A	2024-08-30	112
USA	24A	2024-08-31	66
USA	24A	2024-09-01	90
USA	24A	2024-09-02	85
USA	24A	2024-09-03	149
USA	24A	2024-09-04	133
USA	24A	2024-09-05	111
USA	24A	2024-09-06	123
USA	24A	2024-09-07	72
USA	24A	2024-09-08	84
USA	24A	2024-09-09	131
USA	24A	2024-09-10	125
USA	24A	2024-09-11	115
USA	24A	2024-09-12	110
USA	24A	2024-09-13	89
USA	24A	2024-09-14	62
USA	24A	2024-09-15	73
USA	24A	2024-09-16	109
USA	24A	2024-09-17	107
USA	24A	2024-09-18	103
USA	24A	2024-09-19	93
USA	24A	2024-09-20	93
USA	24A	2024-09-21	41
USA	24A	2024-09-22	72
USA	24A	2024-09-23	88
USA	24A	2024-09-24	69
USA	24A	2024-09-25	49
USA	24A	2024-09-26	52
USA	24A	2024-09-27	49
USA	24A	2024-09-28	27
USA	24A	2024-09-29	31
USA	24A	2024-09-30	63
USA	24A	2024-10-01	29
USA	24A	2024-10-02	35
USA	24A	2024-10-03	29
USA	24A	2024-10-04	33
USA	24A	2024-10-05	25
USA	24A	2024-10-06	30
USA	24A	2024-10-07	28
USA	24A	2024-10-08	40
USA	24A	2024-10-09	37
USA	24A	2024-10-10	41
USA	24A	2024-10-11	21
USA	24A	2024-10-12	10
USA	24A	2024-10-13	15
USA	24A	2024-10-14	22
USA	24A	2024-10-15	27
USA	24A	2024-10-16	18
USA	24A	2024-10-17	12
USA	24A	2024-10-18	11
USA	24A	2024-10-19	17
USA	24A	2024-10-20	11
USA	24A	2024-10-21	26
USA	24A	2024-10-22	16
USA	24A	2024-10-23	14
USA	24A	2024-10-24	16
USA	24A	2024-10-25	10
USA	24A	2024-10-26	14
USA	24A	2024-10-27	13
USA	24A	2024-10-28	16
USA	24A	2024-10-29	21
USA	24A	2024-10-30	14
USA	24A	2024-10-31	15
USA	24A	2024-11-01	21
USA	24A	2024-11-02	9
USA	24A	2024-11-03	13
USA	24A	2024-11-04	23
USA	24A	2024-11-05	22
USA	24A	2024-11-06	16
USA	24A	2024-11-07	17
USA	24A	2024-11-08	9
USA	24A	2024-11-09	5
USA	24A	2024-11-10	9
USA	24A	2024-11-11	7
USA	24A	2024-11-12	11
USA	24A	2024-11-13	19
USA	24A	2024-11-14	7
USA	24A	2024-11-15	6
USA	24A	2024-11-16	4
USA	24A	2024-11-17	6
USA	24A	2024-11-18	17
USA	24A	2024-11-19	8
USA	24A	2024-11-20	7
USA	24A	2024-11-21	16
USA	24A	2024-11-22	8
USA	24A	2024-11-23	10
USA	24A	2024-11-24	8
USA	24A	2024-11-25	19
USA	24A	2024-11-26	11
USA	24A	2024-11-27	13
USA	24A	2024-11-28	3
USA	24A	2024-11-29	5
USA	24A	2024-11-30	5
USA	24A	2024-12-01	7
USA	24A	2024-12-02	11
USA	24A	2024-12-03	13
USA	24A	2024-12-04	17
USA	24A	2024-12-05	11
USA	24A	2024-12-06	5
USA	24A	2024-12-07	7
USA	24A	2024-12-08	6
USA	24A	2024-12-09	8
USA	24A	2024-12-10	15
USA	24A	2024-12-11	19
USA	24A	2024-12-12	14
USA	24A	2024-12-13	10
USA	24A	2024-12-14	9
USA	24A	2024-12-15	8
USA	24A	2024-12-16	14
USA	24A	2024-12-17	14
USA	24A	2024-12-18	22
USA	24A	2024-12-19	14
USA	24A	2024-12-20	14
USA	24A	2024-12-21	8
USA	24A	2024-12-22	10
USA	24A	2024-12-23	22
USA	24A	2024-12-24	12
USA	24A	2024-12-25	9
USA	24A	2024-12-26	24
USA	24A	2024-12-27	14
USA	24A	2024-12-28	10
USA	24A	2024-12-29	22
USA	24A	2024-12-30	21
USA	24A	2024-12-31	18
USA	24A	2025-01-01	13
USA	24A	2025-01-02	20
USA	24A	2025-01-03	13
USA	24A	2025-01-04	7
USA	24A	2025-01-05	7
USA	24A	2025-01-06	13
USA	24A	2025-01-07	25
USA	24A	2025-01-08	27
USA	24A	2025-01-09	17
USA	24A	2025-01-10	13
USA	24A	2025-01-11	4
USA	24A	2025-01-12	10
USA	24A	2025-01-13	13
USA	24A	2025-01-14	19
USA	24A	2025-01-15	16
USA	24A	2025-01-16	13
USA	24A	2025-01-17	13
USA	24A	2025-01-18	8
USA	24A	2025-01-19	5
USA	24A	2025-01-20	15
USA	24A	2025-01-21	19
USA	24A	2025-01-22	24
USA	24A	2025-01-23	14
USA	24A	2025-01-24	12
USA	24A	2025-01-25	3
USA	24A	2025-01-26	10
USA	24A	2025-01-27	24
USA	24A	2025-01-28	20
USA	24A	2025-01-29	16
USA	24A	2025-01-30	22
USA	24A	2025-01-31	18
USA	24A	2025-02-01	9
USA	24A	2025-02-02	12
USA	24A	2025-02-03	22
USA	24A	2025-02-04	16
USA	24A	2025-02-05	13
USA	24A	2025-02-06	9
USA	24A	2025-02-07	19
USA	24A	2025-02-08	12
USA	24A	2025-02-09	6
USA	24A	2025-02-10	14
USA	24A	2025-02-11	9
USA	24A	2025-02-12	15
USA	24A	2025-02-13	19
USA	24A	2025-02-14	11
USA	24A	2025-02-15	14
USA	24A	2025-02-16	3
USA	24A	2025-02-17	16
USA	24A	2025-02-18	8
USA	24A	2025-02-19	16
USA	24A	2025-02-20	12
USA	24A	2025-02-21	7
USA	24A	2025-02-22	2
USA	24A	2025-02-23	3
USA	24A	2025-02-24	6
USA	24A	2025-02-25	10
USA	24A	2025-02-26	11
USA	24A	2025-02-27	18
USA	24A	2025-02-28	10
USA	24A	2025-03-01	5
USA	24A	2025-03-02	4
USA	24A	2025-03-03	10
USA	24A	2025-03-04	16
USA	24A	2025-03-05	9
USA	24A	2025-03-06	9
USA	24A	2025-03-07	6
USA	24A	2025-03-08	4
USA	24A	2025-03-09	2
USA	24A	2025-03-10	6
USA	24A	2025-03-11	10
USA	24A	2025-03-12	6
USA	24A	2025-03-13	10
USA	24A	2025-03-14	7
USA	24A	2025-03-15	5
USA	24A	2025-03-16	1
USA	24A	2025-03-17	5
USA	24A	2025-03-18	10
USA	24A	2025-03-19	4
USA	24A	2025-03-20	9
USA	24A	2025-03-21	4
USA	24A	2025-03-22	7
USA	24A	2025-03-23	3
USA	24A	2025-03-24	7
USA	24A	2025-03-25	8
USA	24A	2025-03-26	6
USA	24A	2025-03-27	11
USA	24A	2025-03-28	11
USA	24A	2025-03-29	2
USA	24A	2025-03-30	1
USA	24A	2025-03-31	6
USA	24A	2025-04-01	8
USA	24A	2025-04-02	5
USA	24A	2025-04-03	8
USA	24A	2025-04-05	2
USA	24A	2025-04-06	2
USA	24A	2025-04-07	8
USA	24A	2025-04-08	7
USA	24A	2025-04-10	4
USA	24A	2025-04-11	4
USA	24A	2025-04-12	2
USA	24A	2025-04-13	2
USA	24A	2025-04-14	6
USA	24A	2025-04-15	1
USA	24A	2025-04-16	1
USA	24A	2025-04-17	3
USA	24A	2025-04-19	2
USA	24A	2025-04-20	2
USA	24A	2025-04-21	3
USA	24A	2025-04-23	1
USA	24A	2025-04-24	4
USA	24A	2025-04-26	1
USA	24A	2025-04-28	2
USA	24A	2025-05-01	1
USA	24A	2025-05-02	1
USA	24A	2025-05-04	1
USA	24A	2025-05-05	1
USA	24A	2025-05-09	1
USA	24A	2025-05-10	1
USA	24A	2025-05-11	1
USA	24A	2025-05-13	3
USA	24A	2025-05-15	2
USA	24A	2025-05-17	1
USA	24A	2025-05-19	2
USA	24A	2025-05-20	1
USA	24A	2025-05-22	3
USA	24A	2025-05-23	1
USA	24A	2025-05-25	2
USA	24A	2025-05-26	1
USA	24B	2024-05-22	91
USA	24B	2024-05-23	82
USA	24B	2024-05-24	70
USA	24B	2024-05-25	54
USA	24B	2024-05-26	51
USA	24B	2024-05-27	51
USA	24B	2024-05-28	99
USA	24B	2024-05-29	103
USA	24B	2024-05-30	100
USA	24B	2024-05-31	96
USA	24B	2024-06-01	57
USA	24B	2024-06-02	60
USA	24B	2024-06-03	101
USA	24B	2024-06-04	92
USA	24B	2024-06-05	95
USA	24B	2024-06-06	94
USA	24B	2024-06-07	89
USA	24B	2024-06-08	59
USA	24B	2024-06-09	56
USA	24B	2024-06-10	107
USA	24B	2024-06-11	100
USA	24B	2024-06-12	122
USA	24B	2024-06-13	123
USA	24B	2024-06-14	97
USA	24B	2024-06-15	66
USA	24B	2024-06-16	63
USA	24B	2024-06-17	102
USA	24B	2024-06-18	105
USA	24B	2024-06-19	106
USA	24B	2024-06-20	140
USA	24B	2024-06-21	120
USA	24B	2024-06-22	50
USA	24B	2024-06-23	69
USA	24B	2024-06-24	129
USA	24B	2024-06-25	116
USA	24B	2024-06-26	156
USA	24B	2024-06-27	138
USA	24B	2024-06-28	118
USA	24B	2024-06-29	102
USA	24B	2024-06-30	90
USA	24B	2024-07-01	158
USA	24B	2024-07-02	148
USA	24B	2024-07-03	117
USA	24B	2024-07-04	56
USA	24B	2024-07-05	140
USA	24B	2024-07-06	78
USA	24B	2024-07-07	89
USA	24B	2024-07-08	151
USA	24B	2024-07-09	159
USA	24B	2024-07-10	120
USA	24B	2024-07-11	156
USA	24B	2024-07-12	141
USA	24B	2024-07-13	86
USA	24B	2024-07-14	106
USA	24B	2024-07-15	166
USA	24B	2024-07-16	165
USA	24B	2024-07-17	158
USA	24B	2024-07-18	143
USA	24B	2024-07-19	125
USA	24B	2024-07-20	88
USA	24B	2024-07-21	119
USA	24B	2024-07-22	189
USA	24B	2024-07-23	172
USA	24B	2024-07-24	134
USA	24B	2024-07-25	127
USA	24B	2024-07-26	131
USA	24B	2024-07-27	81
USA	24B	2024-07-28	106
USA	24B	2024-07-29	192
USA	24B	2024-07-30	132
USA	24B	2024-07-31	135
USA	24B	2024-08-01	143
USA	24B	2024-08-02	118
USA	24B	2024-08-03	80
USA	24B	2024-08-04	82
USA	24B	2024-08-05	193
USA	24B	2024-08-06	144
USA	24B	2024-08-07	131
USA	24B	2024-08-08	137
USA	24B	2024-08-09	123
USA	24B	2024-08-10	71
USA	24B	2024-08-11	92
USA	24B	2024-08-12	145
USA	24B	2024-08-13	115
USA	24B	2024-08-14	128
USA	24B	2024-08-15	125
USA	24B	2024-08-16	112
USA	24B	2024-08-17	89
USA	24B	2024-08-18	79
USA	24B	2024-08-19	142
USA	24B	2024-08-20	140
USA	24B	2024-08-21	130
USA	24B	2024-08-22	105
USA	24B	2024-08-23	106
USA	24B	2024-08-24	55
USA	24B	2024-08-25	67
USA	24B	2024-08-26	134
USA	24B	2024-08-27	114
USA	24B	2024-08-28	108
USA	24B	2024-08-29	108
USA	24B	2024-08-30	107
USA	24B	2024-08-31	47
USA	24B	2024-09-01	49
USA	24B	2024-09-02	73
USA	24B	2024-09-03	93
USA	24B	2024-09-04	84
USA	24B	2024-09-05	93
USA	24B	2024-09-06	69
USA	24B	2024-09-07	51
USA	24B	2024-09-08	59
USA	24B	2024-09-09	93
USA	24B	2024-09-10	67
USA	24B	2024-09-11	78
USA	24B	2024-09-12	89
USA	24B	2024-09-13	68
USA	24B	2024-09-14	35
USA	24B	2024-09-15	46
USA	24B	2024-09-16	70
USA	24B	2024-09-17	69
USA	24B	2024-09-18	71
USA	24B	2024-09-19	48
USA	24B	2024-09-20	37
USA	24B	2024-09-21	19
USA	24B	2024-09-22	29
USA	24B	2024-09-23	48
USA	24B	2024-09-24	23
USA	24B	2024-09-25	37
USA	24B	2024-09-26	46
USA	24B	2024-09-27	25
USA	24B	2024-09-28	23
USA	24B	2024-09-29	25
USA	24B	2024-09-30	45
USA	24B	2024-10-01	20
USA	24B	2024-10-02	17
USA	24B	2024-10-03	25
USA	24B	2024-10-04	21
USA	24B	2024-10-05	15
USA	24B	2024-10-06	12
USA	24B	2024-10-07	27
USA	24B	2024-10-08	22
USA	24B	2024-10-09	24
USA	24B	2024-10-10	15
USA	24B	2024-10-11	20
USA	24B	2024-10-12	4
USA	24B	2024-10-13	15
USA	24B	2024-10-14	18
USA	24B	2024-10-15	16
USA	24B	2024-10-16	9
USA	24B	2024-10-17	9
USA	24B	2024-10-18	7
USA	24B	2024-10-19	3
USA	24B	2024-10-20	5
USA	24B	2024-10-21	12
USA	24B	2024-10-22	10
USA	24B	2024-10-23	9
USA	24B	2024-10-24	12
USA	24B	2024-10-25	4
USA	24B	2024-10-26	3
USA	24B	2024-10-27	7
USA	24B	2024-10-28	8
USA	24B	2024-10-29	5
USA	24B	2024-10-30	6
USA	24B	2024-10-31	7
USA	24B	2024-11-01	7
USA	24B	2024-11-02	2
USA	24B	2024-11-03	5
USA	24B	2024-11-04	7
USA	24B	2024-11-05	8
USA	24B	2024-11-06	10
USA	24B	2024-11-07	4
USA	24B	2024-11-08	2
USA	24B	2024-11-09	2
USA	24B	2024-11-10	2
USA	24B	2024-11-11	5
USA	24B	2024-11-12	8
USA	24B	2024-11-13	8
USA	24B	2024-11-14	3
USA	24B	2024-11-15	5
USA	24B	2024-11-16	5
USA	24B	2024-11-17	1
USA	24B	2024-11-18	3
USA	24B	2024-11-19	4
USA	24B	2024-11-20	3
USA	24B	2024-11-21	1
USA	24B	2024-11-22	6
USA	24B	2024-11-23	3
USA	24B	2024-11-24	4
USA	24B	2024-11-25	2
USA	24B	2024-11-26	4
USA	24B	2024-11-27	4
USA	24B	2024-11-29	1
USA	24B	2024-11-30	1
USA	24B	2024-12-01	5
USA	24B	2024-12-02	2
USA	24B	2024-12-03	1
USA	24B	2024-12-04	3
USA	24B	2024-12-05	2
USA	24B	2024-12-06	1
USA	24B	2024-12-08	4
USA	24B	2024-12-09	4
USA	24B	2024-12-10	4
USA	24B	2024-12-11	3
USA	24B	2024-12-12	3
USA	24B	2024-12-13	3
USA	24B	2024-12-14	1
USA	24B	2024-12-15	2
USA	24B	2024-12-16	3
USA	24B	2024-12-17	5
USA	24B	2024-12-18	4
USA	24B	2024-12-19	1
USA	24B	2024-12-20	3
USA	24B	2024-12-21	2
USA	24B	2024-12-22	2
USA	24B	2024-12-23	4
USA	24B	2024-12-24	3
USA	24B	2024-12-26	1
USA	24B	2024-12-27	1
USA	24B	2024-12-28	3
USA	24B	2024-12-29	3
USA	24B	2024-12-30	1
USA	24B	2024-12-31	2
USA	24B	2025-01-01	2
USA	24B	2025-01-02	3
USA	24B	2025-01-03	3
USA	24B	2025-01-04	2
USA	24B	2025-01-05	3
USA	24B	2025-01-06	2
USA	24B	2025-01-08	4
USA	24B	2025-01-09	2
USA	24B	2025-01-10	2
USA	24B	2025-01-11	1
USA	24B	2025-01-12	2
USA	24B	2025-01-13	1
USA	24B	2025-01-14	4
USA	24B	2025-01-15	1
USA	24B	2025-01-16	1
USA	24B	2025-01-17	3
USA	24B	2025-01-18	2
USA	24B	2025-01-19	1
USA	24B	2025-01-20	5
USA	24B	2025-01-22	3
USA	24B	2025-01-23	2
USA	24B	2025-01-24	1
USA	24B	2025-01-25	2
USA	24B	2025-01-27	2
USA	24B	2025-01-28	3
USA	24B	2025-01-29	2
USA	24B	2025-01-30	1
USA	24B	2025-01-31	2
USA	24B	2025-02-02	3
USA	24B	2025-02-03	2
USA	24B	2025-02-04	1
USA	24B	2025-02-05	1
USA	24B	2025-02-06	2
USA	24B	2025-02-07	2
USA	24B	2025-02-08	1
USA	24B	2025-02-10	1
USA	24B	2025-02-11	1
USA	24B	2025-02-12	1
USA	24B	2025-02-14	1
USA	24B	2025-02-17	1
USA	24B	2025-02-18	1
USA	24B	2025-02-19	1
USA	24B	2025-02-20	1
USA	24B	2025-02-21	2
USA	24B	2025-02-23	1
USA	24B	2025-02-24	3
USA	24B	2025-02-25	2
USA	24B	2025-02-27	1
USA	24B	2025-03-04	1
USA	24B	2025-03-05	1
USA	24B	2025-03-06	1
USA	24B	2025-03-07	3
USA	24B	2025-03-08	1
USA	24B	2025-03-09	1
USA	24B	2025-03-11	1
USA	24B	2025-03-13	1
USA	24B	2025-03-16	1
USA	24B	2025-03-17	1
USA	24B	2025-03-19	2
USA	24B	2025-03-22	1
USA	24B	2025-03-23	1
USA	24B	2025-03-25	1
USA	24B	2025-03-27	2
USA	24B	2025-04-02	1
USA	24B	2025-04-14	1
USA	24B	2025-04-16	2
USA	24B	2025-05-05	1
USA	24C	2024-05-22	71
USA	24C	2024-05-23	64
USA	24C	2024-05-24	68
USA	24C	2024-05-25	32
USA	24C	2024-05-26	37
USA	24C	2024-05-27	40
USA	24C	2024-05-28	78
USA	24C	2024-05-29	63
USA	24C	2024-05-30	100
USA	24C	2024-05-31	88
USA	24C	2024-06-01	61
USA	24C	2024-06-02	63
USA	24C	2024-06-03	112
USA	24C	2024-06-04	129
USA	24C	2024-06-05	123
USA	24C	2024-06-06	100
USA	24C	2024-06-07	95
USA	24C	2024-06-08	72
USA	24C	2024-06-09	79
USA	24C	2024-06-10	113
USA	24C	2024-06-11	105
USA	24C	2024-06-12	97
USA	24C	2024-06-13	105
USA	24C	2024-06-14	102
USA	24C	2024-06-15	55
USA	24C	2024-06-16	81
USA	24C	2024-06-17	128
USA	24C	2024-06-18	127
USA	24C	2024-06-19	111
USA	24C	2024-06-20	140
USA	24C	2024-06-21	121
USA	24C	2024-06-22	74
USA	24C	2024-06-23	93
USA	24C	2024-06-24	161
USA	24C	2024-06-25	153
USA	24C	2024-06-26	155
USA	24C	2024-06-27	147
USA	24C	2024-06-28	156
USA	24C	2024-06-29	90
USA	24C	2024-06-30	84
USA	24C	2024-07-01	179
USA	24C	2024-07-02	157
USA	24C	2024-07-03	159
USA	24C	2024-07-04	76
USA	24C	2024-07-05	138
USA	24C	2024-07-06	101
USA	24C	2024-07-07	99
USA	24C	2024-07-08	158
USA	24C	2024-07-09	160
USA	24C	2024-07-10	146
USA	24C	2024-07-11	151
USA	24C	2024-07-12	149
USA	24C	2024-07-13	114
USA	24C	2024-07-14	119
USA	24C	2024-07-15	189
USA	24C	2024-07-16	185
USA	24C	2024-07-17	168
USA	24C	2024-07-18	140
USA	24C	2024-07-19	105
USA	24C	2024-07-20	100
USA	24C	2024-07-21	122
USA	24C	2024-07-22	193
USA	24C	2024-07-23	158
USA	24C	2024-07-24	153
USA	24C	2024-07-25	129
USA	24C	2024-07-26	118
USA	24C	2024-07-27	76
USA	24C	2024-07-28	104
USA	24C	2024-07-29	179
USA	24C	2024-07-30	130
USA	24C	2024-07-31	150
USA	24C	2024-08-01	132
USA	24C	2024-08-02	115
USA	24C	2024-08-03	86
USA	24C	2024-08-04	110
USA	24C	2024-08-05	184
USA	24C	2024-08-06	136
USA	24C	2024-08-07	115
USA	24C	2024-08-08	93
USA	24C	2024-08-09	109
USA	24C	2024-08-10	97
USA	24C	2024-08-11	85
USA	24C	2024-08-12	141
USA	24C	2024-08-13	112
USA	24C	2024-08-14	127
USA	24C	2024-08-15	97
USA	24C	2024-08-16	96
USA	24C	2024-08-17	41
USA	24C	2024-08-18	71
USA	24C	2024-08-19	141
USA	24C	2024-08-20	102
USA	24C	2024-08-21	80
USA	24C	2024-08-22	95
USA	24C	2024-08-23	78
USA	24C	2024-08-24	58
USA	24C	2024-08-25	72
USA	24C	2024-08-26	130
USA	24C	2024-08-27	94
USA	24C	2024-08-28	99
USA	24C	2024-08-29	97
USA	24C	2024-08-30	73
USA	24C	2024-08-31	44
USA	24C	2024-09-01	56
USA	24C	2024-09-02	58
USA	24C	2024-09-03	87
USA	24C	2024-09-04	87
USA	24C	2024-09-05	78
USA	24C	2024-09-06	81
USA	24C	2024-09-07	50
USA	24C	2024-09-08	45
USA	24C	2024-09-09	95
USA	24C	2024-09-10	77
USA	24C	2024-09-11	73
USA	24C	2024-09-12	77
USA	24C	2024-09-13	71
USA	24C	2024-09-14	38
USA	24C	2024-09-15	25
USA	24C	2024-09-16	56
USA	24C	2024-09-17	66
USA	24C	2024-09-18	61
USA	24C	2024-09-19	59
USA	24C	2024-09-20	35
USA	24C	2024-09-21	27
USA	24C	2024-09-22	28
USA	24C	2024-09-23	45
USA	24C	2024-09-24	41
USA	24C	2024-09-25	29
USA	24C	2024-09-26	30
USA	24C	2024-09-27	24
USA	24C	2024-09-28	15
USA	24C	2024-09-29	23
USA	24C	2024-09-30	34
USA	24C	2024-10-01	32
USA	24C	2024-10-02	33
USA	24C	2024-10-03	25
USA	24C	2024-10-04	14
USA	24C	2024-10-05	11
USA	24C	2024-10-06	10
USA	24C	2024-10-07	32
USA	24C	2024-10-08	32
USA	24C	2024-10-09	18
USA	24C	2024-10-10	14
USA	24C	2024-10-11	20
USA	24C	2024-10-12	16
USA	24C	2024-10-13	11
USA	24C	2024-10-14	21
USA	24C	2024-10-15	24
USA	24C	2024-10-16	13
USA	24C	2024-10-17	12
USA	24C	2024-10-18	8
USA	24C	2024-10-19	4
USA	24C	2024-10-20	9
USA	24C	2024-10-21	20
USA	24C	2024-10-22	14
USA	24C	2024-10-23	16
USA	24C	2024-10-24	11
USA	24C	2024-10-25	4
USA	24C	2024-10-26	7
USA	24C	2024-10-27	3
USA	24C	2024-10-28	17
USA	24C	2024-10-29	10
USA	24C	2024-10-30	9
USA	24C	2024-10-31	8
USA	24C	2024-11-01	11
USA	24C	2024-11-02	4
USA	24C	2024-11-03	5
USA	24C	2024-11-04	8
USA	24C	2024-11-05	8
USA	24C	2024-11-06	3
USA	24C	2024-11-07	9
USA	24C	2024-11-08	4
USA	24C	2024-11-09	4
USA	24C	2024-11-10	3
USA	24C	2024-11-11	6
USA	24C	2024-11-12	9
USA	24C	2024-11-13	13
USA	24C	2024-11-14	8
USA	24C	2024-11-15	4
USA	24C	2024-11-16	7
USA	24C	2024-11-17	8
USA	24C	2024-11-18	12
USA	24C	2024-11-19	10
USA	24C	2024-11-20	8
USA	24C	2024-11-21	10
USA	24C	2024-11-22	2
USA	24C	2024-11-23	3
USA	24C	2024-11-24	8
USA	24C	2024-11-25	4
USA	24C	2024-11-26	12
USA	24C	2024-11-27	6
USA	24C	2024-11-28	5
USA	24C	2024-11-29	5
USA	24C	2024-11-30	6
USA	24C	2024-12-01	4
USA	24C	2024-12-02	9
USA	24C	2024-12-03	9
USA	24C	2024-12-04	4
USA	24C	2024-12-05	4
USA	24C	2024-12-06	8
USA	24C	2024-12-07	3
USA	24C	2024-12-08	2
USA	24C	2024-12-09	9
USA	24C	2024-12-10	10
USA	24C	2024-12-11	8
USA	24C	2024-12-12	12
USA	24C	2024-12-13	7
USA	24C	2024-12-14	8
USA	24C	2024-12-15	4
USA	24C	2024-12-16	5
USA	24C	2024-12-17	5
USA	24C	2024-12-18	16
USA	24C	2024-12-19	8
USA	24C	2024-12-20	7
USA	24C	2024-12-21	2
USA	24C	2024-12-22	4
USA	24C	2024-12-23	4
USA	24C	2024-12-24	9
USA	24C	2024-12-25	1
USA	24C	2024-12-26	7
USA	24C	2024-12-27	5
USA	24C	2024-12-28	5
USA	24C	2024-12-29	8
USA	24C	2024-12-30	16
USA	24C	2024-12-31	9
USA	24C	2025-01-01	5
USA	24C	2025-01-02	10
USA	24C	2025-01-03	11
USA	24C	2025-01-04	11
USA	24C	2025-01-05	7
USA	24C	2025-01-06	9
USA	24C	2025-01-07	8
USA	24C	2025-01-08	4
USA	24C	2025-01-09	5
USA	24C	2025-01-10	3
USA	24C	2025-01-11	2
USA	24C	2025-01-12	1
USA	24C	2025-01-13	7
USA	24C	2025-01-14	2
USA	24C	2025-01-15	7
USA	24C	2025-01-16	4
USA	24C	2025-01-17	5
USA	24C	2025-01-18	5
USA	24C	2025-01-19	3
USA	24C	2025-01-20	3
USA	24C	2025-01-21	5
USA	24C	2025-01-22	3
USA	24C	2025-01-23	6
USA	24C	2025-01-24	2
USA	24C	2025-01-25	1
USA	24C	2025-01-26	2
USA	24C	2025-01-27	7
USA	24C	2025-01-28	4
USA	24C	2025-01-29	4
USA	24C	2025-01-30	4
USA	24C	2025-01-31	8
USA	24C	2025-02-01	5
USA	24C	2025-02-02	1
USA	24C	2025-02-03	4
USA	24C	2025-02-04	9
USA	24C	2025-02-05	3
USA	24C	2025-02-06	5
USA	24C	2025-02-07	4
USA	24C	2025-02-08	4
USA	24C	2025-02-09	1
USA	24C	2025-02-10	10
USA	24C	2025-02-11	9
USA	24C	2025-02-12	7
USA	24C	2025-02-13	3
USA	24C	2025-02-14	6
USA	24C	2025-02-15	5
USA	24C	2025-02-16	6
USA	24C	2025-02-17	4
USA	24C	2025-02-18	9
USA	24C	2025-02-19	5
USA	24C	2025-02-20	7
USA	24C	2025-02-21	4
USA	24C	2025-02-22	3
USA	24C	2025-02-23	3
USA	24C	2025-02-24	3
USA	24C	2025-02-25	5
USA	24C	2025-02-26	4
USA	24C	2025-02-27	1
USA	24C	2025-02-28	6
USA	24C	2025-03-01	1
USA	24C	2025-03-02	1
USA	24C	2025-03-03	1
USA	24C	2025-03-04	4
USA	24C	2025-03-05	3
USA	24C	2025-03-06	3
USA	24C	2025-03-07	2
USA	24C	2025-03-08	3
USA	24C	2025-03-10	2
USA	24C	2025-03-11	4
USA	24C	2025-03-12	7
USA	24C	2025-03-13	4
USA	24C	2025-03-14	5
USA	24C	2025-03-16	2
USA	24C	2025-03-17	1
USA	24C	2025-03-18	5
USA	24C	2025-03-19	1
USA	24C	2025-03-21	2
USA	24C	2025-03-23	3
USA	24C	2025-03-24	2
USA	24C	2025-03-26	2
USA	24C	2025-03-27	1
USA	24C	2025-03-28	2
USA	24C	2025-03-29	2
USA	24C	2025-03-30	2
USA	24C	2025-03-31	4
USA	24C	2025-04-01	1
USA	24C	2025-04-02	2
USA	24C	2025-04-03	1
USA	24C	2025-04-04	1
USA	24C	2025-04-06	1
USA	24C	2025-04-07	5
USA	24C	2025-04-09	2
USA	24C	2025-04-11	4
USA	24C	2025-04-12	1
USA	24C	2025-04-15	1
USA	24C	2025-04-18	1
USA	24C	2025-04-19	1
USA	24C	2025-04-23	1
USA	24C	2025-04-24	3
USA	24C	2025-04-25	1
USA	24C	2025-04-26	2
USA	24C	2025-04-27	1
USA	24C	2025-04-28	1
USA	24C	2025-04-29	1
USA	24C	2025-05-02	2
USA	24C	2025-05-04	1
USA	24C	2025-05-05	1
USA	24C	2025-05-06	1
USA	24C	2025-05-09	1
USA	24C	2025-05-10	1
USA	24C	2025-05-12	1
USA	24C	2025-05-21	1
USA	24C	2025-05-25	1
USA	24C	2025-05-30	1
USA	24E	2024-05-22	2
USA	24E	2024-05-23	2
USA	24E	2024-05-24	2
USA	24E	2024-05-25	1
USA	24E	2024-05-26	2
USA	24E	2024-05-28	1
USA	24E	2024-05-29	7
USA	24E	2024-05-30	7
USA	24E	2024-05-31	3
USA	24E	2024-06-02	7
USA	24E	2024-06-03	5
USA	24E	2024-06-04	13
USA	24E	2024-06-05	1
USA	24E	2024-06-06	3
USA	24E	2024-06-07	3
USA	24E	2024-06-08	8
USA	24E	2024-06-09	5
USA	24E	2024-06-10	13
USA	24E	2024-06-11	8
USA	24E	2024-06-12	10
USA	24E	2024-06-13	8
USA	24E	2024-06-14	14
USA	24E	2024-06-15	10
USA	24E	2024-06-16	15
USA	24E	2024-06-17	16
USA	24E	2024-06-18	16
USA	24E	2024-06-19	30
USA	24E	2024-06-20	31
USA	24E	2024-06-21	15
USA	24E	2024-06-22	14
USA	24E	2024-06-23	17
USA	24E	2024-06-24	36
USA	24E	2024-06-25	41
USA	24E	2024-06-26	46
USA	24E	2024-06-27	28
USA	24E	2024-06-28	37
USA	24E	2024-06-29	21
USA	24E	2024-06-30	34
USA	24E	2024-07-01	49
USA	24E	2024-07-02	41
USA	24E	2024-07-03	49
USA	24E	2024-07-04	31
USA	24E	2024-07-05	43
USA	24E	2024-07-06	38
USA	24E	2024-07-07	46
USA	24E	2024-07-08	71
USA	24E	2024-07-09	84
USA	24E	2024-07-10	87
USA	24E	2024-07-11	76
USA	24E	2024-07-12	79
USA	24E	2024-07-13	66
USA	24E	2024-07-14	80
USA	24E	2024-07-15	129
USA	24E	2024-07-16	103
USA	24E	2024-07-17	97
USA	24E	2024-07-18	106
USA	24E	2024-07-19	85
USA	24E	2024-07-20	78
USA	24E	2024-07-21	93
USA	24E	2024-07-22	177
USA	24E	2024-07-23	135
USA	24E	2024-07-24	170
USA	24E	2024-07-25	132
USA	24E	2024-07-26	120
USA	24E	2024-07-27	103
USA	24E	2024-07-28	135
USA	24E	2024-07-29	225
USA	24E	2024-07-30	154
USA	24E	2024-07-31	175
USA	24E	2024-08-01	176
USA	24E	2024-08-02	155
USA	24E	2024-08-03	113
USA	24E	2024-08-04	129
USA	24E	2024-08-05	265
USA	24E	2024-08-06	230
USA	24E	2024-08-07	167
USA	24E	2024-08-08	197
USA	24E	2024-08-09	212
USA	24E	2024-08-10	141
USA	24E	2024-08-11	119
USA	24E	2024-08-12	241
USA	24E	2024-08-13	226
USA	24E	2024-08-14	218
USA	24E	2024-08-15	235
USA	24E	2024-08-16	228
USA	24E	2024-08-17	148
USA	24E	2024-08-18	159
USA	24E	2024-08-19	329
USA	24E	2024-08-20	280
USA	24E	2024-08-21	267
USA	24E	2024-08-22	243
USA	24E	2024-08-23	251
USA	24E	2024-08-24	164
USA	24E	2024-08-25	154
USA	24E	2024-08-26	389
USA	24E	2024-08-27	301
USA	24E	2024-08-28	298
USA	24E	2024-08-29	306
USA	24E	2024-08-30	230
USA	24E	2024-08-31	148
USA	24E	2024-09-01	170
USA	24E	2024-09-02	192
USA	24E	2024-09-03	351
USA	24E	2024-09-04	349
USA	24E	2024-09-05	320
USA	24E	2024-09-06	280
USA	24E	2024-09-07	175
USA	24E	2024-09-08	220
USA	24E	2024-09-09	411
USA	24E	2024-09-10	350
USA	24E	2024-09-11	340
USA	24E	2024-09-12	405
USA	24E	2024-09-13	302
USA	24E	2024-09-14	229
USA	24E	2024-09-15	244
USA	24E	2024-09-16	405
USA	24E	2024-09-17	375
USA	24E	2024-09-18	414
USA	24E	2024-09-19	339
USA	24E	2024-09-20	262
USA	24E	2024-09-21	158
USA	24E	2024-09-22	194
USA	24E	2024-09-23	347
USA	24E	2024-09-24	287
USA	24E	2024-09-25	270
USA	24E	2024-09-26	246
USA	24E	2024-09-27	204
USA	24E	2024-09-28	147
USA	24E	2024-09-29	144
USA	24E	2024-09-30	314
USA	24E	2024-10-01	263
USA	24E	2024-10-02	233
USA	24E	2024-10-03	189
USA	24E	2024-10-04	165
USA	24E	2024-10-05	100
USA	24E	2024-10-06	127
USA	24E	2024-10-07	244
USA	24E	2024-10-08	214
USA	24E	2024-10-09	199
USA	24E	2024-10-10	195
USA	24E	2024-10-11	149
USA	24E	2024-10-12	79
USA	24E	2024-10-13	110
USA	24E	2024-10-14	170
USA	24E	2024-10-15	174
USA	24E	2024-10-16	185
USA	24E	2024-10-17	116
USA	24E	2024-10-18	108
USA	24E	2024-10-19	72
USA	24E	2024-10-20	100
USA	24E	2024-10-21	138
USA	24E	2024-10-22	154
USA	24E	2024-10-23	129
USA	24E	2024-10-24	129
USA	24E	2024-10-25	114
USA	24E	2024-10-26	60
USA	24E	2024-10-27	70
USA	24E	2024-10-28	157
USA	24E	2024-10-29	145
USA	24E	2024-10-30	131
USA	24E	2024-10-31	121
USA	24E	2024-11-01	130
USA	24E	2024-11-02	72
USA	24E	2024-11-03	92
USA	24E	2024-11-04	162
USA	24E	2024-11-05	144
USA	24E	2024-11-06	142
USA	24E	2024-11-07	106
USA	24E	2024-11-08	78
USA	24E	2024-11-09	51
USA	24E	2024-11-10	56
USA	24E	2024-11-11	91
USA	24E	2024-11-12	115
USA	24E	2024-11-13	121
USA	24E	2024-11-14	110
USA	24E	2024-11-15	95
USA	24E	2024-11-16	68
USA	24E	2024-11-17	65
USA	24E	2024-11-18	119
USA	24E	2024-11-19	86
USA	24E	2024-11-20	108
USA	24E	2024-11-21	84
USA	24E	2024-11-22	89
USA	24E	2024-11-23	51
USA	24E	2024-11-24	63
USA	24E	2024-11-25	127
USA	24E	2024-11-26	104
USA	24E	2024-11-27	88
USA	24E	2024-11-28	48
USA	24E	2024-11-29	65
USA	24E	2024-11-30	74
USA	24E	2024-12-01	83
USA	24E	2024-12-02	116
USA	24E	2024-12-03	109
USA	24E	2024-12-04	111
USA	24E	2024-12-05	95
USA	24E	2024-12-06	91
USA	24E	2024-12-07	80
USA	24E	2024-12-08	65
USA	24E	2024-12-09	150
USA	24E	2024-12-10	136
USA	24E	2024-12-11	134
USA	24E	2024-12-12	111
USA	24E	2024-12-13	123
USA	24E	2024-12-14	67
USA	24E	2024-12-15	65
USA	24E	2024-12-16	131
USA	24E	2024-12-17	126
USA	24E	2024-12-18	107
USA	24E	2024-12-19	122
USA	24E	2024-12-20	124
USA	24E	2024-12-21	53
USA	24E	2024-12-22	84
USA	24E	2024-12-23	123
USA	24E	2024-12-24	124
USA	24E	2024-12-25	76
USA	24E	2024-12-26	139
USA	24E	2024-12-27	143
USA	24E	2024-12-28	112
USA	24E	2024-12-29	116
USA	24E	2024-12-30	169
USA	24E	2024-12-31	136
USA	24E	2025-01-01	93
USA	24E	2025-01-02	159
USA	24E	2025-01-03	122
USA	24E	2025-01-04	95
USA	24E	2025-01-05	92
USA	24E	2025-01-06	132
USA	24E	2025-01-07	117
USA	24E	2025-01-08	93
USA	24E	2025-01-09	104
USA	24E	2025-01-10	77
USA	24E	2025-01-11	39
USA	24E	2025-01-12	61
USA	24E	2025-01-13	100
USA	24E	2025-01-14	80
USA	24E	2025-01-15	103
USA	24E	2025-01-16	87
USA	24E	2025-01-17	70
USA	24E	2025-01-18	54
USA	24E	2025-01-19	51
USA	24E	2025-01-20	81
USA	24E	2025-01-21	81
USA	24E	2025-01-22	110
USA	24E	2025-01-23	79
USA	24E	2025-01-24	53
USA	24E	2025-01-25	42
USA	24E	2025-01-26	56
USA	24E	2025-01-27	88
USA	24E	2025-01-28	59
USA	24E	2025-01-29	66
USA	24E	2025-01-30	64
USA	24E	2025-01-31	62
USA	24E	2025-02-01	45
USA	24E	2025-02-02	54
USA	24E	2025-02-03	96
USA	24E	2025-02-04	79
USA	24E	2025-02-05	81
USA	24E	2025-02-06	50
USA	24E	2025-02-07	59
USA	24E	2025-02-08	36
USA	24E	2025-02-09	35
USA	24E	2025-02-10	80
USA	24E	2025-02-11	68
USA	24E	2025-02-12	54
USA	24E	2025-02-13	46
USA	24E	2025-02-14	53
USA	24E	2025-02-15	19
USA	24E	2025-02-16	30
USA	24E	2025-02-17	49
USA	24E	2025-02-18	68
USA	24E	2025-02-19	47
USA	24E	2025-02-20	43
USA	24E	2025-02-21	31
USA	24E	2025-02-22	29
USA	24E	2025-02-23	19
USA	24E	2025-02-24	54
USA	24E	2025-02-25	39
USA	24E	2025-02-26	45
USA	24E	2025-02-27	45
USA	24E	2025-02-28	35
USA	24E	2025-03-01	26
USA	24E	2025-03-02	23
USA	24E	2025-03-03	53
USA	24E	2025-03-04	38
USA	24E	2025-03-05	25
USA	24E	2025-03-06	27
USA	24E	2025-03-07	33
USA	24E	2025-03-08	20
USA	24E	2025-03-09	18
USA	24E	2025-03-10	34
USA	24E	2025-03-11	37
USA	24E	2025-03-12	40
USA	24E	2025-03-13	33
USA	24E	2025-03-14	26
USA	24E	2025-03-15	13
USA	24E	2025-03-16	12
USA	24E	2025-03-17	26
USA	24E	2025-03-18	20
USA	24E	2025-03-19	23
USA	24E	2025-03-20	22
USA	24E	2025-03-21	21
USA	24E	2025-03-22	4
USA	24E	2025-03-23	17
USA	24E	2025-03-24	20
USA	24E	2025-03-25	18
USA	24E	2025-03-26	25
USA	24E	2025-03-27	29
USA	24E	2025-03-28	12
USA	24E	2025-03-29	11
USA	24E	2025-03-30	7
USA	24E	2025-03-31	11
USA	24E	2025-04-01	12
USA	24E	2025-04-02	10
USA	24E	2025-04-03	13
USA	24E	2025-04-04	10
USA	24E	2025-04-05	3
USA	24E	2025-04-06	3
USA	24E	2025-04-07	12
USA	24E	2025-04-08	7
USA	24E	2025-04-09	18
USA	24E	2025-04-10	12
USA	24E	2025-04-11	10
USA	24E	2025-04-12	9
USA	24E	2025-04-13	6
USA	24E	2025-04-14	11
USA	24E	2025-04-15	13
USA	24E	2025-04-16	9
USA	24E	2025-04-17	8
USA	24E	2025-04-18	4
USA	24E	2025-04-19	6
USA	24E	2025-04-20	6
USA	24E	2025-04-21	6
USA	24E	2025-04-22	9
USA	24E	2025-04-23	6
USA	24E	2025-04-24	8
USA	24E	2025-04-25	4
USA	24E	2025-04-26	7
USA	24E	2025-04-27	3
USA	24E	2025-04-28	13
USA	24E	2025-04-29	1
USA	24E	2025-04-30	5
USA	24E	2025-05-01	6
USA	24E	2025-05-02	2
USA	24E	2025-05-03	1
USA	24E	2025-05-04	2
USA	24E	2025-05-05	1
USA	24E	2025-05-06	2
USA	24E	2025-05-07	4
USA	24E	2025-05-08	4
USA	24E	2025-05-09	2
USA	24E	2025-05-10	4
USA	24E	2025-05-11	1
USA	24E	2025-05-12	2
USA	24E	2025-05-14	2
USA	24E	2025-05-15	2
USA	24E	2025-05-16	1
USA	24E	2025-05-17	2
USA	24E	2025-05-19	3
USA	24E	2025-05-20	3
USA	24E	2025-05-21	1
USA	24E	2025-05-22	1
USA	24E	2025-05-23	4
USA	24E	2025-05-25	1
USA	24E	2025-05-26	2
USA	24E	2025-05-29	1
USA	24F	2024-07-14	1
USA	24F	2024-07-17	1
USA	24F	2024-07-23	2
USA	24F	2024-07-24	2
USA	24F	2024-07-25	1
USA	24F	2024-07-26	2
USA	24F	2024-07-28	1
USA	24F	2024-07-29	2
USA	24F	2024-07-31	2
USA	24F	2024-08-01	1
USA	24F	2024-08-02	3
USA	24F	2024-08-03	3
USA	24F	2024-08-05	2
USA	24F	2024-08-06	2
USA	24F	2024-08-07	6
USA	24F	2024-08-09	1
USA	24F	2024-08-10	1
USA	24F	2024-08-11	4
USA	24F	2024-08-12	6
USA	24F	2024-08-13	5
USA	24F	2024-08-14	5
USA	24F	2024-08-15	7
USA	24F	2024-08-16	4
USA	24F	2024-08-17	4
USA	24F	2024-08-18	1
USA	24F	2024-08-19	5
USA	24F	2024-08-20	7
USA	24F	2024-08-21	10
USA	24F	2024-08-22	3
USA	24F	2024-08-23	6
USA	24F	2024-08-24	7
USA	24F	2024-08-25	7
USA	24F	2024-08-26	7
USA	24F	2024-08-27	10
USA	24F	2024-08-28	10
USA	24F	2024-08-29	12
USA	24F	2024-08-30	18
USA	24F	2024-08-31	10
USA	24F	2024-09-01	6
USA	24F	2024-09-02	11
USA	24F	2024-09-03	18
USA	24F	2024-09-04	9
USA	24F	2024-09-05	11
USA	24F	2024-09-06	14
USA	24F	2024-09-07	6
USA	24F	2024-09-08	17
USA	24F	2024-09-09	22
USA	24F	2024-09-10	17
USA	24F	2024-09-11	31
USA	24F	2024-09-12	29
USA	24F	2024-09-13	14
USA	24F	2024-09-14	12
USA	24F	2024-09-15	13
USA	24F	2024-09-16	31
USA	24F	2024-09-17	26
USA	24F	2024-09-18	31
USA	24F	2024-09-19	31
USA	24F	2024-09-20	18
USA	24F	2024-09-21	17
USA	24F	2024-09-22	17
USA	24F	2024-09-23	36
USA	24F	2024-09-24	38
USA	24F	2024-09-25	35
USA	24F	2024-09-26	27
USA	24F	2024-09-27	29
USA	24F	2024-09-28	9
USA	24F	2024-09-29	15
USA	24F	2024-09-30	62
USA	24F	2024-10-01	36
USA	24F	2024-10-02	27
USA	24F	2024-10-03	40
USA	24F	2024-10-04	33
USA	24F	2024-10-05	25
USA	24F	2024-10-06	13
USA	24F	2024-10-07	35
USA	24F	2024-10-08	48
USA	24F	2024-10-09	29
USA	24F	2024-10-10	31
USA	24F	2024-10-11	33
USA	24F	2024-10-12	19
USA	24F	2024-10-13	28
USA	24F	2024-10-14	37
USA	24F	2024-10-15	35
USA	24F	2024-10-16	31
USA	24F	2024-10-17	46
USA	24F	2024-10-18	29
USA	24F	2024-10-19	19
USA	24F	2024-10-20	26
USA	24F	2024-10-21	46
USA	24F	2024-10-22	47
USA	24F	2024-10-23	44
USA	24F	2024-10-24	44
USA	24F	2024-10-25	47
USA	24F	2024-10-26	27
USA	24F	2024-10-27	22
USA	24F	2024-10-28	53
USA	24F	2024-10-29	55
USA	24F	2024-10-30	58
USA	24F	2024-10-31	56
USA	24F	2024-11-01	49
USA	24F	2024-11-02	27
USA	24F	2024-11-03	33
USA	24F	2024-11-04	52
USA	24F	2024-11-05	71
USA	24F	2024-11-06	56
USA	24F	2024-11-07	40
USA	24F	2024-11-08	50
USA	24F	2024-11-09	25
USA	24F	2024-11-10	32
USA	24F	2024-11-11	59
USA	24F	2024-11-12	46
USA	24F	2024-11-13	65
USA	24F	2024-11-14	60
USA	24F	2024-11-15	56
USA	24F	2024-11-16	40
USA	24F	2024-11-17	37
USA	24F	2024-11-18	73
USA	24F	2024-11-19	71
USA	24F	2024-11-20	57
USA	24F	2024-11-21	47
USA	24F	2024-11-22	49
USA	24F	2024-11-23	34
USA	24F	2024-11-24	39
USA	24F	2024-11-25	66
USA	24F	2024-11-26	57
USA	24F	2024-11-27	50
USA	24F	2024-11-28	39
USA	24F	2024-11-29	43
USA	24F	2024-11-30	41
USA	24F	2024-12-01	56
USA	24F	2024-12-02	110
USA	24F	2024-12-03	102
USA	24F	2024-12-04	96
USA	24F	2024-12-05	102
USA	24F	2024-12-06	75
USA	24F	2024-12-07	64
USA	24F	2024-12-08	73
USA	24F	2024-12-09	114
USA	24F	2024-12-10	114
USA	24F	2024-12-11	109
USA	24F	2024-12-12	101
USA	24F	2024-12-13	106
USA	24F	2024-12-14	56
USA	24F	2024-12-15	73
USA	24F	2024-12-16	170
USA	24F	2024-12-17	118
USA	24F	2024-12-18	129
USA	24F	2024-12-19	131
USA	24F	2024-12-20	120
USA	24F	2024-12-21	59
USA	24F	2024-12-22	92
USA	24F	2024-12-23	152
USA	24F	2024-12-24	123
USA	24F	2024-12-25	71
USA	24F	2024-12-26	161
USA	24F	2024-12-27	152
USA	24F	2024-12-28	143
USA	24F	2024-12-29	145
USA	24F	2024-12-30	214
USA	24F	2024-12-31	186
USA	24F	2025-01-01	103
USA	24F	2025-01-02	174
USA	24F	2025-01-03	180
USA	24F	2025-01-04	116
USA	24F	2025-01-05	114
USA	24F	2025-01-06	178
USA	24F	2025-01-07	175
USA	24F	2025-01-08	158
USA	24F	2025-01-09	138
USA	24F	2025-01-10	123
USA	24F	2025-01-11	88
USA	24F	2025-01-12	98
USA	24F	2025-01-13	165
USA	24F	2025-01-14	159
USA	24F	2025-01-15	159
USA	24F	2025-01-16	145
USA	24F	2025-01-17	136
USA	24F	2025-01-18	65
USA	24F	2025-01-19	75
USA	24F	2025-01-20	112
USA	24F	2025-01-21	177
USA	24F	2025-01-22	160
USA	24F	2025-01-23	168
USA	24F	2025-01-24	134
USA	24F	2025-01-25	77
USA	24F	2025-01-26	65
USA	24F	2025-01-27	129
USA	24F	2025-01-28	112
USA	24F	2025-01-29	106
USA	24F	2025-01-30	126
USA	24F	2025-01-31	120
USA	24F	2025-02-01	77
USA	24F	2025-02-02	123
USA	24F	2025-02-03	168
USA	24F	2025-02-04	159
USA	24F	2025-02-05	136
USA	24F	2025-02-06	131
USA	24F	2025-02-07	117
USA	24F	2025-02-08	70
USA	24F	2025-02-09	87
USA	24F	2025-02-10	156
USA	24F	2025-02-11	121
USA	24F	2025-02-12	110
USA	24F	2025-02-13	102
USA	24F	2025-02-14	107
USA	24F	2025-02-15	73
USA	24F	2025-02-16	56
USA	24F	2025-02-17	121
USA	24F	2025-02-18	83
USA	24F	2025-02-19	74
USA	24F	2025-02-20	71
USA	24F	2025-02-21	96
USA	24F	2025-02-22	61
USA	24F	2025-02-23	39
USA	24F	2025-02-24	102
USA	24F	2025-02-25	85
USA	24F	2025-02-26	76
USA	24F	2025-02-27	87
USA	24F	2025-02-28	61
USA	24F	2025-03-01	48
USA	24F	2025-03-02	50
USA	24F	2025-03-03	95
USA	24F	2025-03-04	66
USA	24F	2025-03-05	66
USA	24F	2025-03-06	63
USA	24F	2025-03-07	68
USA	24F	2025-03-08	37
USA	24F	2025-03-09	35
USA	24F	2025-03-10	52
USA	24F	2025-03-11	58
USA	24F	2025-03-12	51
USA	24F	2025-03-13	39
USA	24F	2025-03-14	41
USA	24F	2025-03-15	14
USA	24F	2025-03-16	21
USA	24F	2025-03-17	41
USA	24F	2025-03-18	32
USA	24F	2025-03-19	43
USA	24F	2025-03-20	45
USA	24F	2025-03-21	32
USA	24F	2025-03-22	24
USA	24F	2025-03-23	26
USA	24F	2025-03-24	28
USA	24F	2025-03-25	27
USA	24F	2025-03-26	38
USA	24F	2025-03-27	33
USA	24F	2025-03-28	30
USA	24F	2025-03-29	15
USA	24F	2025-03-30	13
USA	24F	2025-03-31	39
USA	24F	2025-04-01	24
USA	24F	2025-04-02	19
USA	24F	2025-04-03	23
USA	24F	2025-04-04	19
USA	24F	2025-04-05	13
USA	24F	2025-04-06	11
USA	24F	2025-04-07	20
USA	24F	2025-04-08	17
USA	24F	2025-04-09	29
USA	24F	2025-04-10	15
USA	24F	2025-04-11	24
USA	24F	2025-04-12	12
USA	24F	2025-04-13	8
USA	24F	2025-04-14	14
USA	24F	2025-04-15	8
USA	24F	2025-04-16	16
USA	24F	2025-04-17	10
USA	24F	2025-04-18	18
USA	24F	2025-04-19	8
USA	24F	2025-04-20	7
USA	24F	2025-04-21	13
USA	24F	2025-04-22	16
USA	24F	2025-04-23	12
USA	24F	2025-04-24	10
USA	24F	2025-04-25	5
USA	24F	2025-04-26	11
USA	24F	2025-04-27	10
USA	24F	2025-04-28	11
USA	24F	2025-04-29	9
USA	24F	2025-04-30	5
USA	24F	2025-05-01	12
USA	24F	2025-05-02	9
USA	24F	2025-05-03	3
USA	24F	2025-05-04	4
USA	24F	2025-05-05	6
USA	24F	2025-05-06	7
USA	24F	2025-05-07	1
USA	24F	2025-05-08	8
USA	24F	2025-05-09	4
USA	24F	2025-05-10	3
USA	24F	2025-05-11	2
USA	24F	2025-05-12	7
USA	24F	2025-05-13	7
USA	24F	2025-05-14	3
USA	24F	2025-05-16	5
USA	24F	2025-05-17	2
USA	24F	2025-05-18	4
USA	24F	2025-05-19	2
USA	24F	2025-05-20	4
USA	24F	2025-05-21	2
USA	24F	2025-05-22	3
USA	24F	2025-05-26	1
USA	24F	2025-05-27	2
USA	24F	2025-05-28	2
USA	24F	2025-05-29	1
USA	24F	2025-06-02	3
USA	24F	2025-06-03	2
USA	24F	2025-06-04	1
USA	24F	2025-06-10	1
USA	24G	2024-05-22	18
USA	24G	2024-05-23	14
USA	24G	2024-05-24	21
USA	24G	2024-05-25	16
USA	24G	2024-05-26	25
USA	24G	2024-05-27	19
USA	24G	2024-05-28	25
USA	24G	2024-05-29	22
USA	24G	2024-05-30	33
USA	24G	2024-05-31	29
USA	24G	2024-06-01	20
USA	24G	2024-06-02	24
USA	24G	2024-06-03	37
USA	24G	2024-06-04	38
USA	24G	2024-06-05	44
USA	24G	2024-06-06	30
USA	24G	2024-06-07	27
USA	24G	2024-06-08	19
USA	24G	2024-06-09	25
USA	24G	2024-06-10	55
USA	24G	2024-06-11	54
USA	24G	2024-06-12	51
USA	24G	2024-06-13	38
USA	24G	2024-06-14	45
USA	24G	2024-06-15	31
USA	24G	2024-06-16	35
USA	24G	2024-06-17	55
USA	24G	2024-06-18	43
USA	24G	2024-06-19	56
USA	24G	2024-06-20	64
USA	24G	2024-06-21	64
USA	24G	2024-06-22	38
USA	24G	2024-06-23	29
USA	24G	2024-06-24	80
USA	24G	2024-06-25	67
USA	24G	2024-06-26	79
USA	24G	2024-06-27	75
USA	24G	2024-06-28	79
USA	24G	2024-06-29	44
USA	24G	2024-06-30	42
USA	24G	2024-07-01	79
USA	24G	2024-07-02	72
USA	24G	2024-07-03	75
USA	24G	2024-07-04	36
USA	24G	2024-07-05	74
USA	24G	2024-07-06	72
USA	24G	2024-07-07	68
USA	24G	2024-07-08	113
USA	24G	2024-07-09	110
USA	24G	2024-07-10	123
USA	24G	2024-07-11	100
USA	24G	2024-07-12	109
USA	24G	2024-07-13	77
USA	24G	2024-07-14	71
USA	24G	2024-07-15	137
USA	24G	2024-07-16	125
USA	24G	2024-07-17	146
USA	24G	2024-07-18	125
USA	24G	2024-07-19	85
USA	24G	2024-07-20	71
USA	24G	2024-07-21	114
USA	24G	2024-07-22	182
USA	24G	2024-07-23	160
USA	24G	2024-07-24	134
USA	24G	2024-07-25	107
USA	24G	2024-07-26	120
USA	24G	2024-07-27	92
USA	24G	2024-07-28	100
USA	24G	2024-07-29	196
USA	24G	2024-07-30	137
USA	24G	2024-07-31	124
USA	24G	2024-08-01	133
USA	24G	2024-08-02	133
USA	24G	2024-08-03	96
USA	24G	2024-08-04	104
USA	24G	2024-08-05	170
USA	24G	2024-08-06	149
USA	24G	2024-08-07	128
USA	24G	2024-08-08	116
USA	24G	2024-08-09	122
USA	24G	2024-08-10	98
USA	24G	2024-08-11	93
USA	24G	2024-08-12	133
USA	24G	2024-08-13	127
USA	24G	2024-08-14	140
USA	24G	2024-08-15	127
USA	24G	2024-08-16	116
USA	24G	2024-08-17	80
USA	24G	2024-08-18	85
USA	24G	2024-08-19	135
USA	24G	2024-08-20	126
USA	24G	2024-08-21	116
USA	24G	2024-08-22	88
USA	24G	2024-08-23	81
USA	24G	2024-08-24	71
USA	24G	2024-08-25	65
USA	24G	2024-08-26	131
USA	24G	2024-08-27	101
USA	24G	2024-08-28	97
USA	24G	2024-08-29	87
USA	24G	2024-08-30	86
USA	24G	2024-08-31	51
USA	24G	2024-09-01	53
USA	24G	2024-09-02	55
USA	24G	2024-09-03	110
USA	24G	2024-09-04	116
USA	24G	2024-09-05	87
USA	24G	2024-09-06	59
USA	24G	2024-09-07	47
USA	24G	2024-09-08	48
USA	24G	2024-09-09	89
USA	24G	2024-09-10	74
USA	24G	2024-09-11	71
USA	24G	2024-09-12	75
USA	24G	2024-09-13	61
USA	24G	2024-09-14	38
USA	24G	2024-09-15	48
USA	24G	2024-09-16	80
USA	24G	2024-09-17	66
USA	24G	2024-09-18	56
USA	24G	2024-09-19	55
USA	24G	2024-09-20	46
USA	24G	2024-09-21	36
USA	24G	2024-09-22	27
USA	24G	2024-09-23	60
USA	24G	2024-09-24	38
USA	24G	2024-09-25	38
USA	24G	2024-09-26	25
USA	24G	2024-09-27	32
USA	24G	2024-09-28	19
USA	24G	2024-09-29	18
USA	24G	2024-09-30	32
USA	24G	2024-10-01	18
USA	24G	2024-10-02	17
USA	24G	2024-10-03	17
USA	24G	2024-10-04	13
USA	24G	2024-10-05	8
USA	24G	2024-10-06	17
USA	24G	2024-10-07	14
USA	24G	2024-10-08	22
USA	24G	2024-10-09	21
USA	24G	2024-10-10	15
USA	24G	2024-10-11	11
USA	24G	2024-10-12	6
USA	24G	2024-10-13	13
USA	24G	2024-10-14	18
USA	24G	2024-10-15	18
USA	24G	2024-10-16	13
USA	24G	2024-10-17	12
USA	24G	2024-10-18	9
USA	24G	2024-10-19	6
USA	24G	2024-10-20	7
USA	24G	2024-10-21	13
USA	24G	2024-10-22	11
USA	24G	2024-10-23	8
USA	24G	2024-10-24	15
USA	24G	2024-10-25	7
USA	24G	2024-10-26	1
USA	24G	2024-10-27	2
USA	24G	2024-10-28	5
USA	24G	2024-10-29	5
USA	24G	2024-10-30	8
USA	24G	2024-10-31	5
USA	24G	2024-11-01	4
USA	24G	2024-11-02	4
USA	24G	2024-11-03	2
USA	24G	2024-11-04	9
USA	24G	2024-11-05	3
USA	24G	2024-11-06	7
USA	24G	2024-11-07	3
USA	24G	2024-11-08	1
USA	24G	2024-11-09	2
USA	24G	2024-11-10	1
USA	24G	2024-11-11	4
USA	24G	2024-11-12	2
USA	24G	2024-11-13	5
USA	24G	2024-11-14	5
USA	24G	2024-11-15	2
USA	24G	2024-11-16	1
USA	24G	2024-11-17	2
USA	24G	2024-11-18	6
USA	24G	2024-11-19	6
USA	24G	2024-11-20	4
USA	24G	2024-11-21	1
USA	24G	2024-11-23	1
USA	24G	2024-11-24	1
USA	24G	2024-11-25	3
USA	24G	2024-11-26	2
USA	24G	2024-11-27	1
USA	24G	2024-11-28	2
USA	24G	2024-11-29	1
USA	24G	2024-12-01	1
USA	24G	2024-12-03	2
USA	24G	2024-12-04	3
USA	24G	2024-12-05	1
USA	24G	2024-12-06	1
USA	24G	2024-12-08	2
USA	24G	2024-12-09	1
USA	24G	2024-12-10	1
USA	24G	2024-12-11	1
USA	24G	2024-12-13	2
USA	24G	2024-12-14	1
USA	24G	2024-12-15	2
USA	24G	2024-12-16	1
USA	24G	2024-12-17	5
USA	24G	2024-12-18	1
USA	24G	2024-12-20	2
USA	24G	2024-12-21	2
USA	24G	2024-12-22	1
USA	24G	2024-12-23	4
USA	24G	2024-12-25	2
USA	24G	2024-12-26	1
USA	24G	2024-12-29	3
USA	24G	2025-01-01	2
USA	24G	2025-01-02	1
USA	24G	2025-01-03	1
USA	24G	2025-01-05	1
USA	24G	2025-01-07	1
USA	24G	2025-01-08	4
USA	24G	2025-01-09	1
USA	24G	2025-01-14	1
USA	24G	2025-01-16	1
USA	24G	2025-01-17	2
USA	24G	2025-01-18	2
USA	24G	2025-01-19	1
USA	24G	2025-01-22	1
USA	24G	2025-01-23	3
USA	24G	2025-01-24	1
USA	24G	2025-01-26	1
USA	24G	2025-01-31	1
USA	24G	2025-02-07	1
USA	24G	2025-02-18	1
USA	24G	2025-02-21	1
USA	24G	2025-03-24	1
USA	24G	2025-03-26	1
USA	24H	2024-07-29	1
USA	24H	2024-08-03	2
USA	24H	2024-08-08	1
USA	24H	2024-08-12	1
USA	24H	2024-08-14	2
USA	24H	2024-08-22	1
USA	24H	2024-08-23	1
USA	24H	2024-08-24	1
USA	24H	2024-08-25	2
USA	24H	2024-08-27	2
USA	24H	2024-08-28	4
USA	24H	2024-08-29	2
USA	24H	2024-08-30	1
USA	24H	2024-09-01	1
USA	24H	2024-09-03	1
USA	24H	2024-09-04	1
USA	24H	2024-09-06	2
USA	24H	2024-09-07	1
USA	24H	2024-09-08	1
USA	24H	2024-09-09	1
USA	24H	2024-09-11	3
USA	24H	2024-09-12	2
USA	24H	2024-09-14	3
USA	24H	2024-09-16	4
USA	24H	2024-09-18	7
USA	24H	2024-09-19	2
USA	24H	2024-09-20	1
USA	24H	2024-09-21	2
USA	24H	2024-09-22	1
USA	24H	2024-09-23	4
USA	24H	2024-09-24	2
USA	24H	2024-09-25	2
USA	24H	2024-09-26	3
USA	24H	2024-09-27	1
USA	24H	2024-09-29	5
USA	24H	2024-09-30	3
USA	24H	2024-10-01	1
USA	24H	2024-10-02	4
USA	24H	2024-10-03	5
USA	24H	2024-10-04	1
USA	24H	2024-10-06	1
USA	24H	2024-10-07	3
USA	24H	2024-10-08	2
USA	24H	2024-10-09	5
USA	24H	2024-10-10	1
USA	24H	2024-10-11	5
USA	24H	2024-10-12	2
USA	24H	2024-10-14	3
USA	24H	2024-10-15	6
USA	24H	2024-10-16	3
USA	24H	2024-10-18	1
USA	24H	2024-10-20	2
USA	24H	2024-10-21	2
USA	24H	2024-10-22	7
USA	24H	2024-10-24	4
USA	24H	2024-10-25	4
USA	24H	2024-10-26	4
USA	24H	2024-10-27	1
USA	24H	2024-10-28	1
USA	24H	2024-10-29	4
USA	24H	2024-10-30	9
USA	24H	2024-10-31	4
USA	24H	2024-11-01	4
USA	24H	2024-11-04	5
USA	24H	2024-11-05	4
USA	24H	2024-11-06	5
USA	24H	2024-11-07	13
USA	24H	2024-11-08	3
USA	24H	2024-11-09	2
USA	24H	2024-11-10	3
USA	24H	2024-11-11	5
USA	24H	2024-11-12	3
USA	24H	2024-11-13	3
USA	24H	2024-11-14	6
USA	24H	2024-11-15	4
USA	24H	2024-11-16	1
USA	24H	2024-11-17	5
USA	24H	2024-11-18	2
USA	24H	2024-11-19	6
USA	24H	2024-11-20	9
USA	24H	2024-11-21	4
USA	24H	2024-11-22	5
USA	24H	2024-11-23	6
USA	24H	2024-11-24	2
USA	24H	2024-11-25	4
USA	24H	2024-11-26	8
USA	24H	2024-11-27	5
USA	24H	2024-11-28	1
USA	24H	2024-11-29	7
USA	24H	2024-11-30	2
USA	24H	2024-12-01	3
USA	24H	2024-12-02	11
USA	24H	2024-12-03	8
USA	24H	2024-12-04	10
USA	24H	2024-12-05	11
USA	24H	2024-12-06	6
USA	24H	2024-12-07	6
USA	24H	2024-12-08	5
USA	24H	2024-12-09	8
USA	24H	2024-12-10	14
USA	24H	2024-12-11	6
USA	24H	2024-12-12	5
USA	24H	2024-12-13	13
USA	24H	2024-12-14	1
USA	24H	2024-12-15	5
USA	24H	2024-12-16	9
USA	24H	2024-12-17	11
USA	24H	2024-12-18	11
USA	24H	2024-12-19	8
USA	24H	2024-12-20	10
USA	24H	2024-12-21	7
USA	24H	2024-12-22	4
USA	24H	2024-12-23	14
USA	24H	2024-12-24	9
USA	24H	2024-12-25	7
USA	24H	2024-12-26	11
USA	24H	2024-12-27	9
USA	24H	2024-12-28	9
USA	24H	2024-12-29	6
USA	24H	2024-12-30	16
USA	24H	2024-12-31	10
USA	24H	2025-01-01	7
USA	24H	2025-01-02	17
USA	24H	2025-01-03	18
USA	24H	2025-01-04	10
USA	24H	2025-01-05	16
USA	24H	2025-01-06	17
USA	24H	2025-01-07	11
USA	24H	2025-01-08	9
USA	24H	2025-01-09	15
USA	24H	2025-01-10	8
USA	24H	2025-01-11	5
USA	24H	2025-01-12	9
USA	24H	2025-01-13	21
USA	24H	2025-01-14	12
USA	24H	2025-01-15	12
USA	24H	2025-01-16	10
USA	24H	2025-01-17	17
USA	24H	2025-01-18	3
USA	24H	2025-01-19	9
USA	24H	2025-01-20	8
USA	24H	2025-01-21	12
USA	24H	2025-01-22	20
USA	24H	2025-01-23	9
USA	24H	2025-01-24	9
USA	24H	2025-01-25	7
USA	24H	2025-01-26	7
USA	24H	2025-01-27	10
USA	24H	2025-01-28	17
USA	24H	2025-01-29	14
USA	24H	2025-01-30	11
USA	24H	2025-01-31	9
USA	24H	2025-02-01	11
USA	24H	2025-02-02	6
USA	24H	2025-02-03	15
USA	24H	2025-02-04	16
USA	24H	2025-02-05	9
USA	24H	2025-02-06	21
USA	24H	2025-02-07	14
USA	24H	2025-02-08	12
USA	24H	2025-02-09	15
USA	24H	2025-02-10	22
USA	24H	2025-02-11	17
USA	24H	2025-02-12	7
USA	24H	2025-02-13	20
USA	24H	2025-02-14	15
USA	24H	2025-02-15	10
USA	24H	2025-02-16	5
USA	24H	2025-02-17	17
USA	24H	2025-02-18	20
USA	24H	2025-02-19	17
USA	24H	2025-02-20	20
USA	24H	2025-02-21	5
USA	24H	2025-02-22	17
USA	24H	2025-02-23	6
USA	24H	2025-02-24	20
USA	24H	2025-02-25	15
USA	24H	2025-02-26	18
USA	24H	2025-02-27	9
USA	24H	2025-02-28	18
USA	24H	2025-03-01	13
USA	24H	2025-03-02	13
USA	24H	2025-03-03	18
USA	24H	2025-03-04	21
USA	24H	2025-03-05	12
USA	24H	2025-03-06	15
USA	24H	2025-03-07	18
USA	24H	2025-03-08	6
USA	24H	2025-03-09	12
USA	24H	2025-03-10	24
USA	24H	2025-03-11	15
USA	24H	2025-03-12	14
USA	24H	2025-03-13	17
USA	24H	2025-03-14	10
USA	24H	2025-03-15	12
USA	24H	2025-03-16	7
USA	24H	2025-03-17	14
USA	24H	2025-03-18	8
USA	24H	2025-03-19	17
USA	24H	2025-03-20	13
USA	24H	2025-03-21	10
USA	24H	2025-03-22	11
USA	24H	2025-03-23	5
USA	24H	2025-03-24	20
USA	24H	2025-03-25	19
USA	24H	2025-03-26	18
USA	24H	2025-03-27	17
USA	24H	2025-03-28	16
USA	24H	2025-03-29	8
USA	24H	2025-03-30	8
USA	24H	2025-03-31	25
USA	24H	2025-04-01	19
USA	24H	2025-04-02	23
USA	24H	2025-04-03	13
USA	24H	2025-04-04	14
USA	24H	2025-04-05	8
USA	24H	2025-04-06	15
USA	24H	2025-04-07	25
USA	24H	2025-04-08	16
USA	24H	2025-04-09	10
USA	24H	2025-04-10	13
USA	24H	2025-04-11	7
USA	24H	2025-04-12	7
USA	24H	2025-04-13	6
USA	24H	2025-04-14	20
USA	24H	2025-04-15	11
USA	24H	2025-04-16	8
USA	24H	2025-04-17	4
USA	24H	2025-04-18	4
USA	24H	2025-04-19	7
USA	24H	2025-04-20	6
USA	24H	2025-04-21	16
USA	24H	2025-04-22	7
USA	24H	2025-04-23	7
USA	24H	2025-04-24	8
USA	24H	2025-04-25	5
USA	24H	2025-04-26	8
USA	24H	2025-04-27	5
USA	24H	2025-04-28	7
USA	24H	2025-04-29	9
USA	24H	2025-04-30	4
USA	24H	2025-05-01	2
USA	24H	2025-05-02	3
USA	24H	2025-05-03	1
USA	24H	2025-05-04	4
USA	24H	2025-05-05	5
USA	24H	2025-05-06	5
USA	24H	2025-05-07	4
USA	24H	2025-05-08	4
USA	24H	2025-05-09	4
USA	24H	2025-05-10	5
USA	24H	2025-05-11	1
USA	24H	2025-05-12	12
USA	24H	2025-05-13	7
USA	24H	2025-05-14	6
USA	24H	2025-05-15	5
USA	24H	2025-05-16	1
USA	24H	2025-05-17	2
USA	24H	2025-05-18	3
USA	24H	2025-05-19	5
USA	24H	2025-05-20	5
USA	24H	2025-05-21	3
USA	24H	2025-05-22	7
USA	24H	2025-05-23	4
USA	24H	2025-05-25	3
USA	24H	2025-05-26	3
USA	24H	2025-05-27	4
USA	24H	2025-05-28	10
USA	24H	2025-05-29	1
USA	24H	2025-05-31	1
USA	24H	2025-06-02	2
USA	24H	2025-06-03	3
USA	24H	2025-06-04	2
USA	24H	2025-06-05	1
USA	24H	2025-06-06	1
USA	24H	2025-06-07	1
USA	24H	2025-06-08	1
USA	24H	2025-06-09	1
USA	24H	2025-06-10	2
USA	25A	2024-08-28	1
USA	25A	2024-09-08	1
USA	25A	2024-09-12	1
USA	25A	2024-09-25	1
USA	25A	2024-10-02	1
USA	25A	2024-10-09	1
USA	25A	2024-10-10	3
USA	25A	2024-10-11	1
USA	25A	2024-10-12	1
USA	25A	2024-10-14	3
USA	25A	2024-10-16	3
USA	25A	2024-10-17	4
USA	25A	2024-10-18	1
USA	25A	2024-10-19	1
USA	25A	2024-10-20	1
USA	25A	2024-10-22	1
USA	25A	2024-10-24	1
USA	25A	2024-10-26	1
USA	25A	2024-10-28	5
USA	25A	2024-10-29	5
USA	25A	2024-10-30	2
USA	25A	2024-10-31	3
USA	25A	2024-11-01	6
USA	25A	2024-11-02	2
USA	25A	2024-11-03	1
USA	25A	2024-11-04	6
USA	25A	2024-11-05	4
USA	25A	2024-11-06	6
USA	25A	2024-11-07	3
USA	25A	2024-11-08	2
USA	25A	2024-11-09	2
USA	25A	2024-11-10	2
USA	25A	2024-11-11	9
USA	25A	2024-11-12	5
USA	25A	2024-11-13	7
USA	25A	2024-11-14	6
USA	25A	2024-11-15	6
USA	25A	2024-11-16	1
USA	25A	2024-11-17	3
USA	25A	2024-11-18	4
USA	25A	2024-11-19	14
USA	25A	2024-11-20	3
USA	25A	2024-11-21	7
USA	25A	2024-11-22	7
USA	25A	2024-11-23	3
USA	25A	2024-11-24	3
USA	25A	2024-11-25	7
USA	25A	2024-11-26	11
USA	25A	2024-11-27	12
USA	25A	2024-11-28	5
USA	25A	2024-11-29	6
USA	25A	2024-11-30	2
USA	25A	2024-12-01	6
USA	25A	2024-12-02	12
USA	25A	2024-12-03	19
USA	25A	2024-12-04	6
USA	25A	2024-12-05	5
USA	25A	2024-12-06	9
USA	25A	2024-12-07	8
USA	25A	2024-12-08	13
USA	25A	2024-12-09	13
USA	25A	2024-12-10	17
USA	25A	2024-12-11	16
USA	25A	2024-12-12	14
USA	25A	2024-12-13	24
USA	25A	2024-12-14	13
USA	25A	2024-12-15	11
USA	25A	2024-12-16	12
USA	25A	2024-12-17	26
USA	25A	2024-12-18	17
USA	25A	2024-12-19	22
USA	25A	2024-12-20	24
USA	25A	2024-12-21	11
USA	25A	2024-12-22	11
USA	25A	2024-12-23	28
USA	25A	2024-12-24	23
USA	25A	2024-12-25	16
USA	25A	2024-12-26	40
USA	25A	2024-12-27	39
USA	25A	2024-12-28	27
USA	25A	2024-12-29	32
USA	25A	2024-12-30	49
USA	25A	2024-12-31	30
USA	25A	2025-01-01	27
USA	25A	2025-01-02	40
USA	25A	2025-01-03	39
USA	25A	2025-01-04	14
USA	25A	2025-01-05	34
USA	25A	2025-01-06	51
USA	25A	2025-01-07	52
USA	25A	2025-01-08	44
USA	25A	2025-01-09	42
USA	25A	2025-01-10	26
USA	25A	2025-01-11	27
USA	25A	2025-01-12	27
USA	25A	2025-01-13	60
USA	25A	2025-01-14	62
USA	25A	2025-01-15	56
USA	25A	2025-01-16	67
USA	25A	2025-01-17	47
USA	25A	2025-01-18	34
USA	25A	2025-01-19	27
USA	25A	2025-01-20	65
USA	25A	2025-01-21	69
USA	25A	2025-01-22	79
USA	25A	2025-01-23	71
USA	25A	2025-01-24	48
USA	25A	2025-01-25	42
USA	25A	2025-01-26	45
USA	25A	2025-01-27	72
USA	25A	2025-01-28	57
USA	25A	2025-01-29	72
USA	25A	2025-01-30	69
USA	25A	2025-01-31	69
USA	25A	2025-02-01	59
USA	25A	2025-02-02	55
USA	25A	2025-02-03	111
USA	25A	2025-02-04	116
USA	25A	2025-02-05	104
USA	25A	2025-02-06	84
USA	25A	2025-02-07	75
USA	25A	2025-02-08	52
USA	25A	2025-02-09	49
USA	25A	2025-02-10	105
USA	25A	2025-02-11	83
USA	25A	2025-02-12	101
USA	25A	2025-02-13	107
USA	25A	2025-02-14	82
USA	25A	2025-02-15	69
USA	25A	2025-02-16	68
USA	25A	2025-02-17	95
USA	25A	2025-02-18	101
USA	25A	2025-02-19	78
USA	25A	2025-02-20	99
USA	25A	2025-02-21	75
USA	25A	2025-02-22	59
USA	25A	2025-02-23	50
USA	25A	2025-02-24	103
USA	25A	2025-02-25	131
USA	25A	2025-02-26	116
USA	25A	2025-02-27	113
USA	25A	2025-02-28	100
USA	25A	2025-03-01	55
USA	25A	2025-03-02	64
USA	25A	2025-03-03	122
USA	25A	2025-03-04	96
USA	25A	2025-03-05	115
USA	25A	2025-03-06	125
USA	25A	2025-03-07	123
USA	25A	2025-03-08	58
USA	25A	2025-03-09	59
USA	25A	2025-03-10	116
USA	25A	2025-03-11	103
USA	25A	2025-03-12	100
USA	25A	2025-03-13	123
USA	25A	2025-03-14	100
USA	25A	2025-03-15	62
USA	25A	2025-03-16	65
USA	25A	2025-03-17	124
USA	25A	2025-03-18	89
USA	25A	2025-03-19	94
USA	25A	2025-03-20	91
USA	25A	2025-03-21	75
USA	25A	2025-03-22	64
USA	25A	2025-03-23	71
USA	25A	2025-03-24	125
USA	25A	2025-03-25	126
USA	25A	2025-03-26	123
USA	25A	2025-03-27	113
USA	25A	2025-03-28	69
USA	25A	2025-03-29	51
USA	25A	2025-03-30	77
USA	25A	2025-03-31	127
USA	25A	2025-04-01	115
USA	25A	2025-04-02	109
USA	25A	2025-04-03	99
USA	25A	2025-04-04	85
USA	25A	2025-04-05	52
USA	25A	2025-04-06	69
USA	25A	2025-04-07	134
USA	25A	2025-04-08	109
USA	25A	2025-04-09	111
USA	25A	2025-04-10	99
USA	25A	2025-04-11	69
USA	25A	2025-04-12	45
USA	25A	2025-04-13	48
USA	25A	2025-04-14	90
USA	25A	2025-04-15	60
USA	25A	2025-04-16	82
USA	25A	2025-04-17	62
USA	25A	2025-04-18	60
USA	25A	2025-04-19	34
USA	25A	2025-04-20	35
USA	25A	2025-04-21	80
USA	25A	2025-04-22	69
USA	25A	2025-04-23	69
USA	25A	2025-04-24	61
USA	25A	2025-04-25	74
USA	25A	2025-04-26	32
USA	25A	2025-04-27	46
USA	25A	2025-04-28	54
USA	25A	2025-04-29	48
USA	25A	2025-04-30	61
USA	25A	2025-05-01	39
USA	25A	2025-05-02	38
USA	25A	2025-05-03	34
USA	25A	2025-05-04	28
USA	25A	2025-05-05	46
USA	25A	2025-05-06	49
USA	25A	2025-05-07	44
USA	25A	2025-05-08	32
USA	25A	2025-05-09	35
USA	25A	2025-05-10	26
USA	25A	2025-05-11	30
USA	25A	2025-05-12	51
USA	25A	2025-05-13	25
USA	25A	2025-05-14	46
USA	25A	2025-05-15	32
USA	25A	2025-05-16	41
USA	25A	2025-05-17	13
USA	25A	2025-05-18	24
USA	25A	2025-05-19	31
USA	25A	2025-05-20	30
USA	25A	2025-05-21	34
USA	25A	2025-05-22	29
USA	25A	2025-05-23	24
USA	25A	2025-05-24	19
USA	25A	2025-05-25	17
USA	25A	2025-05-26	14
USA	25A	2025-05-27	25
USA	25A	2025-05-28	16
USA	25A	2025-05-29	19
USA	25A	2025-05-30	16
USA	25A	2025-05-31	3
USA	25A	2025-06-01	7
USA	25A	2025-06-02	9
USA	25A	2025-06-03	11
USA	25A	2025-06-04	11
USA	25A	2025-06-05	7
USA	25A	2025-06-06	3
USA	25A	2025-06-07	1
USA	25A	2025-06-08	1
USA	25A	2025-06-09	3
USA	25A	2025-06-10	3
USA	25B	2025-03-06	1
USA	25B	2025-03-18	3
USA	25B	2025-03-24	1
USA	25B	2025-03-25	1
USA	25B	2025-03-27	1
USA	25B	2025-03-30	4
USA	25B	2025-03-31	2
USA	25B	2025-04-01	4
USA	25B	2025-04-02	1
USA	25B	2025-04-06	3
USA	25B	2025-04-07	1
USA	25B	2025-04-08	3
USA	25B	2025-04-09	2
USA	25B	2025-04-10	1
USA	25B	2025-04-11	1
USA	25B	2025-04-12	1
USA	25B	2025-04-13	1
USA	25B	2025-04-14	3
USA	25B	2025-04-15	3
USA	25B	2025-04-16	1
USA	25B	2025-04-17	2
USA	25B	2025-04-19	1
USA	25B	2025-04-20	4
USA	25B	2025-04-21	4
USA	25B	2025-04-22	8
USA	25B	2025-04-23	5
USA	25B	2025-04-24	3
USA	25B	2025-04-25	1
USA	25B	2025-04-26	1
USA	25B	2025-04-27	8
USA	25B	2025-04-28	9
USA	25B	2025-04-29	4
USA	25B	2025-04-30	2
USA	25B	2025-05-01	5
USA	25B	2025-05-02	2
USA	25B	2025-05-03	3
USA	25B	2025-05-04	2
USA	25B	2025-05-05	4
USA	25B	2025-05-06	2
USA	25B	2025-05-07	4
USA	25B	2025-05-08	8
USA	25B	2025-05-09	2
USA	25B	2025-05-10	2
USA	25B	2025-05-11	8
USA	25B	2025-05-12	10
USA	25B	2025-05-13	8
USA	25B	2025-05-14	10
USA	25B	2025-05-15	14
USA	25B	2025-05-16	8
USA	25B	2025-05-17	3
USA	25B	2025-05-18	4
USA	25B	2025-05-19	4
USA	25B	2025-05-20	13
USA	25B	2025-05-21	10
USA	25B	2025-05-22	7
USA	25B	2025-05-23	3
USA	25B	2025-05-24	6
USA	25B	2025-05-25	8
USA	25B	2025-05-26	5
USA	25B	2025-05-27	8
USA	25B	2025-05-28	4
USA	25B	2025-05-29	10
USA	25B	2025-05-30	1
USA	25B	2025-06-01	5
USA	25B	2025-06-02	12
USA	25B	2025-06-03	12
USA	25B	2025-06-04	6
USA	25B	2025-06-05	4
USA	25B	2025-06-07	2
USA	25B	2025-06-08	4
USA	25B	2025-06-09	3
USA	25C	2025-02-11	1
USA	25C	2025-02-25	1
USA	25C	2025-02-27	1
USA	25C	2025-03-06	1
USA	25C	2025-03-14	1
USA	25C	2025-03-18	1
USA	25C	2025-03-20	1
USA	25C	2025-03-23	1
USA	25C	2025-03-24	2
USA	25C	2025-03-25	3
USA	25C	2025-03-26	3
USA	25C	2025-03-27	4
USA	25C	2025-03-28	2
USA	25C	2025-03-29	1
USA	25C	2025-03-30	3
USA	25C	2025-03-31	2
USA	25C	2025-04-01	4
USA	25C	2025-04-02	4
USA	25C	2025-04-03	5
USA	25C	2025-04-04	2
USA	25C	2025-04-06	1
USA	25C	2025-04-07	10
USA	25C	2025-04-08	2
USA	25C	2025-04-09	7
USA	25C	2025-04-10	4
USA	25C	2025-04-11	4
USA	25C	2025-04-12	3
USA	25C	2025-04-14	4
USA	25C	2025-04-15	1
USA	25C	2025-04-16	6
USA	25C	2025-04-17	3
USA	25C	2025-04-18	8
USA	25C	2025-04-19	2
USA	25C	2025-04-20	1
USA	25C	2025-04-21	7
USA	25C	2025-04-22	6
USA	25C	2025-04-23	7
USA	25C	2025-04-24	5
USA	25C	2025-04-25	3
USA	25C	2025-04-26	4
USA	25C	2025-04-27	5
USA	25C	2025-04-28	11
USA	25C	2025-04-29	3
USA	25C	2025-04-30	2
USA	25C	2025-05-01	1
USA	25C	2025-05-02	6
USA	25C	2025-05-03	4
USA	25C	2025-05-04	3
USA	25C	2025-05-05	14
USA	25C	2025-05-06	7
USA	25C	2025-05-07	12
USA	25C	2025-05-08	9
USA	25C	2025-05-09	4
USA	25C	2025-05-10	5
USA	25C	2025-05-11	3
USA	25C	2025-05-12	12
USA	25C	2025-05-13	8
USA	25C	2025-05-14	6
USA	25C	2025-05-15	8
USA	25C	2025-05-16	4
USA	25C	2025-05-17	6
USA	25C	2025-05-18	7
USA	25C	2025-05-19	10
USA	25C	2025-05-20	8
USA	25C	2025-05-21	7
USA	25C	2025-05-22	16
USA	25C	2025-05-23	13
USA	25C	2025-05-24	11
USA	25C	2025-05-25	14
USA	25C	2025-05-26	11
USA	25C	2025-05-27	13
USA	25C	2025-05-28	16
USA	25C	2025-05-29	11
USA	25C	2025-05-30	8
USA	25C	2025-05-31	5
USA	25C	2025-06-01	7
USA	25C	2025-06-02	11
USA	25C	2025-06-03	8
USA	25C	2025-06-04	14
USA	25C	2025-06-05	10
USA	25C	2025-06-06	3
USA	25C	2025-06-07	1
USA	25C	2025-06-08	4
USA	25C	2025-06-09	5
USA	other	2024-05-22	12
USA	other	2024-05-23	2
USA	other	2024-05-24	10
USA	other	2024-05-25	8
USA	other	2024-05-26	9
USA	other	2024-05-27	8
USA	other	2024-05-28	11
USA	other	2024-05-29	4
USA	other	2024-05-30	4
USA	other	2024-05-31	8
USA	other	2024-06-01	6
USA	other	2024-06-02	5
USA	other	2024-06-03	12
USA	other	2024-06-04	10
USA	other	2024-06-05	8
USA	other	2024-06-06	12
USA	other	2024-06-07	8
USA	other	2024-06-08	7
USA	other	2024-06-09	7
USA	other	2024-06-10	10
USA	other	2024-06-11	7
USA	other	2024-06-12	8
USA	other	2024-06-13	10
USA	other	2024-06-14	4
USA	other	2024-06-15	4
USA	other	2024-06-16	1
USA	other	2024-06-17	8
USA	other	2024-06-18	10
USA	other	2024-06-19	8
USA	other	2024-06-20	9
USA	other	2024-06-21	5
USA	other	2024-06-22	6
USA	other	2024-06-23	3
USA	other	2024-06-24	13
USA	other	2024-06-25	8
USA	other	2024-06-26	9
USA	other	2024-06-27	13
USA	other	2024-06-28	12
USA	other	2024-06-29	9
USA	other	2024-06-30	6
USA	other	2024-07-01	9
USA	other	2024-07-02	7
USA	other	2024-07-03	9
USA	other	2024-07-04	4
USA	other	2024-07-05	6
USA	other	2024-07-06	6
USA	other	2024-07-07	4
USA	other	2024-07-08	12
USA	other	2024-07-09	13
USA	other	2024-07-10	11
USA	other	2024-07-11	15
USA	other	2024-07-12	5
USA	other	2024-07-13	5
USA	other	2024-07-14	4
USA	other	2024-07-15	9
USA	other	2024-07-16	9
USA	other	2024-07-17	9
USA	other	2024-07-18	7
USA	other	2024-07-19	4
USA	other	2024-07-20	4
USA	other	2024-07-21	7
USA	other	2024-07-22	9
USA	other	2024-07-23	14
USA	other	2024-07-24	7
USA	other	2024-07-25	12
USA	other	2024-07-26	8
USA	other	2024-07-27	5
USA	other	2024-07-28	6
USA	other	2024-07-29	16
USA	other	2024-07-30	6
USA	other	2024-07-31	11
USA	other	2024-08-01	10
USA	other	2024-08-02	5
USA	other	2024-08-03	4
USA	other	2024-08-04	7
USA	other	2024-08-05	10
USA	other	2024-08-06	12
USA	other	2024-08-07	13
USA	other	2024-08-08	6
USA	other	2024-08-09	10
USA	other	2024-08-10	4
USA	other	2024-08-11	9
USA	other	2024-08-12	6
USA	other	2024-08-13	12
USA	other	2024-08-14	11
USA	other	2024-08-15	12
USA	other	2024-08-16	9
USA	other	2024-08-17	7
USA	other	2024-08-18	8
USA	other	2024-08-19	13
USA	other	2024-08-20	8
USA	other	2024-08-21	9
USA	other	2024-08-22	11
USA	other	2024-08-23	9
USA	other	2024-08-24	7
USA	other	2024-08-25	7
USA	other	2024-08-26	17
USA	other	2024-08-27	9
USA	other	2024-08-28	15
USA	other	2024-08-29	14
USA	other	2024-08-30	18
USA	other	2024-08-31	7
USA	other	2024-09-01	4
USA	other	2024-09-02	8
USA	other	2024-09-03	17
USA	other	2024-09-04	15
USA	other	2024-09-05	14
USA	other	2024-09-06	9
USA	other	2024-09-07	4
USA	other	2024-09-08	6
USA	other	2024-09-09	11
USA	other	2024-09-10	12
USA	other	2024-09-11	14
USA	other	2024-09-12	11
USA	other	2024-09-13	15
USA	other	2024-09-14	8
USA	other	2024-09-15	10
USA	other	2024-09-16	12
USA	other	2024-09-17	16
USA	other	2024-09-18	11
USA	other	2024-09-19	13
USA	other	2024-09-20	8
USA	other	2024-09-21	4
USA	other	2024-09-22	6
USA	other	2024-09-23	15
USA	other	2024-09-24	19
USA	other	2024-09-25	12
USA	other	2024-09-26	15
USA	other	2024-09-27	7
USA	other	2024-09-28	2
USA	other	2024-09-29	6
USA	other	2024-09-30	12
USA	other	2024-10-01	10
USA	other	2024-10-02	14
USA	other	2024-10-03	10
USA	other	2024-10-04	9
USA	other	2024-10-05	4
USA	other	2024-10-06	7
USA	other	2024-10-07	13
USA	other	2024-10-08	7
USA	other	2024-10-09	4
USA	other	2024-10-10	9
USA	other	2024-10-11	15
USA	other	2024-10-12	4
USA	other	2024-10-13	1
USA	other	2024-10-14	12
USA	other	2024-10-15	7
USA	other	2024-10-16	5
USA	other	2024-10-17	8
USA	other	2024-10-18	3
USA	other	2024-10-19	3
USA	other	2024-10-20	8
USA	other	2024-10-21	5
USA	other	2024-10-22	12
USA	other	2024-10-23	13
USA	other	2024-10-24	5
USA	other	2024-10-25	6
USA	other	2024-10-26	5
USA	other	2024-10-27	7
USA	other	2024-10-28	7
USA	other	2024-10-29	12
USA	other	2024-10-30	10
USA	other	2024-10-31	18
USA	other	2024-11-01	9
USA	other	2024-11-02	7
USA	other	2024-11-03	6
USA	other	2024-11-04	11
USA	other	2024-11-05	8
USA	other	2024-11-06	20
USA	other	2024-11-07	12
USA	other	2024-11-08	14
USA	other	2024-11-09	13
USA	other	2024-11-10	12
USA	other	2024-11-11	15
USA	other	2024-11-12	12
USA	other	2024-11-13	10
USA	other	2024-11-14	12
USA	other	2024-11-15	21
USA	other	2024-11-16	8
USA	other	2024-11-17	4
USA	other	2024-11-18	21
USA	other	2024-11-19	16
USA	other	2024-11-20	11
USA	other	2024-11-21	6
USA	other	2024-11-22	12
USA	other	2024-11-23	4
USA	other	2024-11-24	6
USA	other	2024-11-25	21
USA	other	2024-11-26	18
USA	other	2024-11-27	17
USA	other	2024-11-28	5
USA	other	2024-11-29	7
USA	other	2024-11-30	14
USA	other	2024-12-01	7
USA	other	2024-12-02	20
USA	other	2024-12-03	23
USA	other	2024-12-04	13
USA	other	2024-12-05	19
USA	other	2024-12-06	12
USA	other	2024-12-07	10
USA	other	2024-12-08	14
USA	other	2024-12-09	29
USA	other	2024-12-10	21
USA	other	2024-12-11	12
USA	other	2024-12-12	17
USA	other	2024-12-13	18
USA	other	2024-12-14	11
USA	other	2024-12-15	14
USA	other	2024-12-16	28
USA	other	2024-12-17	24
USA	other	2024-12-18	24
USA	other	2024-12-19	27
USA	other	2024-12-20	24
USA	other	2024-12-21	23
USA	other	2024-12-22	16
USA	other	2024-12-23	26
USA	other	2024-12-24	22
USA	other	2024-12-25	14
USA	other	2024-12-26	24
USA	other	2024-12-27	23
USA	other	2024-12-28	24
USA	other	2024-12-29	16
USA	other	2024-12-30	31
USA	other	2024-12-31	32
USA	other	2025-01-01	22
USA	other	2025-01-02	26
USA	other	2025-01-03	23
USA	other	2025-01-04	18
USA	other	2025-01-05	13
USA	other	2025-01-06	29
USA	other	2025-01-07	34
USA	other	2025-01-08	23
USA	other	2025-01-09	17
USA	other	2025-01-10	21
USA	other	2025-01-11	10
USA	other	2025-01-12	12
USA	other	2025-01-13	25
USA	other	2025-01-14	19
USA	other	2025-01-15	12
USA	other	2025-01-16	18
USA	other	2025-01-17	19
USA	other	2025-01-18	6
USA	other	2025-01-19	10
USA	other	2025-01-20	15
USA	other	2025-01-21	20
USA	other	2025-01-22	13
USA	other	2025-01-23	23
USA	other	2025-01-24	21
USA	other	2025-01-25	12
USA	other	2025-01-26	15
USA	other	2025-01-27	17
USA	other	2025-01-28	20
USA	other	2025-01-29	21
USA	other	2025-01-30	8
USA	other	2025-01-31	16
USA	other	2025-02-01	11
USA	other	2025-02-02	10
USA	other	2025-02-03	26
USA	other	2025-02-04	22
USA	other	2025-02-05	22
USA	other	2025-02-06	16
USA	other	2025-02-07	5
USA	other	2025-02-08	7
USA	other	2025-02-09	15
USA	other	2025-02-10	20
USA	other	2025-02-11	20
USA	other	2025-02-12	22
USA	other	2025-02-13	10
USA	other	2025-02-14	12
USA	other	2025-02-15	11
USA	other	2025-02-16	9
USA	other	2025-02-17	18
USA	other	2025-02-18	13
USA	other	2025-02-19	10
USA	other	2025-02-20	9
USA	other	2025-02-21	10
USA	other	2025-02-22	15
USA	other	2025-02-23	8
USA	other	2025-02-24	21
USA	other	2025-02-25	11
USA	other	2025-02-26	18
USA	other	2025-02-27	13
USA	other	2025-02-28	15
USA	other	2025-03-01	8
USA	other	2025-03-02	9
USA	other	2025-03-03	12
USA	other	2025-03-04	9
USA	other	2025-03-05	13
USA	other	2025-03-06	13
USA	other	2025-03-07	12
USA	other	2025-03-08	13
USA	other	2025-03-09	4
USA	other	2025-03-10	9
USA	other	2025-03-11	8
USA	other	2025-03-12	5
USA	other	2025-03-13	8
USA	other	2025-03-14	3
USA	other	2025-03-15	1
USA	other	2025-03-16	3
USA	other	2025-03-17	8
USA	other	2025-03-18	18
USA	other	2025-03-19	3
USA	other	2025-03-20	5
USA	other	2025-03-21	4
USA	other	2025-03-22	6
USA	other	2025-03-23	1
USA	other	2025-03-24	10
USA	other	2025-03-25	7
USA	other	2025-03-26	4
USA	other	2025-03-27	9
USA	other	2025-03-28	7
USA	other	2025-03-29	3
USA	other	2025-03-30	6
USA	other	2025-03-31	14
USA	other	2025-04-01	4
USA	other	2025-04-02	8
USA	other	2025-04-03	9
USA	other	2025-04-04	6
USA	other	2025-04-05	6
USA	other	2025-04-06	5
USA	other	2025-04-07	10
USA	other	2025-04-08	6
USA	other	2025-04-09	6
USA	other	2025-04-10	8
USA	other	2025-04-11	5
USA	other	2025-04-12	2
USA	other	2025-04-13	5
USA	other	2025-04-14	14
USA	other	2025-04-15	8
USA	other	2025-04-16	7
USA	other	2025-04-17	7
USA	other	2025-04-18	6
USA	other	2025-04-19	5
USA	other	2025-04-20	1
USA	other	2025-04-21	11
USA	other	2025-04-22	7
USA	other	2025-04-23	4
USA	other	2025-04-24	4
USA	other	2025-04-25	6
USA	other	2025-04-26	2
USA	other	2025-04-27	2
USA	other	2025-04-28	6
USA	other	2025-04-29	4
USA	other	2025-04-30	1
USA	other	2025-05-01	5
USA	other	2025-05-02	1
USA	other	2025-05-03	2
USA	other	2025-05-04	5
USA	other	2025-05-05	3
USA	other	2025-05-06	6
USA	other	2025-05-07	3
USA	other	2025-05-08	8
USA	other	2025-05-09	2
USA	other	2025-05-10	3
USA	other	2025-05-11	3
USA	other	2025-05-12	6
USA	other	2025-05-13	9
USA	other	2025-05-14	14
USA	other	2025-05-15	3
USA	other	2025-05-16	3
USA	other	2025-05-17	4
USA	other	2025-05-18	5
USA	other	2025-05-19	7
USA	other	2025-05-20	9
USA	other	2025-05-21	2
USA	other	2025-05-22	2
USA	other	2025-05-23	0
USA	other	2025-05-24	1
USA	other	2025-05-25	1
USA	other	2025-05-26	5
USA	other	2025-05-27	8
USA	other	2025-05-28	1
USA	other	2025-05-29	1
USA	other	2025-05-30	1
USA	other	2025-05-31	0
USA	other	2025-06-01	2
USA	other	2025-06-02	0
USA	other	2025-06-03	3
USA	other	2025-06-04	1
USA	other	2025-06-05	1
USA	other	2025-06-06	0
USA	other	2025-06-07	0
USA	other	2025-06-08	1
USA	other	2025-06-09	0
USA	other	2025-06-10	0
USA	other	2025-06-11	0
USA	other	2025-06-12	0
USA	other	2025-06-13	0
USA	other	2025-06-14	0
USA	other	2025-06-15	0
USA	other	2025-06-16	0
USA	other	2025-06-17	0
USA	other	2025-06-18	0
USA	other	2025-06-19	0
USA	other	2025-06-20	0
USA	other	2025-06-21	0
USA	other	2025-06-22	0
USA	other	2025-06-23	0
USA	other	2025-06-24	0
USA	other	2025-06-25	0